{
 "type": "FeatureCollection",
 "event": {
  "id": "ep-kolesarstvo-2026",
  "name": "EP v cestnem kolesarstvu 2026",
  "timezone": "Europe/Ljubljana",
  "days": [
   "2026-10-02",
   "2026-10-03",
   "2026-10-04",
   "2026-10-05",
   "2026-10-06",
   "2026-10-07"
  ],
  "defaultTime": "2026-10-03T14:30",
  "center": [
   14.4574165,
   46.171277
  ],
  "zoom": 11,
  "source": "https://roadslovenia2026.si/zapore-in-parkirisca/"
 },
 "features": [
  {
   "type": "Feature",
   "properties": {
    "kind": "closure",
    "name": "Zaključni krog Šenčur–Možjanca–Cerklje, km 0–2",
    "note": "Popolna zapora v času tekmovanj (uradno).",
    "start": "2026-10-02T08:00",
    "end": "2026-10-02T19:00",
    "length_m": 1974
   },
   "geometry": {
    "type": "LineString",
    "coordinates": [
     [
      14.42031,
      46.24944
     ],
     [
      14.420353,
      46.249585
     ],
     [
      14.42037,
      46.24958
     ],
     [
      14.42037,
      46.24962
     ],
     [
      14.4204,
      46.24983
     ],
     [
      14.42041,
      46.24995
     ],
     [
      14.42041,
      46.25004
     ],
     [
      14.42042,
      46.25008
     ],
     [
      14.42042,
      46.25027
     ],
     [
      14.42041,
      46.25038
     ],
     [
      14.4204,
      46.25056
     ],
     [
      14.4204,
      46.25056
     ],
     [
      14.42086,
      46.25055
     ],
     [
      14.42086,
      46.25055
     ],
     [
      14.42091,
      46.25067
     ],
     [
      14.420902,
      46.250675
     ],
     [
      14.42105,
      46.251015
     ],
     [
      14.42127,
      46.25152
     ],
     [
      14.42165,
      46.25232
     ],
     [
      14.42192,
      46.25317
     ],
     [
      14.42224,
      46.25391
     ],
     [
      14.4224,
      46.25421
     ],
     [
      14.42264,
      46.25451
     ],
     [
      14.42273,
      46.25465
     ],
     [
      14.42291,
      46.25509
     ],
     [
      14.42308,
      46.25541
     ],
     [
      14.42324,
      46.2556
     ],
     [
      14.42379,
      46.25613
     ],
     [
      14.42431,
      46.25656
     ],
     [
      14.42487,
      46.25695
     ],
     [
      14.42505,
      46.25706
     ],
     [
      14.42523,
      46.25721
     ],
     [
      14.42539,
      46.25739
     ],
     [
      14.42577,
      46.25787
     ],
     [
      14.42597,
      46.25819
     ],
     [
      14.42618,
      46.25868
     ],
     [
      14.42644,
      46.25918
     ],
     [
      14.4267,
      46.25968
     ],
     [
      14.42706,
      46.26006
     ],
     [
      14.42728,
      46.26037
     ],
     [
      14.42736,
      46.26058
     ],
     [
      14.42748,
      46.26122
     ],
     [
      14.42754,
      46.26133
     ],
     [
      14.42767,
      46.26152
     ],
     [
      14.42801,
      46.261915
     ],
     [
      14.42835,
      46.26231
     ],
     [
      14.42872,
      46.2628
     ],
     [
      14.42909,
      46.26329
     ],
     [
      14.42917,
      46.26349
     ],
     [
      14.42924,
      46.26422
     ],
     [
      14.42933,
      46.26475
     ],
     [
      14.42943,
      46.2655
     ]
    ]
   }
  },
  {
   "type": "Feature",
   "properties": {
    "kind": "closure",
    "name": "Zaključni krog Šenčur–Možjanca–Cerklje, km 2–4",
    "note": "Popolna zapora v času tekmovanj (uradno).",
    "start": "2026-10-02T08:00",
    "end": "2026-10-02T19:00",
    "length_m": 1947
   },
   "geometry": {
    "type": "LineString",
    "coordinates": [
     [
      14.4294,
      46.26614
     ],
     [
      14.42942,
      46.26629
     ],
     [
      14.42947,
      46.26645
     ],
     [
      14.42964,
      46.26671
     ],
     [
      14.43035,
      46.26733
     ],
     [
      14.43057,
      46.2676
     ],
     [
      14.43069,
      46.26775
     ],
     [
      14.43094,
      46.26774
     ],
     [
      14.43106,
      46.2678
     ],
     [
      14.43114,
      46.26785
     ],
     [
      14.43126,
      46.26805
     ],
     [
      14.43158,
      46.26867
     ],
     [
      14.4317,
      46.26898
     ],
     [
      14.43204,
      46.26917
     ],
     [
      14.43224,
      46.26945
     ],
     [
      14.43235,
      46.26956
     ],
     [
      14.43256,
      46.26964
     ],
     [
      14.433,
      46.26969
     ],
     [
      14.43313,
      46.26974
     ],
     [
      14.43329,
      46.26988
     ],
     [
      14.43351,
      46.27046
     ],
     [
      14.4336,
      46.27074
     ],
     [
      14.43371,
      46.27103
     ],
     [
      14.4338,
      46.27117
     ],
     [
      14.4341,
      46.27146
     ],
     [
      14.43423,
      46.27183
     ],
     [
      14.43433,
      46.27201
     ],
     [
      14.43446,
      46.27215
     ],
     [
      14.43457,
      46.27223
     ],
     [
      14.43513,
      46.27259
     ],
     [
      14.43585,
      46.273085
     ],
     [
      14.43657,
      46.27358
     ],
     [
      14.4368,
      46.27372
     ],
     [
      14.437,
      46.27381
     ],
     [
      14.43739,
      46.27392
     ],
     [
      14.4385,
      46.27405
     ],
     [
      14.43881,
      46.27413
     ],
     [
      14.43893,
      46.27422
     ],
     [
      14.43921,
      46.27452
     ],
     [
      14.43924,
      46.27461
     ],
     [
      14.43924,
      46.2748
     ],
     [
      14.4391,
      46.27507
     ],
     [
      14.43903,
      46.27529
     ],
     [
      14.439,
      46.27549
     ],
     [
      14.43903,
      46.27605
     ],
     [
      14.43906,
      46.27661
     ],
     [
      14.43888,
      46.27702
     ],
     [
      14.43882,
      46.27722
     ],
     [
      14.43867,
      46.27742
     ],
     [
      14.43845,
      46.27761
     ],
     [
      14.43819,
      46.27816
     ],
     [
      14.43787,
      46.27872
     ],
     [
      14.43781,
      46.27877
     ],
     [
      14.43771,
      46.27879
     ],
     [
      14.43748,
      46.27879
     ],
     [
      14.43732,
      46.27882
     ],
     [
      14.4372,
      46.27889
     ],
     [
      14.43709,
      46.279
     ],
     [
      14.43698,
      46.27919
     ],
     [
      14.43699,
      46.27944
     ],
     [
      14.43715,
      46.27979
     ],
     [
      14.43708,
      46.27993
     ]
    ]
   }
  },
  {
   "type": "Feature",
   "properties": {
    "kind": "closure",
    "name": "Zaključni krog Šenčur–Možjanca–Cerklje, km 4–6",
    "note": "Popolna zapora v času tekmovanj (uradno).",
    "start": "2026-10-02T08:00",
    "end": "2026-10-02T19:00",
    "length_m": 1910
   },
   "geometry": {
    "type": "LineString",
    "coordinates": [
     [
      14.43672,
      46.28028
     ],
     [
      14.43665,
      46.28038
     ],
     [
      14.43659,
      46.28053
     ],
     [
      14.43655,
      46.28078
     ],
     [
      14.43652,
      46.281395
     ],
     [
      14.43649,
      46.28201
     ],
     [
      14.43646,
      46.28217
     ],
     [
      14.43621,
      46.28301
     ],
     [
      14.43597,
      46.28379
     ],
     [
      14.43593,
      46.28387
     ],
     [
      14.43582,
      46.28395
     ],
     [
      14.43497,
      46.28421
     ],
     [
      14.43478,
      46.28432
     ],
     [
      14.43467,
      46.28441
     ],
     [
      14.43448,
      46.28469
     ],
     [
      14.43408,
      46.2854
     ],
     [
      14.43367,
      46.28583
     ],
     [
      14.43321,
      46.2863
     ],
     [
      14.43281,
      46.286735
     ],
     [
      14.43241,
      46.28717
     ],
     [
      14.43228,
      46.2874
     ],
     [
      14.43224,
      46.28752
     ],
     [
      14.43222,
      46.2877
     ],
     [
      14.432175,
      46.288245
     ],
     [
      14.43213,
      46.28879
     ],
     [
      14.43202,
      46.28933
     ],
     [
      14.43197,
      46.28987
     ],
     [
      14.43193,
      46.29006
     ],
     [
      14.43175,
      46.29062
     ],
     [
      14.43163,
      46.29106
     ],
     [
      14.43145,
      46.29187
     ],
     [
      14.43131,
      46.29268
     ],
     [
      14.43112,
      46.29307
     ],
     [
      14.431,
      46.29315
     ],
     [
      14.43093,
      46.29341
     ],
     [
      14.43063,
      46.29423
     ],
     [
      14.43057,
      46.29437
     ],
     [
      14.43046,
      46.2945
     ],
     [
      14.4303,
      46.29481
     ],
     [
      14.430155,
      46.29534
     ],
     [
      14.43001,
      46.29587
     ],
     [
      14.43068,
      46.29589
     ]
    ]
   }
  },
  {
   "type": "Feature",
   "properties": {
    "kind": "closure",
    "name": "Zaključni krog Šenčur–Možjanca–Cerklje, km 6–8",
    "note": "Popolna zapora v času tekmovanj (uradno).",
    "start": "2026-10-02T08:00",
    "end": "2026-10-02T19:00",
    "length_m": 1983
   },
   "geometry": {
    "type": "LineString",
    "coordinates": [
     [
      14.43135,
      46.29591
     ],
     [
      14.43153,
      46.29595
     ],
     [
      14.43205,
      46.2962
     ],
     [
      14.43217,
      46.29623
     ],
     [
      14.43267,
      46.29626
     ],
     [
      14.433,
      46.29622
     ],
     [
      14.43362,
      46.29609
     ],
     [
      14.43481,
      46.29575
     ],
     [
      14.43523,
      46.29561
     ],
     [
      14.43604,
      46.29527
     ],
     [
      14.4366,
      46.29512
     ],
     [
      14.43683,
      46.29498
     ],
     [
      14.43699,
      46.29494
     ],
     [
      14.43816,
      46.29497
     ],
     [
      14.4385,
      46.29494
     ],
     [
      14.43863,
      46.29484
     ],
     [
      14.43886,
      46.2946
     ],
     [
      14.43944,
      46.29385
     ],
     [
      14.4398,
      46.29346
     ],
     [
      14.43996,
      46.29337
     ],
     [
      14.44019,
      46.2933
     ],
     [
      14.44039,
      46.29319
     ],
     [
      14.44052,
      46.29302
     ],
     [
      14.44059,
      46.29277
     ],
     [
      14.44068,
      46.29262
     ],
     [
      14.4408,
      46.29252
     ],
     [
      14.44108,
      46.29252
     ],
     [
      14.44132,
      46.29256
     ],
     [
      14.4415,
      46.29264
     ],
     [
      14.44165,
      46.29266
     ],
     [
      14.44178,
      46.29261
     ],
     [
      14.44201,
      46.29236
     ],
     [
      14.44228,
      46.29202
     ],
     [
      14.44248,
      46.29199
     ],
     [
      14.44271,
      46.29203
     ],
     [
      14.44334,
      46.29224
     ],
     [
      14.44358,
      46.29226
     ],
     [
      14.44388,
      46.29225
     ],
     [
      14.44404,
      46.29229
     ],
     [
      14.44499,
      46.29262
     ],
     [
      14.44516,
      46.29265
     ],
     [
      14.44537,
      46.29263
     ],
     [
      14.44546,
      46.2926
     ],
     [
      14.44563,
      46.29241
     ],
     [
      14.44578,
      46.29229
     ],
     [
      14.44604,
      46.29215
     ],
     [
      14.44626,
      46.29206
     ],
     [
      14.44699,
      46.29195
     ],
     [
      14.44718,
      46.29197
     ],
     [
      14.44746,
      46.29207
     ],
     [
      14.448,
      46.29232
     ],
     [
      14.44829,
      46.2924
     ],
     [
      14.44916,
      46.29237
     ],
     [
      14.44932,
      46.29241
     ],
     [
      14.4495,
      46.2925
     ],
     [
      14.44989,
      46.29287
     ],
     [
      14.45004,
      46.29305
     ],
     [
      14.45009,
      46.29316
     ],
     [
      14.45014,
      46.29335
     ],
     [
      14.45013,
      46.29345
     ],
     [
      14.45007,
      46.29359
     ],
     [
      14.44979,
      46.294
     ],
     [
      14.44956,
      46.29418
     ],
     [
      14.4496,
      46.29424
     ],
     [
      14.45004,
      46.29431
     ],
     [
      14.4502,
      46.29431
     ],
     [
      14.45048,
      46.29436
     ]
    ]
   }
  },
  {
   "type": "Feature",
   "properties": {
    "kind": "closure",
    "name": "Zaključni krog Šenčur–Možjanca–Cerklje, km 8–10",
    "note": "Popolna zapora v času tekmovanj (uradno).",
    "start": "2026-10-02T08:00",
    "end": "2026-10-02T19:00",
    "length_m": 1949
   },
   "geometry": {
    "type": "LineString",
    "coordinates": [
     [
      14.45094,
      46.29424
     ],
     [
      14.45151,
      46.29403
     ],
     [
      14.45208,
      46.29393
     ],
     [
      14.45289,
      46.29369
     ],
     [
      14.4538,
      46.29359
     ],
     [
      14.45469,
      46.29321
     ],
     [
      14.45503,
      46.293
     ],
     [
      14.45567,
      46.29268
     ],
     [
      14.45593,
      46.29258
     ],
     [
      14.45615,
      46.29252
     ],
     [
      14.4565,
      46.2925
     ],
     [
      14.45685,
      46.29241
     ],
     [
      14.45714,
      46.29237
     ],
     [
      14.4573,
      46.29231
     ],
     [
      14.45774,
      46.29211
     ],
     [
      14.45881,
      46.29176
     ],
     [
      14.45954,
      46.29147
     ],
     [
      14.46043,
      46.29124
     ],
     [
      14.46078,
      46.29119
     ],
     [
      14.46107,
      46.29119
     ],
     [
      14.46175,
      46.29101
     ],
     [
      14.46243,
      46.29083
     ],
     [
      14.46289,
      46.29082
     ],
     [
      14.46343,
      46.29067
     ],
     [
      14.46398,
      46.29058
     ],
     [
      14.46413,
      46.29058
     ],
     [
      14.46438,
      46.29052
     ],
     [
      14.46447,
      46.29046
     ],
     [
      14.46459,
      46.29042
     ],
     [
      14.46491,
      46.29038
     ],
     [
      14.4652,
      46.29038
     ],
     [
      14.46559,
      46.29026
     ],
     [
      14.46576,
      46.29024
     ],
     [
      14.46643,
      46.29022
     ],
     [
      14.46663,
      46.29013
     ],
     [
      14.46686,
      46.29001
     ],
     [
      14.46757,
      46.29002
     ],
     [
      14.46834,
      46.28988
     ],
     [
      14.46854,
      46.2899
     ],
     [
      14.46869,
      46.28998
     ],
     [
      14.46882,
      46.29015
     ],
     [
      14.46892,
      46.29034
     ],
     [
      14.46908,
      46.29042
     ],
     [
      14.4692,
      46.29042
     ],
     [
      14.46937,
      46.29035
     ],
     [
      14.46973,
      46.29014
     ],
     [
      14.47014,
      46.29002
     ],
     [
      14.4709,
      46.28976
     ],
     [
      14.47167,
      46.28952
     ],
     [
      14.47278,
      46.28919
     ],
     [
      14.47389,
      46.28886
     ]
    ]
   }
  },
  {
   "type": "Feature",
   "properties": {
    "kind": "closure",
    "name": "Zaključni krog Šenčur–Možjanca–Cerklje, km 10–12",
    "note": "Popolna zapora v času tekmovanj (uradno).",
    "start": "2026-10-02T08:00",
    "end": "2026-10-02T19:00",
    "length_m": 1964
   },
   "geometry": {
    "type": "LineString",
    "coordinates": [
     [
      14.4743,
      46.28877
     ],
     [
      14.4747,
      46.28861
     ],
     [
      14.47532,
      46.28855
     ],
     [
      14.47544,
      46.28851
     ],
     [
      14.47561,
      46.28836
     ],
     [
      14.47577,
      46.28816
     ],
     [
      14.47603,
      46.288
     ],
     [
      14.47616,
      46.28785
     ],
     [
      14.47626,
      46.2877
     ],
     [
      14.4764,
      46.28756
     ],
     [
      14.47661,
      46.28746
     ],
     [
      14.47714,
      46.28734
     ],
     [
      14.47786,
      46.28726
     ],
     [
      14.47832,
      46.28727
     ],
     [
      14.47857,
      46.28732
     ],
     [
      14.47943,
      46.28754
     ],
     [
      14.47985,
      46.28751
     ],
     [
      14.48039,
      46.28751
     ],
     [
      14.48083,
      46.28742
     ],
     [
      14.48122,
      46.28727
     ],
     [
      14.48165,
      46.28715
     ],
     [
      14.48208,
      46.28707
     ],
     [
      14.48272,
      46.28686
     ],
     [
      14.48291,
      46.28675
     ],
     [
      14.48299,
      46.28673
     ],
     [
      14.48331,
      46.28675
     ],
     [
      14.48342,
      46.28678
     ],
     [
      14.48379,
      46.28678
     ],
     [
      14.48389,
      46.28675
     ],
     [
      14.48401,
      46.28669
     ],
     [
      14.48422,
      46.28665
     ],
     [
      14.48449,
      46.28665
     ],
     [
      14.48474,
      46.28668
     ],
     [
      14.48479,
      46.28662
     ],
     [
      14.48486,
      46.28657
     ],
     [
      14.48511,
      46.28646
     ],
     [
      14.48599,
      46.28627
     ],
     [
      14.48625,
      46.28617
     ],
     [
      14.48667,
      46.28598
     ],
     [
      14.48705,
      46.28577
     ],
     [
      14.48721,
      46.2857
     ],
     [
      14.48811,
      46.28551
     ],
     [
      14.48917,
      46.28548
     ],
     [
      14.49034,
      46.28563
     ],
     [
      14.49059,
      46.28572
     ],
     [
      14.49085,
      46.28586
     ],
     [
      14.49115,
      46.2859
     ],
     [
      14.49173,
      46.28592
     ],
     [
      14.49272,
      46.28583
     ],
     [
      14.49302,
      46.28583
     ],
     [
      14.49348,
      46.28586
     ],
     [
      14.49391,
      46.28597
     ],
     [
      14.49461,
      46.28623
     ],
     [
      14.49498,
      46.28634
     ],
     [
      14.4952,
      46.28639
     ],
     [
      14.49534,
      46.2864
     ],
     [
      14.49544,
      46.28639
     ],
     [
      14.49592,
      46.28613
     ],
     [
      14.49635,
      46.28596
     ],
     [
      14.4968,
      46.28575
     ],
     [
      14.49746,
      46.28555
     ]
    ]
   }
  },
  {
   "type": "Feature",
   "properties": {
    "kind": "closure",
    "name": "Zaključni krog Šenčur–Možjanca–Cerklje, km 12–14",
    "note": "Popolna zapora v času tekmovanj (uradno).",
    "start": "2026-10-02T08:00",
    "end": "2026-10-02T19:00",
    "length_m": 1988
   },
   "geometry": {
    "type": "LineString",
    "coordinates": [
     [
      14.49795,
      46.28548
     ],
     [
      14.49875,
      46.28543
     ],
     [
      14.49913,
      46.28538
     ],
     [
      14.49943,
      46.28528
     ],
     [
      14.49943,
      46.2852
     ],
     [
      14.4994,
      46.28517
     ],
     [
      14.49921,
      46.28513
     ],
     [
      14.49882,
      46.28514
     ],
     [
      14.4984,
      46.28512
     ],
     [
      14.49727,
      46.28501
     ],
     [
      14.49684,
      46.28495
     ],
     [
      14.4962,
      46.28481
     ],
     [
      14.49569,
      46.28463
     ],
     [
      14.49551,
      46.28454
     ],
     [
      14.49518,
      46.28432
     ],
     [
      14.49503,
      46.28418
     ],
     [
      14.49494,
      46.28407
     ],
     [
      14.49487,
      46.28395
     ],
     [
      14.49477,
      46.28365
     ],
     [
      14.49462,
      46.28331
     ],
     [
      14.49461,
      46.28297
     ],
     [
      14.49472,
      46.28259
     ],
     [
      14.49477,
      46.28215
     ],
     [
      14.49493,
      46.28141
     ],
     [
      14.49513,
      46.28117
     ],
     [
      14.49527,
      46.28104
     ],
     [
      14.49545,
      46.28083
     ],
     [
      14.4957,
      46.28049
     ],
     [
      14.49586,
      46.28022
     ],
     [
      14.496,
      46.2801
     ],
     [
      14.49634,
      46.27987
     ],
     [
      14.49683,
      46.27964
     ],
     [
      14.49692,
      46.27952
     ],
     [
      14.49697,
      46.27934
     ],
     [
      14.49698,
      46.27914
     ],
     [
      14.49727,
      46.2786
     ],
     [
      14.49729,
      46.27854
     ],
     [
      14.49728,
      46.27844
     ],
     [
      14.49724,
      46.27836
     ],
     [
      14.49694,
      46.27816
     ],
     [
      14.49688,
      46.2781
     ],
     [
      14.49685,
      46.27806
     ],
     [
      14.49682,
      46.27785
     ],
     [
      14.49677,
      46.27776
     ],
     [
      14.49627,
      46.27725
     ],
     [
      14.49613,
      46.27703
     ],
     [
      14.49611,
      46.27692
     ],
     [
      14.49612,
      46.27667
     ],
     [
      14.49609,
      46.27654
     ],
     [
      14.49604,
      46.27645
     ],
     [
      14.49572,
      46.27609
     ],
     [
      14.49539,
      46.27584
     ],
     [
      14.4953,
      46.27575
     ],
     [
      14.49522,
      46.27564
     ],
     [
      14.49512,
      46.27538
     ],
     [
      14.49504,
      46.27524
     ],
     [
      14.4947,
      46.27494
     ],
     [
      14.49462,
      46.27485
     ],
     [
      14.49449,
      46.27459
     ],
     [
      14.49411,
      46.2741
     ],
     [
      14.49399,
      46.27383
     ],
     [
      14.49392,
      46.27353
     ],
     [
      14.49369,
      46.272995
     ],
     [
      14.49346,
      46.27246
     ],
     [
      14.49321,
      46.27203
     ]
    ]
   }
  },
  {
   "type": "Feature",
   "properties": {
    "kind": "closure",
    "name": "Zaključni krog Šenčur–Možjanca–Cerklje, km 14–16",
    "note": "Popolna zapora v času tekmovanj (uradno).",
    "start": "2026-10-02T08:00",
    "end": "2026-10-02T19:00",
    "length_m": 1921
   },
   "geometry": {
    "type": "LineString",
    "coordinates": [
     [
      14.49296,
      46.2716
     ],
     [
      14.49264,
      46.2712
     ],
     [
      14.49252,
      46.27083
     ],
     [
      14.49246,
      46.27047
     ],
     [
      14.49243,
      46.26985
     ],
     [
      14.49252,
      46.26948
     ],
     [
      14.49265,
      46.26913
     ],
     [
      14.49295,
      46.268665
     ],
     [
      14.49325,
      46.2682
     ],
     [
      14.49327,
      46.26765
     ],
     [
      14.4933,
      46.26741
     ],
     [
      14.49369,
      46.26685
     ],
     [
      14.49389,
      46.26644
     ],
     [
      14.49414,
      46.26558
     ],
     [
      14.49422,
      46.2654
     ],
     [
      14.49422,
      46.26533
     ],
     [
      14.49419,
      46.2652
     ],
     [
      14.49414,
      46.26515
     ],
     [
      14.49362,
      46.26488
     ],
     [
      14.49346,
      46.26477
     ],
     [
      14.49324,
      46.2642
     ],
     [
      14.49323,
      46.26406
     ],
     [
      14.49325,
      46.26388
     ],
     [
      14.49332,
      46.26373
     ],
     [
      14.49334,
      46.26352
     ],
     [
      14.49332,
      46.26338
     ],
     [
      14.49326,
      46.26321
     ],
     [
      14.49325,
      46.26311
     ],
     [
      14.49335,
      46.26279
     ],
     [
      14.49338,
      46.26262
     ],
     [
      14.49336,
      46.26249
     ],
     [
      14.49325,
      46.26231
     ],
     [
      14.492855,
      46.261895
     ],
     [
      14.49246,
      46.26148
     ],
     [
      14.49232,
      46.26131
     ],
     [
      14.49202,
      46.26085
     ],
     [
      14.49211,
      46.26101
     ],
     [
      14.49202,
      46.26085
     ],
     [
      14.49147,
      46.26094
     ],
     [
      14.49112,
      46.26098
     ],
     [
      14.49037,
      46.26111
     ],
     [
      14.48916,
      46.26114
     ],
     [
      14.48826,
      46.2612
     ],
     [
      14.48759,
      46.26137
     ],
     [
      14.48716,
      46.26137
     ],
     [
      14.4865,
      46.2613
     ],
     [
      14.48617,
      46.26132
     ],
     [
      14.48576,
      46.26143
     ],
     [
      14.48547,
      46.26147
     ],
     [
      14.484315,
      46.261465
     ]
    ]
   }
  },
  {
   "type": "Feature",
   "properties": {
    "kind": "closure",
    "name": "Zaključni krog Šenčur–Možjanca–Cerklje, km 16–18",
    "note": "Popolna zapora v času tekmovanj (uradno).",
    "start": "2026-10-02T08:00",
    "end": "2026-10-02T19:00",
    "length_m": 1941
   },
   "geometry": {
    "type": "LineString",
    "coordinates": [
     [
      14.48316,
      46.26146
     ],
     [
      14.482215,
      46.261485
     ],
     [
      14.48127,
      46.26151
     ],
     [
      14.480525,
      46.26154
     ],
     [
      14.47978,
      46.26157
     ],
     [
      14.478795,
      46.26169
     ],
     [
      14.47781,
      46.26181
     ],
     [
      14.476825,
      46.26193
     ],
     [
      14.47584,
      46.26205
     ],
     [
      14.47483,
      46.262195
     ],
     [
      14.47382,
      46.26234
     ],
     [
      14.47284,
      46.262455
     ],
     [
      14.47186,
      46.26257
     ],
     [
      14.47117,
      46.26264
     ],
     [
      14.47088,
      46.26266
     ],
     [
      14.47012,
      46.26262
     ],
     [
      14.46976,
      46.26258
     ],
     [
      14.46871,
      46.26254
     ],
     [
      14.46766,
      46.2625
     ],
     [
      14.46667,
      46.26251
     ],
     [
      14.465685,
      46.262495
     ],
     [
      14.4647,
      46.26248
     ],
     [
      14.46444,
      46.26249
     ],
     [
      14.46417,
      46.26253
     ],
     [
      14.46406,
      46.26257
     ],
     [
      14.46371,
      46.26277
     ],
     [
      14.4632,
      46.26315
     ],
     [
      14.46301,
      46.26327
     ],
     [
      14.46264,
      46.2634
     ],
     [
      14.46192,
      46.263505
     ],
     [
      14.4612,
      46.26361
     ],
     [
      14.46047,
      46.26374
     ],
     [
      14.46005,
      46.26384
     ],
     [
      14.45986,
      46.2639
     ],
     [
      14.45955,
      46.26402
     ],
     [
      14.45934,
      46.26414
     ],
     [
      14.45934,
      46.26414
     ],
     [
      14.45924,
      46.2642
     ],
     [
      14.45916,
      46.26426
     ],
     [
      14.45895,
      46.26438
     ],
     [
      14.45895,
      46.26438
     ],
     [
      14.45895,
      46.26438
     ],
     [
      14.45893,
      46.26439
     ],
     [
      14.4589,
      46.26439
     ]
    ]
   }
  },
  {
   "type": "Feature",
   "properties": {
    "kind": "closure",
    "name": "Zaključni krog Šenčur–Možjanca–Cerklje, km 18–20",
    "note": "Popolna zapora v času tekmovanj (uradno).",
    "start": "2026-10-02T08:00",
    "end": "2026-10-02T19:00",
    "length_m": 1981
   },
   "geometry": {
    "type": "LineString",
    "coordinates": [
     [
      14.45872,
      46.26428
     ],
     [
      14.45865,
      46.26416
     ],
     [
      14.45836,
      46.26364
     ],
     [
      14.458063,
      46.263073
     ],
     [
      14.457767,
      46.262507
     ],
     [
      14.45747,
      46.26194
     ],
     [
      14.45715,
      46.26194
     ],
     [
      14.45696,
      46.26196
     ],
     [
      14.45641,
      46.26207
     ],
     [
      14.45606,
      46.26207
     ],
     [
      14.45585,
      46.26204
     ],
     [
      14.45467,
      46.26175
     ],
     [
      14.45354,
      46.26153
     ],
     [
      14.45237,
      46.26131
     ],
     [
      14.4512,
      46.26109
     ],
     [
      14.45023,
      46.260855
     ],
     [
      14.44926,
      46.26062
     ],
     [
      14.44901,
      46.2606
     ],
     [
      14.44862,
      46.26062
     ],
     [
      14.4483,
      46.26066
     ],
     [
      14.44712,
      46.26092
     ],
     [
      14.44682,
      46.26097
     ],
     [
      14.44621,
      46.26099
     ],
     [
      14.44592,
      46.26097
     ],
     [
      14.444827,
      46.260783
     ],
     [
      14.443733,
      46.260597
     ],
     [
      14.44264,
      46.26041
     ],
     [
      14.44229,
      46.26032
     ],
     [
      14.44195,
      46.2602
     ],
     [
      14.44129,
      46.25993
     ],
     [
      14.440352,
      46.25947
     ],
     [
      14.439415,
      46.25901
     ],
     [
      14.438477,
      46.25855
     ],
     [
      14.43754,
      46.25809
     ],
     [
      14.43694,
      46.25784
     ]
    ]
   }
  },
  {
   "type": "Feature",
   "properties": {
    "kind": "closure",
    "name": "Zaključni krog Šenčur–Možjanca–Cerklje, km 20–22",
    "note": "Popolna zapora v času tekmovanj (uradno).",
    "start": "2026-10-02T08:00",
    "end": "2026-10-02T19:00",
    "length_m": 1968
   },
   "geometry": {
    "type": "LineString",
    "coordinates": [
     [
      14.43672,
      46.25777
     ],
     [
      14.4359,
      46.25762
     ],
     [
      14.43559,
      46.25753
     ],
     [
      14.434625,
      46.257195
     ],
     [
      14.43366,
      46.25686
     ],
     [
      14.433015,
      46.25647
     ],
     [
      14.43237,
      46.25608
     ],
     [
      14.43141,
      46.25557
     ],
     [
      14.43045,
      46.25506
     ],
     [
      14.42982,
      46.25461
     ],
     [
      14.42925,
      46.25424
     ],
     [
      14.42868,
      46.25387
     ],
     [
      14.428,
      46.2534
     ],
     [
      14.4275,
      46.252995
     ],
     [
      14.427,
      46.25259
     ],
     [
      14.42623,
      46.252055
     ],
     [
      14.42546,
      46.25152
     ],
     [
      14.4248,
      46.25083
     ],
     [
      14.42443,
      46.25042
     ],
     [
      14.42419,
      46.25009
     ],
     [
      14.4239,
      46.24945
     ],
     [
      14.42381,
      46.24932
     ],
     [
      14.42368,
      46.2492
     ],
     [
      14.42356,
      46.24913
     ],
     [
      14.42294,
      46.24889
     ],
     [
      14.42269,
      46.24872
     ],
     [
      14.422035,
      46.248245
     ],
     [
      14.42138,
      46.24777
     ],
     [
      14.42094,
      46.24743
     ],
     [
      14.4205,
      46.24714
     ],
     [
      14.42038,
      46.24704
     ],
     [
      14.4203,
      46.24697
     ],
     [
      14.42028,
      46.24713
     ],
     [
      14.42013,
      46.24745
     ],
     [
      14.42008,
      46.24761
     ],
     [
      14.42013,
      46.24824
     ],
     [
      14.42012,
      46.24868
     ]
    ]
   }
  },
  {
   "type": "Feature",
   "properties": {
    "kind": "closure",
    "name": "Zaključni krog Šenčur–Možjanca–Cerklje, km 0–2",
    "note": "Popolna zapora v času tekmovanj (uradno).",
    "start": "2026-10-03T08:00",
    "end": "2026-10-03T19:00",
    "length_m": 1974
   },
   "geometry": {
    "type": "LineString",
    "coordinates": [
     [
      14.42031,
      46.24944
     ],
     [
      14.420353,
      46.249585
     ],
     [
      14.42037,
      46.24958
     ],
     [
      14.42037,
      46.24962
     ],
     [
      14.4204,
      46.24983
     ],
     [
      14.42041,
      46.24995
     ],
     [
      14.42041,
      46.25004
     ],
     [
      14.42042,
      46.25008
     ],
     [
      14.42042,
      46.25027
     ],
     [
      14.42041,
      46.25038
     ],
     [
      14.4204,
      46.25056
     ],
     [
      14.4204,
      46.25056
     ],
     [
      14.42086,
      46.25055
     ],
     [
      14.42086,
      46.25055
     ],
     [
      14.42091,
      46.25067
     ],
     [
      14.420902,
      46.250675
     ],
     [
      14.42105,
      46.251015
     ],
     [
      14.42127,
      46.25152
     ],
     [
      14.42165,
      46.25232
     ],
     [
      14.42192,
      46.25317
     ],
     [
      14.42224,
      46.25391
     ],
     [
      14.4224,
      46.25421
     ],
     [
      14.42264,
      46.25451
     ],
     [
      14.42273,
      46.25465
     ],
     [
      14.42291,
      46.25509
     ],
     [
      14.42308,
      46.25541
     ],
     [
      14.42324,
      46.2556
     ],
     [
      14.42379,
      46.25613
     ],
     [
      14.42431,
      46.25656
     ],
     [
      14.42487,
      46.25695
     ],
     [
      14.42505,
      46.25706
     ],
     [
      14.42523,
      46.25721
     ],
     [
      14.42539,
      46.25739
     ],
     [
      14.42577,
      46.25787
     ],
     [
      14.42597,
      46.25819
     ],
     [
      14.42618,
      46.25868
     ],
     [
      14.42644,
      46.25918
     ],
     [
      14.4267,
      46.25968
     ],
     [
      14.42706,
      46.26006
     ],
     [
      14.42728,
      46.26037
     ],
     [
      14.42736,
      46.26058
     ],
     [
      14.42748,
      46.26122
     ],
     [
      14.42754,
      46.26133
     ],
     [
      14.42767,
      46.26152
     ],
     [
      14.42801,
      46.261915
     ],
     [
      14.42835,
      46.26231
     ],
     [
      14.42872,
      46.2628
     ],
     [
      14.42909,
      46.26329
     ],
     [
      14.42917,
      46.26349
     ],
     [
      14.42924,
      46.26422
     ],
     [
      14.42933,
      46.26475
     ],
     [
      14.42943,
      46.2655
     ]
    ]
   }
  },
  {
   "type": "Feature",
   "properties": {
    "kind": "closure",
    "name": "Zaključni krog Šenčur–Možjanca–Cerklje, km 2–4",
    "note": "Popolna zapora v času tekmovanj (uradno).",
    "start": "2026-10-03T08:00",
    "end": "2026-10-03T19:00",
    "length_m": 1947
   },
   "geometry": {
    "type": "LineString",
    "coordinates": [
     [
      14.4294,
      46.26614
     ],
     [
      14.42942,
      46.26629
     ],
     [
      14.42947,
      46.26645
     ],
     [
      14.42964,
      46.26671
     ],
     [
      14.43035,
      46.26733
     ],
     [
      14.43057,
      46.2676
     ],
     [
      14.43069,
      46.26775
     ],
     [
      14.43094,
      46.26774
     ],
     [
      14.43106,
      46.2678
     ],
     [
      14.43114,
      46.26785
     ],
     [
      14.43126,
      46.26805
     ],
     [
      14.43158,
      46.26867
     ],
     [
      14.4317,
      46.26898
     ],
     [
      14.43204,
      46.26917
     ],
     [
      14.43224,
      46.26945
     ],
     [
      14.43235,
      46.26956
     ],
     [
      14.43256,
      46.26964
     ],
     [
      14.433,
      46.26969
     ],
     [
      14.43313,
      46.26974
     ],
     [
      14.43329,
      46.26988
     ],
     [
      14.43351,
      46.27046
     ],
     [
      14.4336,
      46.27074
     ],
     [
      14.43371,
      46.27103
     ],
     [
      14.4338,
      46.27117
     ],
     [
      14.4341,
      46.27146
     ],
     [
      14.43423,
      46.27183
     ],
     [
      14.43433,
      46.27201
     ],
     [
      14.43446,
      46.27215
     ],
     [
      14.43457,
      46.27223
     ],
     [
      14.43513,
      46.27259
     ],
     [
      14.43585,
      46.273085
     ],
     [
      14.43657,
      46.27358
     ],
     [
      14.4368,
      46.27372
     ],
     [
      14.437,
      46.27381
     ],
     [
      14.43739,
      46.27392
     ],
     [
      14.4385,
      46.27405
     ],
     [
      14.43881,
      46.27413
     ],
     [
      14.43893,
      46.27422
     ],
     [
      14.43921,
      46.27452
     ],
     [
      14.43924,
      46.27461
     ],
     [
      14.43924,
      46.2748
     ],
     [
      14.4391,
      46.27507
     ],
     [
      14.43903,
      46.27529
     ],
     [
      14.439,
      46.27549
     ],
     [
      14.43903,
      46.27605
     ],
     [
      14.43906,
      46.27661
     ],
     [
      14.43888,
      46.27702
     ],
     [
      14.43882,
      46.27722
     ],
     [
      14.43867,
      46.27742
     ],
     [
      14.43845,
      46.27761
     ],
     [
      14.43819,
      46.27816
     ],
     [
      14.43787,
      46.27872
     ],
     [
      14.43781,
      46.27877
     ],
     [
      14.43771,
      46.27879
     ],
     [
      14.43748,
      46.27879
     ],
     [
      14.43732,
      46.27882
     ],
     [
      14.4372,
      46.27889
     ],
     [
      14.43709,
      46.279
     ],
     [
      14.43698,
      46.27919
     ],
     [
      14.43699,
      46.27944
     ],
     [
      14.43715,
      46.27979
     ],
     [
      14.43708,
      46.27993
     ]
    ]
   }
  },
  {
   "type": "Feature",
   "properties": {
    "kind": "closure",
    "name": "Zaključni krog Šenčur–Možjanca–Cerklje, km 4–6",
    "note": "Popolna zapora v času tekmovanj (uradno).",
    "start": "2026-10-03T08:00",
    "end": "2026-10-03T19:00",
    "length_m": 1910
   },
   "geometry": {
    "type": "LineString",
    "coordinates": [
     [
      14.43672,
      46.28028
     ],
     [
      14.43665,
      46.28038
     ],
     [
      14.43659,
      46.28053
     ],
     [
      14.43655,
      46.28078
     ],
     [
      14.43652,
      46.281395
     ],
     [
      14.43649,
      46.28201
     ],
     [
      14.43646,
      46.28217
     ],
     [
      14.43621,
      46.28301
     ],
     [
      14.43597,
      46.28379
     ],
     [
      14.43593,
      46.28387
     ],
     [
      14.43582,
      46.28395
     ],
     [
      14.43497,
      46.28421
     ],
     [
      14.43478,
      46.28432
     ],
     [
      14.43467,
      46.28441
     ],
     [
      14.43448,
      46.28469
     ],
     [
      14.43408,
      46.2854
     ],
     [
      14.43367,
      46.28583
     ],
     [
      14.43321,
      46.2863
     ],
     [
      14.43281,
      46.286735
     ],
     [
      14.43241,
      46.28717
     ],
     [
      14.43228,
      46.2874
     ],
     [
      14.43224,
      46.28752
     ],
     [
      14.43222,
      46.2877
     ],
     [
      14.432175,
      46.288245
     ],
     [
      14.43213,
      46.28879
     ],
     [
      14.43202,
      46.28933
     ],
     [
      14.43197,
      46.28987
     ],
     [
      14.43193,
      46.29006
     ],
     [
      14.43175,
      46.29062
     ],
     [
      14.43163,
      46.29106
     ],
     [
      14.43145,
      46.29187
     ],
     [
      14.43131,
      46.29268
     ],
     [
      14.43112,
      46.29307
     ],
     [
      14.431,
      46.29315
     ],
     [
      14.43093,
      46.29341
     ],
     [
      14.43063,
      46.29423
     ],
     [
      14.43057,
      46.29437
     ],
     [
      14.43046,
      46.2945
     ],
     [
      14.4303,
      46.29481
     ],
     [
      14.430155,
      46.29534
     ],
     [
      14.43001,
      46.29587
     ],
     [
      14.43068,
      46.29589
     ]
    ]
   }
  },
  {
   "type": "Feature",
   "properties": {
    "kind": "closure",
    "name": "Zaključni krog Šenčur–Možjanca–Cerklje, km 6–8",
    "note": "Popolna zapora v času tekmovanj (uradno).",
    "start": "2026-10-03T08:00",
    "end": "2026-10-03T19:00",
    "length_m": 1983
   },
   "geometry": {
    "type": "LineString",
    "coordinates": [
     [
      14.43135,
      46.29591
     ],
     [
      14.43153,
      46.29595
     ],
     [
      14.43205,
      46.2962
     ],
     [
      14.43217,
      46.29623
     ],
     [
      14.43267,
      46.29626
     ],
     [
      14.433,
      46.29622
     ],
     [
      14.43362,
      46.29609
     ],
     [
      14.43481,
      46.29575
     ],
     [
      14.43523,
      46.29561
     ],
     [
      14.43604,
      46.29527
     ],
     [
      14.4366,
      46.29512
     ],
     [
      14.43683,
      46.29498
     ],
     [
      14.43699,
      46.29494
     ],
     [
      14.43816,
      46.29497
     ],
     [
      14.4385,
      46.29494
     ],
     [
      14.43863,
      46.29484
     ],
     [
      14.43886,
      46.2946
     ],
     [
      14.43944,
      46.29385
     ],
     [
      14.4398,
      46.29346
     ],
     [
      14.43996,
      46.29337
     ],
     [
      14.44019,
      46.2933
     ],
     [
      14.44039,
      46.29319
     ],
     [
      14.44052,
      46.29302
     ],
     [
      14.44059,
      46.29277
     ],
     [
      14.44068,
      46.29262
     ],
     [
      14.4408,
      46.29252
     ],
     [
      14.44108,
      46.29252
     ],
     [
      14.44132,
      46.29256
     ],
     [
      14.4415,
      46.29264
     ],
     [
      14.44165,
      46.29266
     ],
     [
      14.44178,
      46.29261
     ],
     [
      14.44201,
      46.29236
     ],
     [
      14.44228,
      46.29202
     ],
     [
      14.44248,
      46.29199
     ],
     [
      14.44271,
      46.29203
     ],
     [
      14.44334,
      46.29224
     ],
     [
      14.44358,
      46.29226
     ],
     [
      14.44388,
      46.29225
     ],
     [
      14.44404,
      46.29229
     ],
     [
      14.44499,
      46.29262
     ],
     [
      14.44516,
      46.29265
     ],
     [
      14.44537,
      46.29263
     ],
     [
      14.44546,
      46.2926
     ],
     [
      14.44563,
      46.29241
     ],
     [
      14.44578,
      46.29229
     ],
     [
      14.44604,
      46.29215
     ],
     [
      14.44626,
      46.29206
     ],
     [
      14.44699,
      46.29195
     ],
     [
      14.44718,
      46.29197
     ],
     [
      14.44746,
      46.29207
     ],
     [
      14.448,
      46.29232
     ],
     [
      14.44829,
      46.2924
     ],
     [
      14.44916,
      46.29237
     ],
     [
      14.44932,
      46.29241
     ],
     [
      14.4495,
      46.2925
     ],
     [
      14.44989,
      46.29287
     ],
     [
      14.45004,
      46.29305
     ],
     [
      14.45009,
      46.29316
     ],
     [
      14.45014,
      46.29335
     ],
     [
      14.45013,
      46.29345
     ],
     [
      14.45007,
      46.29359
     ],
     [
      14.44979,
      46.294
     ],
     [
      14.44956,
      46.29418
     ],
     [
      14.4496,
      46.29424
     ],
     [
      14.45004,
      46.29431
     ],
     [
      14.4502,
      46.29431
     ],
     [
      14.45048,
      46.29436
     ]
    ]
   }
  },
  {
   "type": "Feature",
   "properties": {
    "kind": "closure",
    "name": "Zaključni krog Šenčur–Možjanca–Cerklje, km 8–10",
    "note": "Popolna zapora v času tekmovanj (uradno).",
    "start": "2026-10-03T08:00",
    "end": "2026-10-03T19:00",
    "length_m": 1949
   },
   "geometry": {
    "type": "LineString",
    "coordinates": [
     [
      14.45094,
      46.29424
     ],
     [
      14.45151,
      46.29403
     ],
     [
      14.45208,
      46.29393
     ],
     [
      14.45289,
      46.29369
     ],
     [
      14.4538,
      46.29359
     ],
     [
      14.45469,
      46.29321
     ],
     [
      14.45503,
      46.293
     ],
     [
      14.45567,
      46.29268
     ],
     [
      14.45593,
      46.29258
     ],
     [
      14.45615,
      46.29252
     ],
     [
      14.4565,
      46.2925
     ],
     [
      14.45685,
      46.29241
     ],
     [
      14.45714,
      46.29237
     ],
     [
      14.4573,
      46.29231
     ],
     [
      14.45774,
      46.29211
     ],
     [
      14.45881,
      46.29176
     ],
     [
      14.45954,
      46.29147
     ],
     [
      14.46043,
      46.29124
     ],
     [
      14.46078,
      46.29119
     ],
     [
      14.46107,
      46.29119
     ],
     [
      14.46175,
      46.29101
     ],
     [
      14.46243,
      46.29083
     ],
     [
      14.46289,
      46.29082
     ],
     [
      14.46343,
      46.29067
     ],
     [
      14.46398,
      46.29058
     ],
     [
      14.46413,
      46.29058
     ],
     [
      14.46438,
      46.29052
     ],
     [
      14.46447,
      46.29046
     ],
     [
      14.46459,
      46.29042
     ],
     [
      14.46491,
      46.29038
     ],
     [
      14.4652,
      46.29038
     ],
     [
      14.46559,
      46.29026
     ],
     [
      14.46576,
      46.29024
     ],
     [
      14.46643,
      46.29022
     ],
     [
      14.46663,
      46.29013
     ],
     [
      14.46686,
      46.29001
     ],
     [
      14.46757,
      46.29002
     ],
     [
      14.46834,
      46.28988
     ],
     [
      14.46854,
      46.2899
     ],
     [
      14.46869,
      46.28998
     ],
     [
      14.46882,
      46.29015
     ],
     [
      14.46892,
      46.29034
     ],
     [
      14.46908,
      46.29042
     ],
     [
      14.4692,
      46.29042
     ],
     [
      14.46937,
      46.29035
     ],
     [
      14.46973,
      46.29014
     ],
     [
      14.47014,
      46.29002
     ],
     [
      14.4709,
      46.28976
     ],
     [
      14.47167,
      46.28952
     ],
     [
      14.47278,
      46.28919
     ],
     [
      14.47389,
      46.28886
     ]
    ]
   }
  },
  {
   "type": "Feature",
   "properties": {
    "kind": "closure",
    "name": "Zaključni krog Šenčur–Možjanca–Cerklje, km 10–12",
    "note": "Popolna zapora v času tekmovanj (uradno).",
    "start": "2026-10-03T08:00",
    "end": "2026-10-03T19:00",
    "length_m": 1964
   },
   "geometry": {
    "type": "LineString",
    "coordinates": [
     [
      14.4743,
      46.28877
     ],
     [
      14.4747,
      46.28861
     ],
     [
      14.47532,
      46.28855
     ],
     [
      14.47544,
      46.28851
     ],
     [
      14.47561,
      46.28836
     ],
     [
      14.47577,
      46.28816
     ],
     [
      14.47603,
      46.288
     ],
     [
      14.47616,
      46.28785
     ],
     [
      14.47626,
      46.2877
     ],
     [
      14.4764,
      46.28756
     ],
     [
      14.47661,
      46.28746
     ],
     [
      14.47714,
      46.28734
     ],
     [
      14.47786,
      46.28726
     ],
     [
      14.47832,
      46.28727
     ],
     [
      14.47857,
      46.28732
     ],
     [
      14.47943,
      46.28754
     ],
     [
      14.47985,
      46.28751
     ],
     [
      14.48039,
      46.28751
     ],
     [
      14.48083,
      46.28742
     ],
     [
      14.48122,
      46.28727
     ],
     [
      14.48165,
      46.28715
     ],
     [
      14.48208,
      46.28707
     ],
     [
      14.48272,
      46.28686
     ],
     [
      14.48291,
      46.28675
     ],
     [
      14.48299,
      46.28673
     ],
     [
      14.48331,
      46.28675
     ],
     [
      14.48342,
      46.28678
     ],
     [
      14.48379,
      46.28678
     ],
     [
      14.48389,
      46.28675
     ],
     [
      14.48401,
      46.28669
     ],
     [
      14.48422,
      46.28665
     ],
     [
      14.48449,
      46.28665
     ],
     [
      14.48474,
      46.28668
     ],
     [
      14.48479,
      46.28662
     ],
     [
      14.48486,
      46.28657
     ],
     [
      14.48511,
      46.28646
     ],
     [
      14.48599,
      46.28627
     ],
     [
      14.48625,
      46.28617
     ],
     [
      14.48667,
      46.28598
     ],
     [
      14.48705,
      46.28577
     ],
     [
      14.48721,
      46.2857
     ],
     [
      14.48811,
      46.28551
     ],
     [
      14.48917,
      46.28548
     ],
     [
      14.49034,
      46.28563
     ],
     [
      14.49059,
      46.28572
     ],
     [
      14.49085,
      46.28586
     ],
     [
      14.49115,
      46.2859
     ],
     [
      14.49173,
      46.28592
     ],
     [
      14.49272,
      46.28583
     ],
     [
      14.49302,
      46.28583
     ],
     [
      14.49348,
      46.28586
     ],
     [
      14.49391,
      46.28597
     ],
     [
      14.49461,
      46.28623
     ],
     [
      14.49498,
      46.28634
     ],
     [
      14.4952,
      46.28639
     ],
     [
      14.49534,
      46.2864
     ],
     [
      14.49544,
      46.28639
     ],
     [
      14.49592,
      46.28613
     ],
     [
      14.49635,
      46.28596
     ],
     [
      14.4968,
      46.28575
     ],
     [
      14.49746,
      46.28555
     ]
    ]
   }
  },
  {
   "type": "Feature",
   "properties": {
    "kind": "closure",
    "name": "Zaključni krog Šenčur–Možjanca–Cerklje, km 12–14",
    "note": "Popolna zapora v času tekmovanj (uradno).",
    "start": "2026-10-03T08:00",
    "end": "2026-10-03T19:00",
    "length_m": 1988
   },
   "geometry": {
    "type": "LineString",
    "coordinates": [
     [
      14.49795,
      46.28548
     ],
     [
      14.49875,
      46.28543
     ],
     [
      14.49913,
      46.28538
     ],
     [
      14.49943,
      46.28528
     ],
     [
      14.49943,
      46.2852
     ],
     [
      14.4994,
      46.28517
     ],
     [
      14.49921,
      46.28513
     ],
     [
      14.49882,
      46.28514
     ],
     [
      14.4984,
      46.28512
     ],
     [
      14.49727,
      46.28501
     ],
     [
      14.49684,
      46.28495
     ],
     [
      14.4962,
      46.28481
     ],
     [
      14.49569,
      46.28463
     ],
     [
      14.49551,
      46.28454
     ],
     [
      14.49518,
      46.28432
     ],
     [
      14.49503,
      46.28418
     ],
     [
      14.49494,
      46.28407
     ],
     [
      14.49487,
      46.28395
     ],
     [
      14.49477,
      46.28365
     ],
     [
      14.49462,
      46.28331
     ],
     [
      14.49461,
      46.28297
     ],
     [
      14.49472,
      46.28259
     ],
     [
      14.49477,
      46.28215
     ],
     [
      14.49493,
      46.28141
     ],
     [
      14.49513,
      46.28117
     ],
     [
      14.49527,
      46.28104
     ],
     [
      14.49545,
      46.28083
     ],
     [
      14.4957,
      46.28049
     ],
     [
      14.49586,
      46.28022
     ],
     [
      14.496,
      46.2801
     ],
     [
      14.49634,
      46.27987
     ],
     [
      14.49683,
      46.27964
     ],
     [
      14.49692,
      46.27952
     ],
     [
      14.49697,
      46.27934
     ],
     [
      14.49698,
      46.27914
     ],
     [
      14.49727,
      46.2786
     ],
     [
      14.49729,
      46.27854
     ],
     [
      14.49728,
      46.27844
     ],
     [
      14.49724,
      46.27836
     ],
     [
      14.49694,
      46.27816
     ],
     [
      14.49688,
      46.2781
     ],
     [
      14.49685,
      46.27806
     ],
     [
      14.49682,
      46.27785
     ],
     [
      14.49677,
      46.27776
     ],
     [
      14.49627,
      46.27725
     ],
     [
      14.49613,
      46.27703
     ],
     [
      14.49611,
      46.27692
     ],
     [
      14.49612,
      46.27667
     ],
     [
      14.49609,
      46.27654
     ],
     [
      14.49604,
      46.27645
     ],
     [
      14.49572,
      46.27609
     ],
     [
      14.49539,
      46.27584
     ],
     [
      14.4953,
      46.27575
     ],
     [
      14.49522,
      46.27564
     ],
     [
      14.49512,
      46.27538
     ],
     [
      14.49504,
      46.27524
     ],
     [
      14.4947,
      46.27494
     ],
     [
      14.49462,
      46.27485
     ],
     [
      14.49449,
      46.27459
     ],
     [
      14.49411,
      46.2741
     ],
     [
      14.49399,
      46.27383
     ],
     [
      14.49392,
      46.27353
     ],
     [
      14.49369,
      46.272995
     ],
     [
      14.49346,
      46.27246
     ],
     [
      14.49321,
      46.27203
     ]
    ]
   }
  },
  {
   "type": "Feature",
   "properties": {
    "kind": "closure",
    "name": "Zaključni krog Šenčur–Možjanca–Cerklje, km 14–16",
    "note": "Popolna zapora v času tekmovanj (uradno).",
    "start": "2026-10-03T08:00",
    "end": "2026-10-03T19:00",
    "length_m": 1921
   },
   "geometry": {
    "type": "LineString",
    "coordinates": [
     [
      14.49296,
      46.2716
     ],
     [
      14.49264,
      46.2712
     ],
     [
      14.49252,
      46.27083
     ],
     [
      14.49246,
      46.27047
     ],
     [
      14.49243,
      46.26985
     ],
     [
      14.49252,
      46.26948
     ],
     [
      14.49265,
      46.26913
     ],
     [
      14.49295,
      46.268665
     ],
     [
      14.49325,
      46.2682
     ],
     [
      14.49327,
      46.26765
     ],
     [
      14.4933,
      46.26741
     ],
     [
      14.49369,
      46.26685
     ],
     [
      14.49389,
      46.26644
     ],
     [
      14.49414,
      46.26558
     ],
     [
      14.49422,
      46.2654
     ],
     [
      14.49422,
      46.26533
     ],
     [
      14.49419,
      46.2652
     ],
     [
      14.49414,
      46.26515
     ],
     [
      14.49362,
      46.26488
     ],
     [
      14.49346,
      46.26477
     ],
     [
      14.49324,
      46.2642
     ],
     [
      14.49323,
      46.26406
     ],
     [
      14.49325,
      46.26388
     ],
     [
      14.49332,
      46.26373
     ],
     [
      14.49334,
      46.26352
     ],
     [
      14.49332,
      46.26338
     ],
     [
      14.49326,
      46.26321
     ],
     [
      14.49325,
      46.26311
     ],
     [
      14.49335,
      46.26279
     ],
     [
      14.49338,
      46.26262
     ],
     [
      14.49336,
      46.26249
     ],
     [
      14.49325,
      46.26231
     ],
     [
      14.492855,
      46.261895
     ],
     [
      14.49246,
      46.26148
     ],
     [
      14.49232,
      46.26131
     ],
     [
      14.49202,
      46.26085
     ],
     [
      14.49211,
      46.26101
     ],
     [
      14.49202,
      46.26085
     ],
     [
      14.49147,
      46.26094
     ],
     [
      14.49112,
      46.26098
     ],
     [
      14.49037,
      46.26111
     ],
     [
      14.48916,
      46.26114
     ],
     [
      14.48826,
      46.2612
     ],
     [
      14.48759,
      46.26137
     ],
     [
      14.48716,
      46.26137
     ],
     [
      14.4865,
      46.2613
     ],
     [
      14.48617,
      46.26132
     ],
     [
      14.48576,
      46.26143
     ],
     [
      14.48547,
      46.26147
     ],
     [
      14.484315,
      46.261465
     ]
    ]
   }
  },
  {
   "type": "Feature",
   "properties": {
    "kind": "closure",
    "name": "Zaključni krog Šenčur–Možjanca–Cerklje, km 16–18",
    "note": "Popolna zapora v času tekmovanj (uradno).",
    "start": "2026-10-03T08:00",
    "end": "2026-10-03T19:00",
    "length_m": 1941
   },
   "geometry": {
    "type": "LineString",
    "coordinates": [
     [
      14.48316,
      46.26146
     ],
     [
      14.482215,
      46.261485
     ],
     [
      14.48127,
      46.26151
     ],
     [
      14.480525,
      46.26154
     ],
     [
      14.47978,
      46.26157
     ],
     [
      14.478795,
      46.26169
     ],
     [
      14.47781,
      46.26181
     ],
     [
      14.476825,
      46.26193
     ],
     [
      14.47584,
      46.26205
     ],
     [
      14.47483,
      46.262195
     ],
     [
      14.47382,
      46.26234
     ],
     [
      14.47284,
      46.262455
     ],
     [
      14.47186,
      46.26257
     ],
     [
      14.47117,
      46.26264
     ],
     [
      14.47088,
      46.26266
     ],
     [
      14.47012,
      46.26262
     ],
     [
      14.46976,
      46.26258
     ],
     [
      14.46871,
      46.26254
     ],
     [
      14.46766,
      46.2625
     ],
     [
      14.46667,
      46.26251
     ],
     [
      14.465685,
      46.262495
     ],
     [
      14.4647,
      46.26248
     ],
     [
      14.46444,
      46.26249
     ],
     [
      14.46417,
      46.26253
     ],
     [
      14.46406,
      46.26257
     ],
     [
      14.46371,
      46.26277
     ],
     [
      14.4632,
      46.26315
     ],
     [
      14.46301,
      46.26327
     ],
     [
      14.46264,
      46.2634
     ],
     [
      14.46192,
      46.263505
     ],
     [
      14.4612,
      46.26361
     ],
     [
      14.46047,
      46.26374
     ],
     [
      14.46005,
      46.26384
     ],
     [
      14.45986,
      46.2639
     ],
     [
      14.45955,
      46.26402
     ],
     [
      14.45934,
      46.26414
     ],
     [
      14.45934,
      46.26414
     ],
     [
      14.45924,
      46.2642
     ],
     [
      14.45916,
      46.26426
     ],
     [
      14.45895,
      46.26438
     ],
     [
      14.45895,
      46.26438
     ],
     [
      14.45895,
      46.26438
     ],
     [
      14.45893,
      46.26439
     ],
     [
      14.4589,
      46.26439
     ]
    ]
   }
  },
  {
   "type": "Feature",
   "properties": {
    "kind": "closure",
    "name": "Zaključni krog Šenčur–Možjanca–Cerklje, km 18–20",
    "note": "Popolna zapora v času tekmovanj (uradno).",
    "start": "2026-10-03T08:00",
    "end": "2026-10-03T19:00",
    "length_m": 1981
   },
   "geometry": {
    "type": "LineString",
    "coordinates": [
     [
      14.45872,
      46.26428
     ],
     [
      14.45865,
      46.26416
     ],
     [
      14.45836,
      46.26364
     ],
     [
      14.458063,
      46.263073
     ],
     [
      14.457767,
      46.262507
     ],
     [
      14.45747,
      46.26194
     ],
     [
      14.45715,
      46.26194
     ],
     [
      14.45696,
      46.26196
     ],
     [
      14.45641,
      46.26207
     ],
     [
      14.45606,
      46.26207
     ],
     [
      14.45585,
      46.26204
     ],
     [
      14.45467,
      46.26175
     ],
     [
      14.45354,
      46.26153
     ],
     [
      14.45237,
      46.26131
     ],
     [
      14.4512,
      46.26109
     ],
     [
      14.45023,
      46.260855
     ],
     [
      14.44926,
      46.26062
     ],
     [
      14.44901,
      46.2606
     ],
     [
      14.44862,
      46.26062
     ],
     [
      14.4483,
      46.26066
     ],
     [
      14.44712,
      46.26092
     ],
     [
      14.44682,
      46.26097
     ],
     [
      14.44621,
      46.26099
     ],
     [
      14.44592,
      46.26097
     ],
     [
      14.444827,
      46.260783
     ],
     [
      14.443733,
      46.260597
     ],
     [
      14.44264,
      46.26041
     ],
     [
      14.44229,
      46.26032
     ],
     [
      14.44195,
      46.2602
     ],
     [
      14.44129,
      46.25993
     ],
     [
      14.440352,
      46.25947
     ],
     [
      14.439415,
      46.25901
     ],
     [
      14.438477,
      46.25855
     ],
     [
      14.43754,
      46.25809
     ],
     [
      14.43694,
      46.25784
     ]
    ]
   }
  },
  {
   "type": "Feature",
   "properties": {
    "kind": "closure",
    "name": "Zaključni krog Šenčur–Možjanca–Cerklje, km 20–22",
    "note": "Popolna zapora v času tekmovanj (uradno).",
    "start": "2026-10-03T08:00",
    "end": "2026-10-03T19:00",
    "length_m": 1968
   },
   "geometry": {
    "type": "LineString",
    "coordinates": [
     [
      14.43672,
      46.25777
     ],
     [
      14.4359,
      46.25762
     ],
     [
      14.43559,
      46.25753
     ],
     [
      14.434625,
      46.257195
     ],
     [
      14.43366,
      46.25686
     ],
     [
      14.433015,
      46.25647
     ],
     [
      14.43237,
      46.25608
     ],
     [
      14.43141,
      46.25557
     ],
     [
      14.43045,
      46.25506
     ],
     [
      14.42982,
      46.25461
     ],
     [
      14.42925,
      46.25424
     ],
     [
      14.42868,
      46.25387
     ],
     [
      14.428,
      46.2534
     ],
     [
      14.4275,
      46.252995
     ],
     [
      14.427,
      46.25259
     ],
     [
      14.42623,
      46.252055
     ],
     [
      14.42546,
      46.25152
     ],
     [
      14.4248,
      46.25083
     ],
     [
      14.42443,
      46.25042
     ],
     [
      14.42419,
      46.25009
     ],
     [
      14.4239,
      46.24945
     ],
     [
      14.42381,
      46.24932
     ],
     [
      14.42368,
      46.2492
     ],
     [
      14.42356,
      46.24913
     ],
     [
      14.42294,
      46.24889
     ],
     [
      14.42269,
      46.24872
     ],
     [
      14.422035,
      46.248245
     ],
     [
      14.42138,
      46.24777
     ],
     [
      14.42094,
      46.24743
     ],
     [
      14.4205,
      46.24714
     ],
     [
      14.42038,
      46.24704
     ],
     [
      14.4203,
      46.24697
     ],
     [
      14.42028,
      46.24713
     ],
     [
      14.42013,
      46.24745
     ],
     [
      14.42008,
      46.24761
     ],
     [
      14.42013,
      46.24824
     ],
     [
      14.42012,
      46.24868
     ]
    ]
   }
  },
  {
   "type": "Feature",
   "properties": {
    "kind": "closure",
    "name": "Zaključni krog Šenčur–Možjanca–Cerklje, km 0–2",
    "note": "Popolna zapora v času tekmovanj (uradno).",
    "start": "2026-10-04T08:00",
    "end": "2026-10-04T19:00",
    "length_m": 1974
   },
   "geometry": {
    "type": "LineString",
    "coordinates": [
     [
      14.42031,
      46.24944
     ],
     [
      14.420353,
      46.249585
     ],
     [
      14.42037,
      46.24958
     ],
     [
      14.42037,
      46.24962
     ],
     [
      14.4204,
      46.24983
     ],
     [
      14.42041,
      46.24995
     ],
     [
      14.42041,
      46.25004
     ],
     [
      14.42042,
      46.25008
     ],
     [
      14.42042,
      46.25027
     ],
     [
      14.42041,
      46.25038
     ],
     [
      14.4204,
      46.25056
     ],
     [
      14.4204,
      46.25056
     ],
     [
      14.42086,
      46.25055
     ],
     [
      14.42086,
      46.25055
     ],
     [
      14.42091,
      46.25067
     ],
     [
      14.420902,
      46.250675
     ],
     [
      14.42105,
      46.251015
     ],
     [
      14.42127,
      46.25152
     ],
     [
      14.42165,
      46.25232
     ],
     [
      14.42192,
      46.25317
     ],
     [
      14.42224,
      46.25391
     ],
     [
      14.4224,
      46.25421
     ],
     [
      14.42264,
      46.25451
     ],
     [
      14.42273,
      46.25465
     ],
     [
      14.42291,
      46.25509
     ],
     [
      14.42308,
      46.25541
     ],
     [
      14.42324,
      46.2556
     ],
     [
      14.42379,
      46.25613
     ],
     [
      14.42431,
      46.25656
     ],
     [
      14.42487,
      46.25695
     ],
     [
      14.42505,
      46.25706
     ],
     [
      14.42523,
      46.25721
     ],
     [
      14.42539,
      46.25739
     ],
     [
      14.42577,
      46.25787
     ],
     [
      14.42597,
      46.25819
     ],
     [
      14.42618,
      46.25868
     ],
     [
      14.42644,
      46.25918
     ],
     [
      14.4267,
      46.25968
     ],
     [
      14.42706,
      46.26006
     ],
     [
      14.42728,
      46.26037
     ],
     [
      14.42736,
      46.26058
     ],
     [
      14.42748,
      46.26122
     ],
     [
      14.42754,
      46.26133
     ],
     [
      14.42767,
      46.26152
     ],
     [
      14.42801,
      46.261915
     ],
     [
      14.42835,
      46.26231
     ],
     [
      14.42872,
      46.2628
     ],
     [
      14.42909,
      46.26329
     ],
     [
      14.42917,
      46.26349
     ],
     [
      14.42924,
      46.26422
     ],
     [
      14.42933,
      46.26475
     ],
     [
      14.42943,
      46.2655
     ]
    ]
   }
  },
  {
   "type": "Feature",
   "properties": {
    "kind": "closure",
    "name": "Zaključni krog Šenčur–Možjanca–Cerklje, km 2–4",
    "note": "Popolna zapora v času tekmovanj (uradno).",
    "start": "2026-10-04T08:00",
    "end": "2026-10-04T19:00",
    "length_m": 1947
   },
   "geometry": {
    "type": "LineString",
    "coordinates": [
     [
      14.4294,
      46.26614
     ],
     [
      14.42942,
      46.26629
     ],
     [
      14.42947,
      46.26645
     ],
     [
      14.42964,
      46.26671
     ],
     [
      14.43035,
      46.26733
     ],
     [
      14.43057,
      46.2676
     ],
     [
      14.43069,
      46.26775
     ],
     [
      14.43094,
      46.26774
     ],
     [
      14.43106,
      46.2678
     ],
     [
      14.43114,
      46.26785
     ],
     [
      14.43126,
      46.26805
     ],
     [
      14.43158,
      46.26867
     ],
     [
      14.4317,
      46.26898
     ],
     [
      14.43204,
      46.26917
     ],
     [
      14.43224,
      46.26945
     ],
     [
      14.43235,
      46.26956
     ],
     [
      14.43256,
      46.26964
     ],
     [
      14.433,
      46.26969
     ],
     [
      14.43313,
      46.26974
     ],
     [
      14.43329,
      46.26988
     ],
     [
      14.43351,
      46.27046
     ],
     [
      14.4336,
      46.27074
     ],
     [
      14.43371,
      46.27103
     ],
     [
      14.4338,
      46.27117
     ],
     [
      14.4341,
      46.27146
     ],
     [
      14.43423,
      46.27183
     ],
     [
      14.43433,
      46.27201
     ],
     [
      14.43446,
      46.27215
     ],
     [
      14.43457,
      46.27223
     ],
     [
      14.43513,
      46.27259
     ],
     [
      14.43585,
      46.273085
     ],
     [
      14.43657,
      46.27358
     ],
     [
      14.4368,
      46.27372
     ],
     [
      14.437,
      46.27381
     ],
     [
      14.43739,
      46.27392
     ],
     [
      14.4385,
      46.27405
     ],
     [
      14.43881,
      46.27413
     ],
     [
      14.43893,
      46.27422
     ],
     [
      14.43921,
      46.27452
     ],
     [
      14.43924,
      46.27461
     ],
     [
      14.43924,
      46.2748
     ],
     [
      14.4391,
      46.27507
     ],
     [
      14.43903,
      46.27529
     ],
     [
      14.439,
      46.27549
     ],
     [
      14.43903,
      46.27605
     ],
     [
      14.43906,
      46.27661
     ],
     [
      14.43888,
      46.27702
     ],
     [
      14.43882,
      46.27722
     ],
     [
      14.43867,
      46.27742
     ],
     [
      14.43845,
      46.27761
     ],
     [
      14.43819,
      46.27816
     ],
     [
      14.43787,
      46.27872
     ],
     [
      14.43781,
      46.27877
     ],
     [
      14.43771,
      46.27879
     ],
     [
      14.43748,
      46.27879
     ],
     [
      14.43732,
      46.27882
     ],
     [
      14.4372,
      46.27889
     ],
     [
      14.43709,
      46.279
     ],
     [
      14.43698,
      46.27919
     ],
     [
      14.43699,
      46.27944
     ],
     [
      14.43715,
      46.27979
     ],
     [
      14.43708,
      46.27993
     ]
    ]
   }
  },
  {
   "type": "Feature",
   "properties": {
    "kind": "closure",
    "name": "Zaključni krog Šenčur–Možjanca–Cerklje, km 4–6",
    "note": "Popolna zapora v času tekmovanj (uradno).",
    "start": "2026-10-04T08:00",
    "end": "2026-10-04T19:00",
    "length_m": 1910
   },
   "geometry": {
    "type": "LineString",
    "coordinates": [
     [
      14.43672,
      46.28028
     ],
     [
      14.43665,
      46.28038
     ],
     [
      14.43659,
      46.28053
     ],
     [
      14.43655,
      46.28078
     ],
     [
      14.43652,
      46.281395
     ],
     [
      14.43649,
      46.28201
     ],
     [
      14.43646,
      46.28217
     ],
     [
      14.43621,
      46.28301
     ],
     [
      14.43597,
      46.28379
     ],
     [
      14.43593,
      46.28387
     ],
     [
      14.43582,
      46.28395
     ],
     [
      14.43497,
      46.28421
     ],
     [
      14.43478,
      46.28432
     ],
     [
      14.43467,
      46.28441
     ],
     [
      14.43448,
      46.28469
     ],
     [
      14.43408,
      46.2854
     ],
     [
      14.43367,
      46.28583
     ],
     [
      14.43321,
      46.2863
     ],
     [
      14.43281,
      46.286735
     ],
     [
      14.43241,
      46.28717
     ],
     [
      14.43228,
      46.2874
     ],
     [
      14.43224,
      46.28752
     ],
     [
      14.43222,
      46.2877
     ],
     [
      14.432175,
      46.288245
     ],
     [
      14.43213,
      46.28879
     ],
     [
      14.43202,
      46.28933
     ],
     [
      14.43197,
      46.28987
     ],
     [
      14.43193,
      46.29006
     ],
     [
      14.43175,
      46.29062
     ],
     [
      14.43163,
      46.29106
     ],
     [
      14.43145,
      46.29187
     ],
     [
      14.43131,
      46.29268
     ],
     [
      14.43112,
      46.29307
     ],
     [
      14.431,
      46.29315
     ],
     [
      14.43093,
      46.29341
     ],
     [
      14.43063,
      46.29423
     ],
     [
      14.43057,
      46.29437
     ],
     [
      14.43046,
      46.2945
     ],
     [
      14.4303,
      46.29481
     ],
     [
      14.430155,
      46.29534
     ],
     [
      14.43001,
      46.29587
     ],
     [
      14.43068,
      46.29589
     ]
    ]
   }
  },
  {
   "type": "Feature",
   "properties": {
    "kind": "closure",
    "name": "Zaključni krog Šenčur–Možjanca–Cerklje, km 6–8",
    "note": "Popolna zapora v času tekmovanj (uradno).",
    "start": "2026-10-04T08:00",
    "end": "2026-10-04T19:00",
    "length_m": 1983
   },
   "geometry": {
    "type": "LineString",
    "coordinates": [
     [
      14.43135,
      46.29591
     ],
     [
      14.43153,
      46.29595
     ],
     [
      14.43205,
      46.2962
     ],
     [
      14.43217,
      46.29623
     ],
     [
      14.43267,
      46.29626
     ],
     [
      14.433,
      46.29622
     ],
     [
      14.43362,
      46.29609
     ],
     [
      14.43481,
      46.29575
     ],
     [
      14.43523,
      46.29561
     ],
     [
      14.43604,
      46.29527
     ],
     [
      14.4366,
      46.29512
     ],
     [
      14.43683,
      46.29498
     ],
     [
      14.43699,
      46.29494
     ],
     [
      14.43816,
      46.29497
     ],
     [
      14.4385,
      46.29494
     ],
     [
      14.43863,
      46.29484
     ],
     [
      14.43886,
      46.2946
     ],
     [
      14.43944,
      46.29385
     ],
     [
      14.4398,
      46.29346
     ],
     [
      14.43996,
      46.29337
     ],
     [
      14.44019,
      46.2933
     ],
     [
      14.44039,
      46.29319
     ],
     [
      14.44052,
      46.29302
     ],
     [
      14.44059,
      46.29277
     ],
     [
      14.44068,
      46.29262
     ],
     [
      14.4408,
      46.29252
     ],
     [
      14.44108,
      46.29252
     ],
     [
      14.44132,
      46.29256
     ],
     [
      14.4415,
      46.29264
     ],
     [
      14.44165,
      46.29266
     ],
     [
      14.44178,
      46.29261
     ],
     [
      14.44201,
      46.29236
     ],
     [
      14.44228,
      46.29202
     ],
     [
      14.44248,
      46.29199
     ],
     [
      14.44271,
      46.29203
     ],
     [
      14.44334,
      46.29224
     ],
     [
      14.44358,
      46.29226
     ],
     [
      14.44388,
      46.29225
     ],
     [
      14.44404,
      46.29229
     ],
     [
      14.44499,
      46.29262
     ],
     [
      14.44516,
      46.29265
     ],
     [
      14.44537,
      46.29263
     ],
     [
      14.44546,
      46.2926
     ],
     [
      14.44563,
      46.29241
     ],
     [
      14.44578,
      46.29229
     ],
     [
      14.44604,
      46.29215
     ],
     [
      14.44626,
      46.29206
     ],
     [
      14.44699,
      46.29195
     ],
     [
      14.44718,
      46.29197
     ],
     [
      14.44746,
      46.29207
     ],
     [
      14.448,
      46.29232
     ],
     [
      14.44829,
      46.2924
     ],
     [
      14.44916,
      46.29237
     ],
     [
      14.44932,
      46.29241
     ],
     [
      14.4495,
      46.2925
     ],
     [
      14.44989,
      46.29287
     ],
     [
      14.45004,
      46.29305
     ],
     [
      14.45009,
      46.29316
     ],
     [
      14.45014,
      46.29335
     ],
     [
      14.45013,
      46.29345
     ],
     [
      14.45007,
      46.29359
     ],
     [
      14.44979,
      46.294
     ],
     [
      14.44956,
      46.29418
     ],
     [
      14.4496,
      46.29424
     ],
     [
      14.45004,
      46.29431
     ],
     [
      14.4502,
      46.29431
     ],
     [
      14.45048,
      46.29436
     ]
    ]
   }
  },
  {
   "type": "Feature",
   "properties": {
    "kind": "closure",
    "name": "Zaključni krog Šenčur–Možjanca–Cerklje, km 8–10",
    "note": "Popolna zapora v času tekmovanj (uradno).",
    "start": "2026-10-04T08:00",
    "end": "2026-10-04T19:00",
    "length_m": 1949
   },
   "geometry": {
    "type": "LineString",
    "coordinates": [
     [
      14.45094,
      46.29424
     ],
     [
      14.45151,
      46.29403
     ],
     [
      14.45208,
      46.29393
     ],
     [
      14.45289,
      46.29369
     ],
     [
      14.4538,
      46.29359
     ],
     [
      14.45469,
      46.29321
     ],
     [
      14.45503,
      46.293
     ],
     [
      14.45567,
      46.29268
     ],
     [
      14.45593,
      46.29258
     ],
     [
      14.45615,
      46.29252
     ],
     [
      14.4565,
      46.2925
     ],
     [
      14.45685,
      46.29241
     ],
     [
      14.45714,
      46.29237
     ],
     [
      14.4573,
      46.29231
     ],
     [
      14.45774,
      46.29211
     ],
     [
      14.45881,
      46.29176
     ],
     [
      14.45954,
      46.29147
     ],
     [
      14.46043,
      46.29124
     ],
     [
      14.46078,
      46.29119
     ],
     [
      14.46107,
      46.29119
     ],
     [
      14.46175,
      46.29101
     ],
     [
      14.46243,
      46.29083
     ],
     [
      14.46289,
      46.29082
     ],
     [
      14.46343,
      46.29067
     ],
     [
      14.46398,
      46.29058
     ],
     [
      14.46413,
      46.29058
     ],
     [
      14.46438,
      46.29052
     ],
     [
      14.46447,
      46.29046
     ],
     [
      14.46459,
      46.29042
     ],
     [
      14.46491,
      46.29038
     ],
     [
      14.4652,
      46.29038
     ],
     [
      14.46559,
      46.29026
     ],
     [
      14.46576,
      46.29024
     ],
     [
      14.46643,
      46.29022
     ],
     [
      14.46663,
      46.29013
     ],
     [
      14.46686,
      46.29001
     ],
     [
      14.46757,
      46.29002
     ],
     [
      14.46834,
      46.28988
     ],
     [
      14.46854,
      46.2899
     ],
     [
      14.46869,
      46.28998
     ],
     [
      14.46882,
      46.29015
     ],
     [
      14.46892,
      46.29034
     ],
     [
      14.46908,
      46.29042
     ],
     [
      14.4692,
      46.29042
     ],
     [
      14.46937,
      46.29035
     ],
     [
      14.46973,
      46.29014
     ],
     [
      14.47014,
      46.29002
     ],
     [
      14.4709,
      46.28976
     ],
     [
      14.47167,
      46.28952
     ],
     [
      14.47278,
      46.28919
     ],
     [
      14.47389,
      46.28886
     ]
    ]
   }
  },
  {
   "type": "Feature",
   "properties": {
    "kind": "closure",
    "name": "Zaključni krog Šenčur–Možjanca–Cerklje, km 10–12",
    "note": "Popolna zapora v času tekmovanj (uradno).",
    "start": "2026-10-04T08:00",
    "end": "2026-10-04T19:00",
    "length_m": 1964
   },
   "geometry": {
    "type": "LineString",
    "coordinates": [
     [
      14.4743,
      46.28877
     ],
     [
      14.4747,
      46.28861
     ],
     [
      14.47532,
      46.28855
     ],
     [
      14.47544,
      46.28851
     ],
     [
      14.47561,
      46.28836
     ],
     [
      14.47577,
      46.28816
     ],
     [
      14.47603,
      46.288
     ],
     [
      14.47616,
      46.28785
     ],
     [
      14.47626,
      46.2877
     ],
     [
      14.4764,
      46.28756
     ],
     [
      14.47661,
      46.28746
     ],
     [
      14.47714,
      46.28734
     ],
     [
      14.47786,
      46.28726
     ],
     [
      14.47832,
      46.28727
     ],
     [
      14.47857,
      46.28732
     ],
     [
      14.47943,
      46.28754
     ],
     [
      14.47985,
      46.28751
     ],
     [
      14.48039,
      46.28751
     ],
     [
      14.48083,
      46.28742
     ],
     [
      14.48122,
      46.28727
     ],
     [
      14.48165,
      46.28715
     ],
     [
      14.48208,
      46.28707
     ],
     [
      14.48272,
      46.28686
     ],
     [
      14.48291,
      46.28675
     ],
     [
      14.48299,
      46.28673
     ],
     [
      14.48331,
      46.28675
     ],
     [
      14.48342,
      46.28678
     ],
     [
      14.48379,
      46.28678
     ],
     [
      14.48389,
      46.28675
     ],
     [
      14.48401,
      46.28669
     ],
     [
      14.48422,
      46.28665
     ],
     [
      14.48449,
      46.28665
     ],
     [
      14.48474,
      46.28668
     ],
     [
      14.48479,
      46.28662
     ],
     [
      14.48486,
      46.28657
     ],
     [
      14.48511,
      46.28646
     ],
     [
      14.48599,
      46.28627
     ],
     [
      14.48625,
      46.28617
     ],
     [
      14.48667,
      46.28598
     ],
     [
      14.48705,
      46.28577
     ],
     [
      14.48721,
      46.2857
     ],
     [
      14.48811,
      46.28551
     ],
     [
      14.48917,
      46.28548
     ],
     [
      14.49034,
      46.28563
     ],
     [
      14.49059,
      46.28572
     ],
     [
      14.49085,
      46.28586
     ],
     [
      14.49115,
      46.2859
     ],
     [
      14.49173,
      46.28592
     ],
     [
      14.49272,
      46.28583
     ],
     [
      14.49302,
      46.28583
     ],
     [
      14.49348,
      46.28586
     ],
     [
      14.49391,
      46.28597
     ],
     [
      14.49461,
      46.28623
     ],
     [
      14.49498,
      46.28634
     ],
     [
      14.4952,
      46.28639
     ],
     [
      14.49534,
      46.2864
     ],
     [
      14.49544,
      46.28639
     ],
     [
      14.49592,
      46.28613
     ],
     [
      14.49635,
      46.28596
     ],
     [
      14.4968,
      46.28575
     ],
     [
      14.49746,
      46.28555
     ]
    ]
   }
  },
  {
   "type": "Feature",
   "properties": {
    "kind": "closure",
    "name": "Zaključni krog Šenčur–Možjanca–Cerklje, km 12–14",
    "note": "Popolna zapora v času tekmovanj (uradno).",
    "start": "2026-10-04T08:00",
    "end": "2026-10-04T19:00",
    "length_m": 1988
   },
   "geometry": {
    "type": "LineString",
    "coordinates": [
     [
      14.49795,
      46.28548
     ],
     [
      14.49875,
      46.28543
     ],
     [
      14.49913,
      46.28538
     ],
     [
      14.49943,
      46.28528
     ],
     [
      14.49943,
      46.2852
     ],
     [
      14.4994,
      46.28517
     ],
     [
      14.49921,
      46.28513
     ],
     [
      14.49882,
      46.28514
     ],
     [
      14.4984,
      46.28512
     ],
     [
      14.49727,
      46.28501
     ],
     [
      14.49684,
      46.28495
     ],
     [
      14.4962,
      46.28481
     ],
     [
      14.49569,
      46.28463
     ],
     [
      14.49551,
      46.28454
     ],
     [
      14.49518,
      46.28432
     ],
     [
      14.49503,
      46.28418
     ],
     [
      14.49494,
      46.28407
     ],
     [
      14.49487,
      46.28395
     ],
     [
      14.49477,
      46.28365
     ],
     [
      14.49462,
      46.28331
     ],
     [
      14.49461,
      46.28297
     ],
     [
      14.49472,
      46.28259
     ],
     [
      14.49477,
      46.28215
     ],
     [
      14.49493,
      46.28141
     ],
     [
      14.49513,
      46.28117
     ],
     [
      14.49527,
      46.28104
     ],
     [
      14.49545,
      46.28083
     ],
     [
      14.4957,
      46.28049
     ],
     [
      14.49586,
      46.28022
     ],
     [
      14.496,
      46.2801
     ],
     [
      14.49634,
      46.27987
     ],
     [
      14.49683,
      46.27964
     ],
     [
      14.49692,
      46.27952
     ],
     [
      14.49697,
      46.27934
     ],
     [
      14.49698,
      46.27914
     ],
     [
      14.49727,
      46.2786
     ],
     [
      14.49729,
      46.27854
     ],
     [
      14.49728,
      46.27844
     ],
     [
      14.49724,
      46.27836
     ],
     [
      14.49694,
      46.27816
     ],
     [
      14.49688,
      46.2781
     ],
     [
      14.49685,
      46.27806
     ],
     [
      14.49682,
      46.27785
     ],
     [
      14.49677,
      46.27776
     ],
     [
      14.49627,
      46.27725
     ],
     [
      14.49613,
      46.27703
     ],
     [
      14.49611,
      46.27692
     ],
     [
      14.49612,
      46.27667
     ],
     [
      14.49609,
      46.27654
     ],
     [
      14.49604,
      46.27645
     ],
     [
      14.49572,
      46.27609
     ],
     [
      14.49539,
      46.27584
     ],
     [
      14.4953,
      46.27575
     ],
     [
      14.49522,
      46.27564
     ],
     [
      14.49512,
      46.27538
     ],
     [
      14.49504,
      46.27524
     ],
     [
      14.4947,
      46.27494
     ],
     [
      14.49462,
      46.27485
     ],
     [
      14.49449,
      46.27459
     ],
     [
      14.49411,
      46.2741
     ],
     [
      14.49399,
      46.27383
     ],
     [
      14.49392,
      46.27353
     ],
     [
      14.49369,
      46.272995
     ],
     [
      14.49346,
      46.27246
     ],
     [
      14.49321,
      46.27203
     ]
    ]
   }
  },
  {
   "type": "Feature",
   "properties": {
    "kind": "closure",
    "name": "Zaključni krog Šenčur–Možjanca–Cerklje, km 14–16",
    "note": "Popolna zapora v času tekmovanj (uradno).",
    "start": "2026-10-04T08:00",
    "end": "2026-10-04T19:00",
    "length_m": 1921
   },
   "geometry": {
    "type": "LineString",
    "coordinates": [
     [
      14.49296,
      46.2716
     ],
     [
      14.49264,
      46.2712
     ],
     [
      14.49252,
      46.27083
     ],
     [
      14.49246,
      46.27047
     ],
     [
      14.49243,
      46.26985
     ],
     [
      14.49252,
      46.26948
     ],
     [
      14.49265,
      46.26913
     ],
     [
      14.49295,
      46.268665
     ],
     [
      14.49325,
      46.2682
     ],
     [
      14.49327,
      46.26765
     ],
     [
      14.4933,
      46.26741
     ],
     [
      14.49369,
      46.26685
     ],
     [
      14.49389,
      46.26644
     ],
     [
      14.49414,
      46.26558
     ],
     [
      14.49422,
      46.2654
     ],
     [
      14.49422,
      46.26533
     ],
     [
      14.49419,
      46.2652
     ],
     [
      14.49414,
      46.26515
     ],
     [
      14.49362,
      46.26488
     ],
     [
      14.49346,
      46.26477
     ],
     [
      14.49324,
      46.2642
     ],
     [
      14.49323,
      46.26406
     ],
     [
      14.49325,
      46.26388
     ],
     [
      14.49332,
      46.26373
     ],
     [
      14.49334,
      46.26352
     ],
     [
      14.49332,
      46.26338
     ],
     [
      14.49326,
      46.26321
     ],
     [
      14.49325,
      46.26311
     ],
     [
      14.49335,
      46.26279
     ],
     [
      14.49338,
      46.26262
     ],
     [
      14.49336,
      46.26249
     ],
     [
      14.49325,
      46.26231
     ],
     [
      14.492855,
      46.261895
     ],
     [
      14.49246,
      46.26148
     ],
     [
      14.49232,
      46.26131
     ],
     [
      14.49202,
      46.26085
     ],
     [
      14.49211,
      46.26101
     ],
     [
      14.49202,
      46.26085
     ],
     [
      14.49147,
      46.26094
     ],
     [
      14.49112,
      46.26098
     ],
     [
      14.49037,
      46.26111
     ],
     [
      14.48916,
      46.26114
     ],
     [
      14.48826,
      46.2612
     ],
     [
      14.48759,
      46.26137
     ],
     [
      14.48716,
      46.26137
     ],
     [
      14.4865,
      46.2613
     ],
     [
      14.48617,
      46.26132
     ],
     [
      14.48576,
      46.26143
     ],
     [
      14.48547,
      46.26147
     ],
     [
      14.484315,
      46.261465
     ]
    ]
   }
  },
  {
   "type": "Feature",
   "properties": {
    "kind": "closure",
    "name": "Zaključni krog Šenčur–Možjanca–Cerklje, km 16–18",
    "note": "Popolna zapora v času tekmovanj (uradno).",
    "start": "2026-10-04T08:00",
    "end": "2026-10-04T19:00",
    "length_m": 1941
   },
   "geometry": {
    "type": "LineString",
    "coordinates": [
     [
      14.48316,
      46.26146
     ],
     [
      14.482215,
      46.261485
     ],
     [
      14.48127,
      46.26151
     ],
     [
      14.480525,
      46.26154
     ],
     [
      14.47978,
      46.26157
     ],
     [
      14.478795,
      46.26169
     ],
     [
      14.47781,
      46.26181
     ],
     [
      14.476825,
      46.26193
     ],
     [
      14.47584,
      46.26205
     ],
     [
      14.47483,
      46.262195
     ],
     [
      14.47382,
      46.26234
     ],
     [
      14.47284,
      46.262455
     ],
     [
      14.47186,
      46.26257
     ],
     [
      14.47117,
      46.26264
     ],
     [
      14.47088,
      46.26266
     ],
     [
      14.47012,
      46.26262
     ],
     [
      14.46976,
      46.26258
     ],
     [
      14.46871,
      46.26254
     ],
     [
      14.46766,
      46.2625
     ],
     [
      14.46667,
      46.26251
     ],
     [
      14.465685,
      46.262495
     ],
     [
      14.4647,
      46.26248
     ],
     [
      14.46444,
      46.26249
     ],
     [
      14.46417,
      46.26253
     ],
     [
      14.46406,
      46.26257
     ],
     [
      14.46371,
      46.26277
     ],
     [
      14.4632,
      46.26315
     ],
     [
      14.46301,
      46.26327
     ],
     [
      14.46264,
      46.2634
     ],
     [
      14.46192,
      46.263505
     ],
     [
      14.4612,
      46.26361
     ],
     [
      14.46047,
      46.26374
     ],
     [
      14.46005,
      46.26384
     ],
     [
      14.45986,
      46.2639
     ],
     [
      14.45955,
      46.26402
     ],
     [
      14.45934,
      46.26414
     ],
     [
      14.45934,
      46.26414
     ],
     [
      14.45924,
      46.2642
     ],
     [
      14.45916,
      46.26426
     ],
     [
      14.45895,
      46.26438
     ],
     [
      14.45895,
      46.26438
     ],
     [
      14.45895,
      46.26438
     ],
     [
      14.45893,
      46.26439
     ],
     [
      14.4589,
      46.26439
     ]
    ]
   }
  },
  {
   "type": "Feature",
   "properties": {
    "kind": "closure",
    "name": "Zaključni krog Šenčur–Možjanca–Cerklje, km 18–20",
    "note": "Popolna zapora v času tekmovanj (uradno).",
    "start": "2026-10-04T08:00",
    "end": "2026-10-04T19:00",
    "length_m": 1981
   },
   "geometry": {
    "type": "LineString",
    "coordinates": [
     [
      14.45872,
      46.26428
     ],
     [
      14.45865,
      46.26416
     ],
     [
      14.45836,
      46.26364
     ],
     [
      14.458063,
      46.263073
     ],
     [
      14.457767,
      46.262507
     ],
     [
      14.45747,
      46.26194
     ],
     [
      14.45715,
      46.26194
     ],
     [
      14.45696,
      46.26196
     ],
     [
      14.45641,
      46.26207
     ],
     [
      14.45606,
      46.26207
     ],
     [
      14.45585,
      46.26204
     ],
     [
      14.45467,
      46.26175
     ],
     [
      14.45354,
      46.26153
     ],
     [
      14.45237,
      46.26131
     ],
     [
      14.4512,
      46.26109
     ],
     [
      14.45023,
      46.260855
     ],
     [
      14.44926,
      46.26062
     ],
     [
      14.44901,
      46.2606
     ],
     [
      14.44862,
      46.26062
     ],
     [
      14.4483,
      46.26066
     ],
     [
      14.44712,
      46.26092
     ],
     [
      14.44682,
      46.26097
     ],
     [
      14.44621,
      46.26099
     ],
     [
      14.44592,
      46.26097
     ],
     [
      14.444827,
      46.260783
     ],
     [
      14.443733,
      46.260597
     ],
     [
      14.44264,
      46.26041
     ],
     [
      14.44229,
      46.26032
     ],
     [
      14.44195,
      46.2602
     ],
     [
      14.44129,
      46.25993
     ],
     [
      14.440352,
      46.25947
     ],
     [
      14.439415,
      46.25901
     ],
     [
      14.438477,
      46.25855
     ],
     [
      14.43754,
      46.25809
     ],
     [
      14.43694,
      46.25784
     ]
    ]
   }
  },
  {
   "type": "Feature",
   "properties": {
    "kind": "closure",
    "name": "Zaključni krog Šenčur–Možjanca–Cerklje, km 20–22",
    "note": "Popolna zapora v času tekmovanj (uradno).",
    "start": "2026-10-04T08:00",
    "end": "2026-10-04T19:00",
    "length_m": 1968
   },
   "geometry": {
    "type": "LineString",
    "coordinates": [
     [
      14.43672,
      46.25777
     ],
     [
      14.4359,
      46.25762
     ],
     [
      14.43559,
      46.25753
     ],
     [
      14.434625,
      46.257195
     ],
     [
      14.43366,
      46.25686
     ],
     [
      14.433015,
      46.25647
     ],
     [
      14.43237,
      46.25608
     ],
     [
      14.43141,
      46.25557
     ],
     [
      14.43045,
      46.25506
     ],
     [
      14.42982,
      46.25461
     ],
     [
      14.42925,
      46.25424
     ],
     [
      14.42868,
      46.25387
     ],
     [
      14.428,
      46.2534
     ],
     [
      14.4275,
      46.252995
     ],
     [
      14.427,
      46.25259
     ],
     [
      14.42623,
      46.252055
     ],
     [
      14.42546,
      46.25152
     ],
     [
      14.4248,
      46.25083
     ],
     [
      14.42443,
      46.25042
     ],
     [
      14.42419,
      46.25009
     ],
     [
      14.4239,
      46.24945
     ],
     [
      14.42381,
      46.24932
     ],
     [
      14.42368,
      46.2492
     ],
     [
      14.42356,
      46.24913
     ],
     [
      14.42294,
      46.24889
     ],
     [
      14.42269,
      46.24872
     ],
     [
      14.422035,
      46.248245
     ],
     [
      14.42138,
      46.24777
     ],
     [
      14.42094,
      46.24743
     ],
     [
      14.4205,
      46.24714
     ],
     [
      14.42038,
      46.24704
     ],
     [
      14.4203,
      46.24697
     ],
     [
      14.42028,
      46.24713
     ],
     [
      14.42013,
      46.24745
     ],
     [
      14.42008,
      46.24761
     ],
     [
      14.42013,
      46.24824
     ],
     [
      14.42012,
      46.24868
     ]
    ]
   }
  },
  {
   "type": "Feature",
   "properties": {
    "kind": "closure",
    "name": "Zaključni krog Šenčur–Možjanca–Cerklje, km 0–2",
    "note": "Popolna zapora v času tekmovanj (ocena – ekipna štafeta; organizator ure ni objavil).",
    "start": "2026-10-06T08:00",
    "end": "2026-10-06T19:00",
    "length_m": 1974
   },
   "geometry": {
    "type": "LineString",
    "coordinates": [
     [
      14.42031,
      46.24944
     ],
     [
      14.420353,
      46.249585
     ],
     [
      14.42037,
      46.24958
     ],
     [
      14.42037,
      46.24962
     ],
     [
      14.4204,
      46.24983
     ],
     [
      14.42041,
      46.24995
     ],
     [
      14.42041,
      46.25004
     ],
     [
      14.42042,
      46.25008
     ],
     [
      14.42042,
      46.25027
     ],
     [
      14.42041,
      46.25038
     ],
     [
      14.4204,
      46.25056
     ],
     [
      14.4204,
      46.25056
     ],
     [
      14.42086,
      46.25055
     ],
     [
      14.42086,
      46.25055
     ],
     [
      14.42091,
      46.25067
     ],
     [
      14.420902,
      46.250675
     ],
     [
      14.42105,
      46.251015
     ],
     [
      14.42127,
      46.25152
     ],
     [
      14.42165,
      46.25232
     ],
     [
      14.42192,
      46.25317
     ],
     [
      14.42224,
      46.25391
     ],
     [
      14.4224,
      46.25421
     ],
     [
      14.42264,
      46.25451
     ],
     [
      14.42273,
      46.25465
     ],
     [
      14.42291,
      46.25509
     ],
     [
      14.42308,
      46.25541
     ],
     [
      14.42324,
      46.2556
     ],
     [
      14.42379,
      46.25613
     ],
     [
      14.42431,
      46.25656
     ],
     [
      14.42487,
      46.25695
     ],
     [
      14.42505,
      46.25706
     ],
     [
      14.42523,
      46.25721
     ],
     [
      14.42539,
      46.25739
     ],
     [
      14.42577,
      46.25787
     ],
     [
      14.42597,
      46.25819
     ],
     [
      14.42618,
      46.25868
     ],
     [
      14.42644,
      46.25918
     ],
     [
      14.4267,
      46.25968
     ],
     [
      14.42706,
      46.26006
     ],
     [
      14.42728,
      46.26037
     ],
     [
      14.42736,
      46.26058
     ],
     [
      14.42748,
      46.26122
     ],
     [
      14.42754,
      46.26133
     ],
     [
      14.42767,
      46.26152
     ],
     [
      14.42801,
      46.261915
     ],
     [
      14.42835,
      46.26231
     ],
     [
      14.42872,
      46.2628
     ],
     [
      14.42909,
      46.26329
     ],
     [
      14.42917,
      46.26349
     ],
     [
      14.42924,
      46.26422
     ],
     [
      14.42933,
      46.26475
     ],
     [
      14.42943,
      46.2655
     ]
    ]
   }
  },
  {
   "type": "Feature",
   "properties": {
    "kind": "closure",
    "name": "Zaključni krog Šenčur–Možjanca–Cerklje, km 2–4",
    "note": "Popolna zapora v času tekmovanj (ocena – ekipna štafeta; organizator ure ni objavil).",
    "start": "2026-10-06T08:00",
    "end": "2026-10-06T19:00",
    "length_m": 1947
   },
   "geometry": {
    "type": "LineString",
    "coordinates": [
     [
      14.4294,
      46.26614
     ],
     [
      14.42942,
      46.26629
     ],
     [
      14.42947,
      46.26645
     ],
     [
      14.42964,
      46.26671
     ],
     [
      14.43035,
      46.26733
     ],
     [
      14.43057,
      46.2676
     ],
     [
      14.43069,
      46.26775
     ],
     [
      14.43094,
      46.26774
     ],
     [
      14.43106,
      46.2678
     ],
     [
      14.43114,
      46.26785
     ],
     [
      14.43126,
      46.26805
     ],
     [
      14.43158,
      46.26867
     ],
     [
      14.4317,
      46.26898
     ],
     [
      14.43204,
      46.26917
     ],
     [
      14.43224,
      46.26945
     ],
     [
      14.43235,
      46.26956
     ],
     [
      14.43256,
      46.26964
     ],
     [
      14.433,
      46.26969
     ],
     [
      14.43313,
      46.26974
     ],
     [
      14.43329,
      46.26988
     ],
     [
      14.43351,
      46.27046
     ],
     [
      14.4336,
      46.27074
     ],
     [
      14.43371,
      46.27103
     ],
     [
      14.4338,
      46.27117
     ],
     [
      14.4341,
      46.27146
     ],
     [
      14.43423,
      46.27183
     ],
     [
      14.43433,
      46.27201
     ],
     [
      14.43446,
      46.27215
     ],
     [
      14.43457,
      46.27223
     ],
     [
      14.43513,
      46.27259
     ],
     [
      14.43585,
      46.273085
     ],
     [
      14.43657,
      46.27358
     ],
     [
      14.4368,
      46.27372
     ],
     [
      14.437,
      46.27381
     ],
     [
      14.43739,
      46.27392
     ],
     [
      14.4385,
      46.27405
     ],
     [
      14.43881,
      46.27413
     ],
     [
      14.43893,
      46.27422
     ],
     [
      14.43921,
      46.27452
     ],
     [
      14.43924,
      46.27461
     ],
     [
      14.43924,
      46.2748
     ],
     [
      14.4391,
      46.27507
     ],
     [
      14.43903,
      46.27529
     ],
     [
      14.439,
      46.27549
     ],
     [
      14.43903,
      46.27605
     ],
     [
      14.43906,
      46.27661
     ],
     [
      14.43888,
      46.27702
     ],
     [
      14.43882,
      46.27722
     ],
     [
      14.43867,
      46.27742
     ],
     [
      14.43845,
      46.27761
     ],
     [
      14.43819,
      46.27816
     ],
     [
      14.43787,
      46.27872
     ],
     [
      14.43781,
      46.27877
     ],
     [
      14.43771,
      46.27879
     ],
     [
      14.43748,
      46.27879
     ],
     [
      14.43732,
      46.27882
     ],
     [
      14.4372,
      46.27889
     ],
     [
      14.43709,
      46.279
     ],
     [
      14.43698,
      46.27919
     ],
     [
      14.43699,
      46.27944
     ],
     [
      14.43715,
      46.27979
     ],
     [
      14.43708,
      46.27993
     ]
    ]
   }
  },
  {
   "type": "Feature",
   "properties": {
    "kind": "closure",
    "name": "Zaključni krog Šenčur–Možjanca–Cerklje, km 4–6",
    "note": "Popolna zapora v času tekmovanj (ocena – ekipna štafeta; organizator ure ni objavil).",
    "start": "2026-10-06T08:00",
    "end": "2026-10-06T19:00",
    "length_m": 1910
   },
   "geometry": {
    "type": "LineString",
    "coordinates": [
     [
      14.43672,
      46.28028
     ],
     [
      14.43665,
      46.28038
     ],
     [
      14.43659,
      46.28053
     ],
     [
      14.43655,
      46.28078
     ],
     [
      14.43652,
      46.281395
     ],
     [
      14.43649,
      46.28201
     ],
     [
      14.43646,
      46.28217
     ],
     [
      14.43621,
      46.28301
     ],
     [
      14.43597,
      46.28379
     ],
     [
      14.43593,
      46.28387
     ],
     [
      14.43582,
      46.28395
     ],
     [
      14.43497,
      46.28421
     ],
     [
      14.43478,
      46.28432
     ],
     [
      14.43467,
      46.28441
     ],
     [
      14.43448,
      46.28469
     ],
     [
      14.43408,
      46.2854
     ],
     [
      14.43367,
      46.28583
     ],
     [
      14.43321,
      46.2863
     ],
     [
      14.43281,
      46.286735
     ],
     [
      14.43241,
      46.28717
     ],
     [
      14.43228,
      46.2874
     ],
     [
      14.43224,
      46.28752
     ],
     [
      14.43222,
      46.2877
     ],
     [
      14.432175,
      46.288245
     ],
     [
      14.43213,
      46.28879
     ],
     [
      14.43202,
      46.28933
     ],
     [
      14.43197,
      46.28987
     ],
     [
      14.43193,
      46.29006
     ],
     [
      14.43175,
      46.29062
     ],
     [
      14.43163,
      46.29106
     ],
     [
      14.43145,
      46.29187
     ],
     [
      14.43131,
      46.29268
     ],
     [
      14.43112,
      46.29307
     ],
     [
      14.431,
      46.29315
     ],
     [
      14.43093,
      46.29341
     ],
     [
      14.43063,
      46.29423
     ],
     [
      14.43057,
      46.29437
     ],
     [
      14.43046,
      46.2945
     ],
     [
      14.4303,
      46.29481
     ],
     [
      14.430155,
      46.29534
     ],
     [
      14.43001,
      46.29587
     ],
     [
      14.43068,
      46.29589
     ]
    ]
   }
  },
  {
   "type": "Feature",
   "properties": {
    "kind": "closure",
    "name": "Zaključni krog Šenčur–Možjanca–Cerklje, km 6–8",
    "note": "Popolna zapora v času tekmovanj (ocena – ekipna štafeta; organizator ure ni objavil).",
    "start": "2026-10-06T08:00",
    "end": "2026-10-06T19:00",
    "length_m": 1983
   },
   "geometry": {
    "type": "LineString",
    "coordinates": [
     [
      14.43135,
      46.29591
     ],
     [
      14.43153,
      46.29595
     ],
     [
      14.43205,
      46.2962
     ],
     [
      14.43217,
      46.29623
     ],
     [
      14.43267,
      46.29626
     ],
     [
      14.433,
      46.29622
     ],
     [
      14.43362,
      46.29609
     ],
     [
      14.43481,
      46.29575
     ],
     [
      14.43523,
      46.29561
     ],
     [
      14.43604,
      46.29527
     ],
     [
      14.4366,
      46.29512
     ],
     [
      14.43683,
      46.29498
     ],
     [
      14.43699,
      46.29494
     ],
     [
      14.43816,
      46.29497
     ],
     [
      14.4385,
      46.29494
     ],
     [
      14.43863,
      46.29484
     ],
     [
      14.43886,
      46.2946
     ],
     [
      14.43944,
      46.29385
     ],
     [
      14.4398,
      46.29346
     ],
     [
      14.43996,
      46.29337
     ],
     [
      14.44019,
      46.2933
     ],
     [
      14.44039,
      46.29319
     ],
     [
      14.44052,
      46.29302
     ],
     [
      14.44059,
      46.29277
     ],
     [
      14.44068,
      46.29262
     ],
     [
      14.4408,
      46.29252
     ],
     [
      14.44108,
      46.29252
     ],
     [
      14.44132,
      46.29256
     ],
     [
      14.4415,
      46.29264
     ],
     [
      14.44165,
      46.29266
     ],
     [
      14.44178,
      46.29261
     ],
     [
      14.44201,
      46.29236
     ],
     [
      14.44228,
      46.29202
     ],
     [
      14.44248,
      46.29199
     ],
     [
      14.44271,
      46.29203
     ],
     [
      14.44334,
      46.29224
     ],
     [
      14.44358,
      46.29226
     ],
     [
      14.44388,
      46.29225
     ],
     [
      14.44404,
      46.29229
     ],
     [
      14.44499,
      46.29262
     ],
     [
      14.44516,
      46.29265
     ],
     [
      14.44537,
      46.29263
     ],
     [
      14.44546,
      46.2926
     ],
     [
      14.44563,
      46.29241
     ],
     [
      14.44578,
      46.29229
     ],
     [
      14.44604,
      46.29215
     ],
     [
      14.44626,
      46.29206
     ],
     [
      14.44699,
      46.29195
     ],
     [
      14.44718,
      46.29197
     ],
     [
      14.44746,
      46.29207
     ],
     [
      14.448,
      46.29232
     ],
     [
      14.44829,
      46.2924
     ],
     [
      14.44916,
      46.29237
     ],
     [
      14.44932,
      46.29241
     ],
     [
      14.4495,
      46.2925
     ],
     [
      14.44989,
      46.29287
     ],
     [
      14.45004,
      46.29305
     ],
     [
      14.45009,
      46.29316
     ],
     [
      14.45014,
      46.29335
     ],
     [
      14.45013,
      46.29345
     ],
     [
      14.45007,
      46.29359
     ],
     [
      14.44979,
      46.294
     ],
     [
      14.44956,
      46.29418
     ],
     [
      14.4496,
      46.29424
     ],
     [
      14.45004,
      46.29431
     ],
     [
      14.4502,
      46.29431
     ],
     [
      14.45048,
      46.29436
     ]
    ]
   }
  },
  {
   "type": "Feature",
   "properties": {
    "kind": "closure",
    "name": "Zaključni krog Šenčur–Možjanca–Cerklje, km 8–10",
    "note": "Popolna zapora v času tekmovanj (ocena – ekipna štafeta; organizator ure ni objavil).",
    "start": "2026-10-06T08:00",
    "end": "2026-10-06T19:00",
    "length_m": 1949
   },
   "geometry": {
    "type": "LineString",
    "coordinates": [
     [
      14.45094,
      46.29424
     ],
     [
      14.45151,
      46.29403
     ],
     [
      14.45208,
      46.29393
     ],
     [
      14.45289,
      46.29369
     ],
     [
      14.4538,
      46.29359
     ],
     [
      14.45469,
      46.29321
     ],
     [
      14.45503,
      46.293
     ],
     [
      14.45567,
      46.29268
     ],
     [
      14.45593,
      46.29258
     ],
     [
      14.45615,
      46.29252
     ],
     [
      14.4565,
      46.2925
     ],
     [
      14.45685,
      46.29241
     ],
     [
      14.45714,
      46.29237
     ],
     [
      14.4573,
      46.29231
     ],
     [
      14.45774,
      46.29211
     ],
     [
      14.45881,
      46.29176
     ],
     [
      14.45954,
      46.29147
     ],
     [
      14.46043,
      46.29124
     ],
     [
      14.46078,
      46.29119
     ],
     [
      14.46107,
      46.29119
     ],
     [
      14.46175,
      46.29101
     ],
     [
      14.46243,
      46.29083
     ],
     [
      14.46289,
      46.29082
     ],
     [
      14.46343,
      46.29067
     ],
     [
      14.46398,
      46.29058
     ],
     [
      14.46413,
      46.29058
     ],
     [
      14.46438,
      46.29052
     ],
     [
      14.46447,
      46.29046
     ],
     [
      14.46459,
      46.29042
     ],
     [
      14.46491,
      46.29038
     ],
     [
      14.4652,
      46.29038
     ],
     [
      14.46559,
      46.29026
     ],
     [
      14.46576,
      46.29024
     ],
     [
      14.46643,
      46.29022
     ],
     [
      14.46663,
      46.29013
     ],
     [
      14.46686,
      46.29001
     ],
     [
      14.46757,
      46.29002
     ],
     [
      14.46834,
      46.28988
     ],
     [
      14.46854,
      46.2899
     ],
     [
      14.46869,
      46.28998
     ],
     [
      14.46882,
      46.29015
     ],
     [
      14.46892,
      46.29034
     ],
     [
      14.46908,
      46.29042
     ],
     [
      14.4692,
      46.29042
     ],
     [
      14.46937,
      46.29035
     ],
     [
      14.46973,
      46.29014
     ],
     [
      14.47014,
      46.29002
     ],
     [
      14.4709,
      46.28976
     ],
     [
      14.47167,
      46.28952
     ],
     [
      14.47278,
      46.28919
     ],
     [
      14.47389,
      46.28886
     ]
    ]
   }
  },
  {
   "type": "Feature",
   "properties": {
    "kind": "closure",
    "name": "Zaključni krog Šenčur–Možjanca–Cerklje, km 10–12",
    "note": "Popolna zapora v času tekmovanj (ocena – ekipna štafeta; organizator ure ni objavil).",
    "start": "2026-10-06T08:00",
    "end": "2026-10-06T19:00",
    "length_m": 1964
   },
   "geometry": {
    "type": "LineString",
    "coordinates": [
     [
      14.4743,
      46.28877
     ],
     [
      14.4747,
      46.28861
     ],
     [
      14.47532,
      46.28855
     ],
     [
      14.47544,
      46.28851
     ],
     [
      14.47561,
      46.28836
     ],
     [
      14.47577,
      46.28816
     ],
     [
      14.47603,
      46.288
     ],
     [
      14.47616,
      46.28785
     ],
     [
      14.47626,
      46.2877
     ],
     [
      14.4764,
      46.28756
     ],
     [
      14.47661,
      46.28746
     ],
     [
      14.47714,
      46.28734
     ],
     [
      14.47786,
      46.28726
     ],
     [
      14.47832,
      46.28727
     ],
     [
      14.47857,
      46.28732
     ],
     [
      14.47943,
      46.28754
     ],
     [
      14.47985,
      46.28751
     ],
     [
      14.48039,
      46.28751
     ],
     [
      14.48083,
      46.28742
     ],
     [
      14.48122,
      46.28727
     ],
     [
      14.48165,
      46.28715
     ],
     [
      14.48208,
      46.28707
     ],
     [
      14.48272,
      46.28686
     ],
     [
      14.48291,
      46.28675
     ],
     [
      14.48299,
      46.28673
     ],
     [
      14.48331,
      46.28675
     ],
     [
      14.48342,
      46.28678
     ],
     [
      14.48379,
      46.28678
     ],
     [
      14.48389,
      46.28675
     ],
     [
      14.48401,
      46.28669
     ],
     [
      14.48422,
      46.28665
     ],
     [
      14.48449,
      46.28665
     ],
     [
      14.48474,
      46.28668
     ],
     [
      14.48479,
      46.28662
     ],
     [
      14.48486,
      46.28657
     ],
     [
      14.48511,
      46.28646
     ],
     [
      14.48599,
      46.28627
     ],
     [
      14.48625,
      46.28617
     ],
     [
      14.48667,
      46.28598
     ],
     [
      14.48705,
      46.28577
     ],
     [
      14.48721,
      46.2857
     ],
     [
      14.48811,
      46.28551
     ],
     [
      14.48917,
      46.28548
     ],
     [
      14.49034,
      46.28563
     ],
     [
      14.49059,
      46.28572
     ],
     [
      14.49085,
      46.28586
     ],
     [
      14.49115,
      46.2859
     ],
     [
      14.49173,
      46.28592
     ],
     [
      14.49272,
      46.28583
     ],
     [
      14.49302,
      46.28583
     ],
     [
      14.49348,
      46.28586
     ],
     [
      14.49391,
      46.28597
     ],
     [
      14.49461,
      46.28623
     ],
     [
      14.49498,
      46.28634
     ],
     [
      14.4952,
      46.28639
     ],
     [
      14.49534,
      46.2864
     ],
     [
      14.49544,
      46.28639
     ],
     [
      14.49592,
      46.28613
     ],
     [
      14.49635,
      46.28596
     ],
     [
      14.4968,
      46.28575
     ],
     [
      14.49746,
      46.28555
     ]
    ]
   }
  },
  {
   "type": "Feature",
   "properties": {
    "kind": "closure",
    "name": "Zaključni krog Šenčur–Možjanca–Cerklje, km 12–14",
    "note": "Popolna zapora v času tekmovanj (ocena – ekipna štafeta; organizator ure ni objavil).",
    "start": "2026-10-06T08:00",
    "end": "2026-10-06T19:00",
    "length_m": 1988
   },
   "geometry": {
    "type": "LineString",
    "coordinates": [
     [
      14.49795,
      46.28548
     ],
     [
      14.49875,
      46.28543
     ],
     [
      14.49913,
      46.28538
     ],
     [
      14.49943,
      46.28528
     ],
     [
      14.49943,
      46.2852
     ],
     [
      14.4994,
      46.28517
     ],
     [
      14.49921,
      46.28513
     ],
     [
      14.49882,
      46.28514
     ],
     [
      14.4984,
      46.28512
     ],
     [
      14.49727,
      46.28501
     ],
     [
      14.49684,
      46.28495
     ],
     [
      14.4962,
      46.28481
     ],
     [
      14.49569,
      46.28463
     ],
     [
      14.49551,
      46.28454
     ],
     [
      14.49518,
      46.28432
     ],
     [
      14.49503,
      46.28418
     ],
     [
      14.49494,
      46.28407
     ],
     [
      14.49487,
      46.28395
     ],
     [
      14.49477,
      46.28365
     ],
     [
      14.49462,
      46.28331
     ],
     [
      14.49461,
      46.28297
     ],
     [
      14.49472,
      46.28259
     ],
     [
      14.49477,
      46.28215
     ],
     [
      14.49493,
      46.28141
     ],
     [
      14.49513,
      46.28117
     ],
     [
      14.49527,
      46.28104
     ],
     [
      14.49545,
      46.28083
     ],
     [
      14.4957,
      46.28049
     ],
     [
      14.49586,
      46.28022
     ],
     [
      14.496,
      46.2801
     ],
     [
      14.49634,
      46.27987
     ],
     [
      14.49683,
      46.27964
     ],
     [
      14.49692,
      46.27952
     ],
     [
      14.49697,
      46.27934
     ],
     [
      14.49698,
      46.27914
     ],
     [
      14.49727,
      46.2786
     ],
     [
      14.49729,
      46.27854
     ],
     [
      14.49728,
      46.27844
     ],
     [
      14.49724,
      46.27836
     ],
     [
      14.49694,
      46.27816
     ],
     [
      14.49688,
      46.2781
     ],
     [
      14.49685,
      46.27806
     ],
     [
      14.49682,
      46.27785
     ],
     [
      14.49677,
      46.27776
     ],
     [
      14.49627,
      46.27725
     ],
     [
      14.49613,
      46.27703
     ],
     [
      14.49611,
      46.27692
     ],
     [
      14.49612,
      46.27667
     ],
     [
      14.49609,
      46.27654
     ],
     [
      14.49604,
      46.27645
     ],
     [
      14.49572,
      46.27609
     ],
     [
      14.49539,
      46.27584
     ],
     [
      14.4953,
      46.27575
     ],
     [
      14.49522,
      46.27564
     ],
     [
      14.49512,
      46.27538
     ],
     [
      14.49504,
      46.27524
     ],
     [
      14.4947,
      46.27494
     ],
     [
      14.49462,
      46.27485
     ],
     [
      14.49449,
      46.27459
     ],
     [
      14.49411,
      46.2741
     ],
     [
      14.49399,
      46.27383
     ],
     [
      14.49392,
      46.27353
     ],
     [
      14.49369,
      46.272995
     ],
     [
      14.49346,
      46.27246
     ],
     [
      14.49321,
      46.27203
     ]
    ]
   }
  },
  {
   "type": "Feature",
   "properties": {
    "kind": "closure",
    "name": "Zaključni krog Šenčur–Možjanca–Cerklje, km 14–16",
    "note": "Popolna zapora v času tekmovanj (ocena – ekipna štafeta; organizator ure ni objavil).",
    "start": "2026-10-06T08:00",
    "end": "2026-10-06T19:00",
    "length_m": 1921
   },
   "geometry": {
    "type": "LineString",
    "coordinates": [
     [
      14.49296,
      46.2716
     ],
     [
      14.49264,
      46.2712
     ],
     [
      14.49252,
      46.27083
     ],
     [
      14.49246,
      46.27047
     ],
     [
      14.49243,
      46.26985
     ],
     [
      14.49252,
      46.26948
     ],
     [
      14.49265,
      46.26913
     ],
     [
      14.49295,
      46.268665
     ],
     [
      14.49325,
      46.2682
     ],
     [
      14.49327,
      46.26765
     ],
     [
      14.4933,
      46.26741
     ],
     [
      14.49369,
      46.26685
     ],
     [
      14.49389,
      46.26644
     ],
     [
      14.49414,
      46.26558
     ],
     [
      14.49422,
      46.2654
     ],
     [
      14.49422,
      46.26533
     ],
     [
      14.49419,
      46.2652
     ],
     [
      14.49414,
      46.26515
     ],
     [
      14.49362,
      46.26488
     ],
     [
      14.49346,
      46.26477
     ],
     [
      14.49324,
      46.2642
     ],
     [
      14.49323,
      46.26406
     ],
     [
      14.49325,
      46.26388
     ],
     [
      14.49332,
      46.26373
     ],
     [
      14.49334,
      46.26352
     ],
     [
      14.49332,
      46.26338
     ],
     [
      14.49326,
      46.26321
     ],
     [
      14.49325,
      46.26311
     ],
     [
      14.49335,
      46.26279
     ],
     [
      14.49338,
      46.26262
     ],
     [
      14.49336,
      46.26249
     ],
     [
      14.49325,
      46.26231
     ],
     [
      14.492855,
      46.261895
     ],
     [
      14.49246,
      46.26148
     ],
     [
      14.49232,
      46.26131
     ],
     [
      14.49202,
      46.26085
     ],
     [
      14.49211,
      46.26101
     ],
     [
      14.49202,
      46.26085
     ],
     [
      14.49147,
      46.26094
     ],
     [
      14.49112,
      46.26098
     ],
     [
      14.49037,
      46.26111
     ],
     [
      14.48916,
      46.26114
     ],
     [
      14.48826,
      46.2612
     ],
     [
      14.48759,
      46.26137
     ],
     [
      14.48716,
      46.26137
     ],
     [
      14.4865,
      46.2613
     ],
     [
      14.48617,
      46.26132
     ],
     [
      14.48576,
      46.26143
     ],
     [
      14.48547,
      46.26147
     ],
     [
      14.484315,
      46.261465
     ]
    ]
   }
  },
  {
   "type": "Feature",
   "properties": {
    "kind": "closure",
    "name": "Zaključni krog Šenčur–Možjanca–Cerklje, km 16–18",
    "note": "Popolna zapora v času tekmovanj (ocena – ekipna štafeta; organizator ure ni objavil).",
    "start": "2026-10-06T08:00",
    "end": "2026-10-06T19:00",
    "length_m": 1941
   },
   "geometry": {
    "type": "LineString",
    "coordinates": [
     [
      14.48316,
      46.26146
     ],
     [
      14.482215,
      46.261485
     ],
     [
      14.48127,
      46.26151
     ],
     [
      14.480525,
      46.26154
     ],
     [
      14.47978,
      46.26157
     ],
     [
      14.478795,
      46.26169
     ],
     [
      14.47781,
      46.26181
     ],
     [
      14.476825,
      46.26193
     ],
     [
      14.47584,
      46.26205
     ],
     [
      14.47483,
      46.262195
     ],
     [
      14.47382,
      46.26234
     ],
     [
      14.47284,
      46.262455
     ],
     [
      14.47186,
      46.26257
     ],
     [
      14.47117,
      46.26264
     ],
     [
      14.47088,
      46.26266
     ],
     [
      14.47012,
      46.26262
     ],
     [
      14.46976,
      46.26258
     ],
     [
      14.46871,
      46.26254
     ],
     [
      14.46766,
      46.2625
     ],
     [
      14.46667,
      46.26251
     ],
     [
      14.465685,
      46.262495
     ],
     [
      14.4647,
      46.26248
     ],
     [
      14.46444,
      46.26249
     ],
     [
      14.46417,
      46.26253
     ],
     [
      14.46406,
      46.26257
     ],
     [
      14.46371,
      46.26277
     ],
     [
      14.4632,
      46.26315
     ],
     [
      14.46301,
      46.26327
     ],
     [
      14.46264,
      46.2634
     ],
     [
      14.46192,
      46.263505
     ],
     [
      14.4612,
      46.26361
     ],
     [
      14.46047,
      46.26374
     ],
     [
      14.46005,
      46.26384
     ],
     [
      14.45986,
      46.2639
     ],
     [
      14.45955,
      46.26402
     ],
     [
      14.45934,
      46.26414
     ],
     [
      14.45934,
      46.26414
     ],
     [
      14.45924,
      46.2642
     ],
     [
      14.45916,
      46.26426
     ],
     [
      14.45895,
      46.26438
     ],
     [
      14.45895,
      46.26438
     ],
     [
      14.45895,
      46.26438
     ],
     [
      14.45893,
      46.26439
     ],
     [
      14.4589,
      46.26439
     ]
    ]
   }
  },
  {
   "type": "Feature",
   "properties": {
    "kind": "closure",
    "name": "Zaključni krog Šenčur–Možjanca–Cerklje, km 18–20",
    "note": "Popolna zapora v času tekmovanj (ocena – ekipna štafeta; organizator ure ni objavil).",
    "start": "2026-10-06T08:00",
    "end": "2026-10-06T19:00",
    "length_m": 1981
   },
   "geometry": {
    "type": "LineString",
    "coordinates": [
     [
      14.45872,
      46.26428
     ],
     [
      14.45865,
      46.26416
     ],
     [
      14.45836,
      46.26364
     ],
     [
      14.458063,
      46.263073
     ],
     [
      14.457767,
      46.262507
     ],
     [
      14.45747,
      46.26194
     ],
     [
      14.45715,
      46.26194
     ],
     [
      14.45696,
      46.26196
     ],
     [
      14.45641,
      46.26207
     ],
     [
      14.45606,
      46.26207
     ],
     [
      14.45585,
      46.26204
     ],
     [
      14.45467,
      46.26175
     ],
     [
      14.45354,
      46.26153
     ],
     [
      14.45237,
      46.26131
     ],
     [
      14.4512,
      46.26109
     ],
     [
      14.45023,
      46.260855
     ],
     [
      14.44926,
      46.26062
     ],
     [
      14.44901,
      46.2606
     ],
     [
      14.44862,
      46.26062
     ],
     [
      14.4483,
      46.26066
     ],
     [
      14.44712,
      46.26092
     ],
     [
      14.44682,
      46.26097
     ],
     [
      14.44621,
      46.26099
     ],
     [
      14.44592,
      46.26097
     ],
     [
      14.444827,
      46.260783
     ],
     [
      14.443733,
      46.260597
     ],
     [
      14.44264,
      46.26041
     ],
     [
      14.44229,
      46.26032
     ],
     [
      14.44195,
      46.2602
     ],
     [
      14.44129,
      46.25993
     ],
     [
      14.440352,
      46.25947
     ],
     [
      14.439415,
      46.25901
     ],
     [
      14.438477,
      46.25855
     ],
     [
      14.43754,
      46.25809
     ],
     [
      14.43694,
      46.25784
     ]
    ]
   }
  },
  {
   "type": "Feature",
   "properties": {
    "kind": "closure",
    "name": "Zaključni krog Šenčur–Možjanca–Cerklje, km 20–22",
    "note": "Popolna zapora v času tekmovanj (ocena – ekipna štafeta; organizator ure ni objavil).",
    "start": "2026-10-06T08:00",
    "end": "2026-10-06T19:00",
    "length_m": 1968
   },
   "geometry": {
    "type": "LineString",
    "coordinates": [
     [
      14.43672,
      46.25777
     ],
     [
      14.4359,
      46.25762
     ],
     [
      14.43559,
      46.25753
     ],
     [
      14.434625,
      46.257195
     ],
     [
      14.43366,
      46.25686
     ],
     [
      14.433015,
      46.25647
     ],
     [
      14.43237,
      46.25608
     ],
     [
      14.43141,
      46.25557
     ],
     [
      14.43045,
      46.25506
     ],
     [
      14.42982,
      46.25461
     ],
     [
      14.42925,
      46.25424
     ],
     [
      14.42868,
      46.25387
     ],
     [
      14.428,
      46.2534
     ],
     [
      14.4275,
      46.252995
     ],
     [
      14.427,
      46.25259
     ],
     [
      14.42623,
      46.252055
     ],
     [
      14.42546,
      46.25152
     ],
     [
      14.4248,
      46.25083
     ],
     [
      14.42443,
      46.25042
     ],
     [
      14.42419,
      46.25009
     ],
     [
      14.4239,
      46.24945
     ],
     [
      14.42381,
      46.24932
     ],
     [
      14.42368,
      46.2492
     ],
     [
      14.42356,
      46.24913
     ],
     [
      14.42294,
      46.24889
     ],
     [
      14.42269,
      46.24872
     ],
     [
      14.422035,
      46.248245
     ],
     [
      14.42138,
      46.24777
     ],
     [
      14.42094,
      46.24743
     ],
     [
      14.4205,
      46.24714
     ],
     [
      14.42038,
      46.24704
     ],
     [
      14.4203,
      46.24697
     ],
     [
      14.42028,
      46.24713
     ],
     [
      14.42013,
      46.24745
     ],
     [
      14.42008,
      46.24761
     ],
     [
      14.42013,
      46.24824
     ],
     [
      14.42012,
      46.24868
     ]
    ]
   }
  },
  {
   "type": "Feature",
   "properties": {
    "kind": "closure",
    "name": "Zaključni krog Šenčur–Možjanca–Cerklje, km 0–2",
    "note": "Popolna zapora v času tekmovanj (ocena – vožnja na čas; organizator ure ni objavil).",
    "start": "2026-10-07T08:00",
    "end": "2026-10-07T19:00",
    "length_m": 1974
   },
   "geometry": {
    "type": "LineString",
    "coordinates": [
     [
      14.42031,
      46.24944
     ],
     [
      14.420353,
      46.249585
     ],
     [
      14.42037,
      46.24958
     ],
     [
      14.42037,
      46.24962
     ],
     [
      14.4204,
      46.24983
     ],
     [
      14.42041,
      46.24995
     ],
     [
      14.42041,
      46.25004
     ],
     [
      14.42042,
      46.25008
     ],
     [
      14.42042,
      46.25027
     ],
     [
      14.42041,
      46.25038
     ],
     [
      14.4204,
      46.25056
     ],
     [
      14.4204,
      46.25056
     ],
     [
      14.42086,
      46.25055
     ],
     [
      14.42086,
      46.25055
     ],
     [
      14.42091,
      46.25067
     ],
     [
      14.420902,
      46.250675
     ],
     [
      14.42105,
      46.251015
     ],
     [
      14.42127,
      46.25152
     ],
     [
      14.42165,
      46.25232
     ],
     [
      14.42192,
      46.25317
     ],
     [
      14.42224,
      46.25391
     ],
     [
      14.4224,
      46.25421
     ],
     [
      14.42264,
      46.25451
     ],
     [
      14.42273,
      46.25465
     ],
     [
      14.42291,
      46.25509
     ],
     [
      14.42308,
      46.25541
     ],
     [
      14.42324,
      46.2556
     ],
     [
      14.42379,
      46.25613
     ],
     [
      14.42431,
      46.25656
     ],
     [
      14.42487,
      46.25695
     ],
     [
      14.42505,
      46.25706
     ],
     [
      14.42523,
      46.25721
     ],
     [
      14.42539,
      46.25739
     ],
     [
      14.42577,
      46.25787
     ],
     [
      14.42597,
      46.25819
     ],
     [
      14.42618,
      46.25868
     ],
     [
      14.42644,
      46.25918
     ],
     [
      14.4267,
      46.25968
     ],
     [
      14.42706,
      46.26006
     ],
     [
      14.42728,
      46.26037
     ],
     [
      14.42736,
      46.26058
     ],
     [
      14.42748,
      46.26122
     ],
     [
      14.42754,
      46.26133
     ],
     [
      14.42767,
      46.26152
     ],
     [
      14.42801,
      46.261915
     ],
     [
      14.42835,
      46.26231
     ],
     [
      14.42872,
      46.2628
     ],
     [
      14.42909,
      46.26329
     ],
     [
      14.42917,
      46.26349
     ],
     [
      14.42924,
      46.26422
     ],
     [
      14.42933,
      46.26475
     ],
     [
      14.42943,
      46.2655
     ]
    ]
   }
  },
  {
   "type": "Feature",
   "properties": {
    "kind": "closure",
    "name": "Zaključni krog Šenčur–Možjanca–Cerklje, km 2–4",
    "note": "Popolna zapora v času tekmovanj (ocena – vožnja na čas; organizator ure ni objavil).",
    "start": "2026-10-07T08:00",
    "end": "2026-10-07T19:00",
    "length_m": 1947
   },
   "geometry": {
    "type": "LineString",
    "coordinates": [
     [
      14.4294,
      46.26614
     ],
     [
      14.42942,
      46.26629
     ],
     [
      14.42947,
      46.26645
     ],
     [
      14.42964,
      46.26671
     ],
     [
      14.43035,
      46.26733
     ],
     [
      14.43057,
      46.2676
     ],
     [
      14.43069,
      46.26775
     ],
     [
      14.43094,
      46.26774
     ],
     [
      14.43106,
      46.2678
     ],
     [
      14.43114,
      46.26785
     ],
     [
      14.43126,
      46.26805
     ],
     [
      14.43158,
      46.26867
     ],
     [
      14.4317,
      46.26898
     ],
     [
      14.43204,
      46.26917
     ],
     [
      14.43224,
      46.26945
     ],
     [
      14.43235,
      46.26956
     ],
     [
      14.43256,
      46.26964
     ],
     [
      14.433,
      46.26969
     ],
     [
      14.43313,
      46.26974
     ],
     [
      14.43329,
      46.26988
     ],
     [
      14.43351,
      46.27046
     ],
     [
      14.4336,
      46.27074
     ],
     [
      14.43371,
      46.27103
     ],
     [
      14.4338,
      46.27117
     ],
     [
      14.4341,
      46.27146
     ],
     [
      14.43423,
      46.27183
     ],
     [
      14.43433,
      46.27201
     ],
     [
      14.43446,
      46.27215
     ],
     [
      14.43457,
      46.27223
     ],
     [
      14.43513,
      46.27259
     ],
     [
      14.43585,
      46.273085
     ],
     [
      14.43657,
      46.27358
     ],
     [
      14.4368,
      46.27372
     ],
     [
      14.437,
      46.27381
     ],
     [
      14.43739,
      46.27392
     ],
     [
      14.4385,
      46.27405
     ],
     [
      14.43881,
      46.27413
     ],
     [
      14.43893,
      46.27422
     ],
     [
      14.43921,
      46.27452
     ],
     [
      14.43924,
      46.27461
     ],
     [
      14.43924,
      46.2748
     ],
     [
      14.4391,
      46.27507
     ],
     [
      14.43903,
      46.27529
     ],
     [
      14.439,
      46.27549
     ],
     [
      14.43903,
      46.27605
     ],
     [
      14.43906,
      46.27661
     ],
     [
      14.43888,
      46.27702
     ],
     [
      14.43882,
      46.27722
     ],
     [
      14.43867,
      46.27742
     ],
     [
      14.43845,
      46.27761
     ],
     [
      14.43819,
      46.27816
     ],
     [
      14.43787,
      46.27872
     ],
     [
      14.43781,
      46.27877
     ],
     [
      14.43771,
      46.27879
     ],
     [
      14.43748,
      46.27879
     ],
     [
      14.43732,
      46.27882
     ],
     [
      14.4372,
      46.27889
     ],
     [
      14.43709,
      46.279
     ],
     [
      14.43698,
      46.27919
     ],
     [
      14.43699,
      46.27944
     ],
     [
      14.43715,
      46.27979
     ],
     [
      14.43708,
      46.27993
     ]
    ]
   }
  },
  {
   "type": "Feature",
   "properties": {
    "kind": "closure",
    "name": "Zaključni krog Šenčur–Možjanca–Cerklje, km 4–6",
    "note": "Popolna zapora v času tekmovanj (ocena – vožnja na čas; organizator ure ni objavil).",
    "start": "2026-10-07T08:00",
    "end": "2026-10-07T19:00",
    "length_m": 1910
   },
   "geometry": {
    "type": "LineString",
    "coordinates": [
     [
      14.43672,
      46.28028
     ],
     [
      14.43665,
      46.28038
     ],
     [
      14.43659,
      46.28053
     ],
     [
      14.43655,
      46.28078
     ],
     [
      14.43652,
      46.281395
     ],
     [
      14.43649,
      46.28201
     ],
     [
      14.43646,
      46.28217
     ],
     [
      14.43621,
      46.28301
     ],
     [
      14.43597,
      46.28379
     ],
     [
      14.43593,
      46.28387
     ],
     [
      14.43582,
      46.28395
     ],
     [
      14.43497,
      46.28421
     ],
     [
      14.43478,
      46.28432
     ],
     [
      14.43467,
      46.28441
     ],
     [
      14.43448,
      46.28469
     ],
     [
      14.43408,
      46.2854
     ],
     [
      14.43367,
      46.28583
     ],
     [
      14.43321,
      46.2863
     ],
     [
      14.43281,
      46.286735
     ],
     [
      14.43241,
      46.28717
     ],
     [
      14.43228,
      46.2874
     ],
     [
      14.43224,
      46.28752
     ],
     [
      14.43222,
      46.2877
     ],
     [
      14.432175,
      46.288245
     ],
     [
      14.43213,
      46.28879
     ],
     [
      14.43202,
      46.28933
     ],
     [
      14.43197,
      46.28987
     ],
     [
      14.43193,
      46.29006
     ],
     [
      14.43175,
      46.29062
     ],
     [
      14.43163,
      46.29106
     ],
     [
      14.43145,
      46.29187
     ],
     [
      14.43131,
      46.29268
     ],
     [
      14.43112,
      46.29307
     ],
     [
      14.431,
      46.29315
     ],
     [
      14.43093,
      46.29341
     ],
     [
      14.43063,
      46.29423
     ],
     [
      14.43057,
      46.29437
     ],
     [
      14.43046,
      46.2945
     ],
     [
      14.4303,
      46.29481
     ],
     [
      14.430155,
      46.29534
     ],
     [
      14.43001,
      46.29587
     ],
     [
      14.43068,
      46.29589
     ]
    ]
   }
  },
  {
   "type": "Feature",
   "properties": {
    "kind": "closure",
    "name": "Zaključni krog Šenčur–Možjanca–Cerklje, km 6–8",
    "note": "Popolna zapora v času tekmovanj (ocena – vožnja na čas; organizator ure ni objavil).",
    "start": "2026-10-07T08:00",
    "end": "2026-10-07T19:00",
    "length_m": 1983
   },
   "geometry": {
    "type": "LineString",
    "coordinates": [
     [
      14.43135,
      46.29591
     ],
     [
      14.43153,
      46.29595
     ],
     [
      14.43205,
      46.2962
     ],
     [
      14.43217,
      46.29623
     ],
     [
      14.43267,
      46.29626
     ],
     [
      14.433,
      46.29622
     ],
     [
      14.43362,
      46.29609
     ],
     [
      14.43481,
      46.29575
     ],
     [
      14.43523,
      46.29561
     ],
     [
      14.43604,
      46.29527
     ],
     [
      14.4366,
      46.29512
     ],
     [
      14.43683,
      46.29498
     ],
     [
      14.43699,
      46.29494
     ],
     [
      14.43816,
      46.29497
     ],
     [
      14.4385,
      46.29494
     ],
     [
      14.43863,
      46.29484
     ],
     [
      14.43886,
      46.2946
     ],
     [
      14.43944,
      46.29385
     ],
     [
      14.4398,
      46.29346
     ],
     [
      14.43996,
      46.29337
     ],
     [
      14.44019,
      46.2933
     ],
     [
      14.44039,
      46.29319
     ],
     [
      14.44052,
      46.29302
     ],
     [
      14.44059,
      46.29277
     ],
     [
      14.44068,
      46.29262
     ],
     [
      14.4408,
      46.29252
     ],
     [
      14.44108,
      46.29252
     ],
     [
      14.44132,
      46.29256
     ],
     [
      14.4415,
      46.29264
     ],
     [
      14.44165,
      46.29266
     ],
     [
      14.44178,
      46.29261
     ],
     [
      14.44201,
      46.29236
     ],
     [
      14.44228,
      46.29202
     ],
     [
      14.44248,
      46.29199
     ],
     [
      14.44271,
      46.29203
     ],
     [
      14.44334,
      46.29224
     ],
     [
      14.44358,
      46.29226
     ],
     [
      14.44388,
      46.29225
     ],
     [
      14.44404,
      46.29229
     ],
     [
      14.44499,
      46.29262
     ],
     [
      14.44516,
      46.29265
     ],
     [
      14.44537,
      46.29263
     ],
     [
      14.44546,
      46.2926
     ],
     [
      14.44563,
      46.29241
     ],
     [
      14.44578,
      46.29229
     ],
     [
      14.44604,
      46.29215
     ],
     [
      14.44626,
      46.29206
     ],
     [
      14.44699,
      46.29195
     ],
     [
      14.44718,
      46.29197
     ],
     [
      14.44746,
      46.29207
     ],
     [
      14.448,
      46.29232
     ],
     [
      14.44829,
      46.2924
     ],
     [
      14.44916,
      46.29237
     ],
     [
      14.44932,
      46.29241
     ],
     [
      14.4495,
      46.2925
     ],
     [
      14.44989,
      46.29287
     ],
     [
      14.45004,
      46.29305
     ],
     [
      14.45009,
      46.29316
     ],
     [
      14.45014,
      46.29335
     ],
     [
      14.45013,
      46.29345
     ],
     [
      14.45007,
      46.29359
     ],
     [
      14.44979,
      46.294
     ],
     [
      14.44956,
      46.29418
     ],
     [
      14.4496,
      46.29424
     ],
     [
      14.45004,
      46.29431
     ],
     [
      14.4502,
      46.29431
     ],
     [
      14.45048,
      46.29436
     ]
    ]
   }
  },
  {
   "type": "Feature",
   "properties": {
    "kind": "closure",
    "name": "Zaključni krog Šenčur–Možjanca–Cerklje, km 8–10",
    "note": "Popolna zapora v času tekmovanj (ocena – vožnja na čas; organizator ure ni objavil).",
    "start": "2026-10-07T08:00",
    "end": "2026-10-07T19:00",
    "length_m": 1949
   },
   "geometry": {
    "type": "LineString",
    "coordinates": [
     [
      14.45094,
      46.29424
     ],
     [
      14.45151,
      46.29403
     ],
     [
      14.45208,
      46.29393
     ],
     [
      14.45289,
      46.29369
     ],
     [
      14.4538,
      46.29359
     ],
     [
      14.45469,
      46.29321
     ],
     [
      14.45503,
      46.293
     ],
     [
      14.45567,
      46.29268
     ],
     [
      14.45593,
      46.29258
     ],
     [
      14.45615,
      46.29252
     ],
     [
      14.4565,
      46.2925
     ],
     [
      14.45685,
      46.29241
     ],
     [
      14.45714,
      46.29237
     ],
     [
      14.4573,
      46.29231
     ],
     [
      14.45774,
      46.29211
     ],
     [
      14.45881,
      46.29176
     ],
     [
      14.45954,
      46.29147
     ],
     [
      14.46043,
      46.29124
     ],
     [
      14.46078,
      46.29119
     ],
     [
      14.46107,
      46.29119
     ],
     [
      14.46175,
      46.29101
     ],
     [
      14.46243,
      46.29083
     ],
     [
      14.46289,
      46.29082
     ],
     [
      14.46343,
      46.29067
     ],
     [
      14.46398,
      46.29058
     ],
     [
      14.46413,
      46.29058
     ],
     [
      14.46438,
      46.29052
     ],
     [
      14.46447,
      46.29046
     ],
     [
      14.46459,
      46.29042
     ],
     [
      14.46491,
      46.29038
     ],
     [
      14.4652,
      46.29038
     ],
     [
      14.46559,
      46.29026
     ],
     [
      14.46576,
      46.29024
     ],
     [
      14.46643,
      46.29022
     ],
     [
      14.46663,
      46.29013
     ],
     [
      14.46686,
      46.29001
     ],
     [
      14.46757,
      46.29002
     ],
     [
      14.46834,
      46.28988
     ],
     [
      14.46854,
      46.2899
     ],
     [
      14.46869,
      46.28998
     ],
     [
      14.46882,
      46.29015
     ],
     [
      14.46892,
      46.29034
     ],
     [
      14.46908,
      46.29042
     ],
     [
      14.4692,
      46.29042
     ],
     [
      14.46937,
      46.29035
     ],
     [
      14.46973,
      46.29014
     ],
     [
      14.47014,
      46.29002
     ],
     [
      14.4709,
      46.28976
     ],
     [
      14.47167,
      46.28952
     ],
     [
      14.47278,
      46.28919
     ],
     [
      14.47389,
      46.28886
     ]
    ]
   }
  },
  {
   "type": "Feature",
   "properties": {
    "kind": "closure",
    "name": "Zaključni krog Šenčur–Možjanca–Cerklje, km 10–12",
    "note": "Popolna zapora v času tekmovanj (ocena – vožnja na čas; organizator ure ni objavil).",
    "start": "2026-10-07T08:00",
    "end": "2026-10-07T19:00",
    "length_m": 1964
   },
   "geometry": {
    "type": "LineString",
    "coordinates": [
     [
      14.4743,
      46.28877
     ],
     [
      14.4747,
      46.28861
     ],
     [
      14.47532,
      46.28855
     ],
     [
      14.47544,
      46.28851
     ],
     [
      14.47561,
      46.28836
     ],
     [
      14.47577,
      46.28816
     ],
     [
      14.47603,
      46.288
     ],
     [
      14.47616,
      46.28785
     ],
     [
      14.47626,
      46.2877
     ],
     [
      14.4764,
      46.28756
     ],
     [
      14.47661,
      46.28746
     ],
     [
      14.47714,
      46.28734
     ],
     [
      14.47786,
      46.28726
     ],
     [
      14.47832,
      46.28727
     ],
     [
      14.47857,
      46.28732
     ],
     [
      14.47943,
      46.28754
     ],
     [
      14.47985,
      46.28751
     ],
     [
      14.48039,
      46.28751
     ],
     [
      14.48083,
      46.28742
     ],
     [
      14.48122,
      46.28727
     ],
     [
      14.48165,
      46.28715
     ],
     [
      14.48208,
      46.28707
     ],
     [
      14.48272,
      46.28686
     ],
     [
      14.48291,
      46.28675
     ],
     [
      14.48299,
      46.28673
     ],
     [
      14.48331,
      46.28675
     ],
     [
      14.48342,
      46.28678
     ],
     [
      14.48379,
      46.28678
     ],
     [
      14.48389,
      46.28675
     ],
     [
      14.48401,
      46.28669
     ],
     [
      14.48422,
      46.28665
     ],
     [
      14.48449,
      46.28665
     ],
     [
      14.48474,
      46.28668
     ],
     [
      14.48479,
      46.28662
     ],
     [
      14.48486,
      46.28657
     ],
     [
      14.48511,
      46.28646
     ],
     [
      14.48599,
      46.28627
     ],
     [
      14.48625,
      46.28617
     ],
     [
      14.48667,
      46.28598
     ],
     [
      14.48705,
      46.28577
     ],
     [
      14.48721,
      46.2857
     ],
     [
      14.48811,
      46.28551
     ],
     [
      14.48917,
      46.28548
     ],
     [
      14.49034,
      46.28563
     ],
     [
      14.49059,
      46.28572
     ],
     [
      14.49085,
      46.28586
     ],
     [
      14.49115,
      46.2859
     ],
     [
      14.49173,
      46.28592
     ],
     [
      14.49272,
      46.28583
     ],
     [
      14.49302,
      46.28583
     ],
     [
      14.49348,
      46.28586
     ],
     [
      14.49391,
      46.28597
     ],
     [
      14.49461,
      46.28623
     ],
     [
      14.49498,
      46.28634
     ],
     [
      14.4952,
      46.28639
     ],
     [
      14.49534,
      46.2864
     ],
     [
      14.49544,
      46.28639
     ],
     [
      14.49592,
      46.28613
     ],
     [
      14.49635,
      46.28596
     ],
     [
      14.4968,
      46.28575
     ],
     [
      14.49746,
      46.28555
     ]
    ]
   }
  },
  {
   "type": "Feature",
   "properties": {
    "kind": "closure",
    "name": "Zaključni krog Šenčur–Možjanca–Cerklje, km 12–14",
    "note": "Popolna zapora v času tekmovanj (ocena – vožnja na čas; organizator ure ni objavil).",
    "start": "2026-10-07T08:00",
    "end": "2026-10-07T19:00",
    "length_m": 1988
   },
   "geometry": {
    "type": "LineString",
    "coordinates": [
     [
      14.49795,
      46.28548
     ],
     [
      14.49875,
      46.28543
     ],
     [
      14.49913,
      46.28538
     ],
     [
      14.49943,
      46.28528
     ],
     [
      14.49943,
      46.2852
     ],
     [
      14.4994,
      46.28517
     ],
     [
      14.49921,
      46.28513
     ],
     [
      14.49882,
      46.28514
     ],
     [
      14.4984,
      46.28512
     ],
     [
      14.49727,
      46.28501
     ],
     [
      14.49684,
      46.28495
     ],
     [
      14.4962,
      46.28481
     ],
     [
      14.49569,
      46.28463
     ],
     [
      14.49551,
      46.28454
     ],
     [
      14.49518,
      46.28432
     ],
     [
      14.49503,
      46.28418
     ],
     [
      14.49494,
      46.28407
     ],
     [
      14.49487,
      46.28395
     ],
     [
      14.49477,
      46.28365
     ],
     [
      14.49462,
      46.28331
     ],
     [
      14.49461,
      46.28297
     ],
     [
      14.49472,
      46.28259
     ],
     [
      14.49477,
      46.28215
     ],
     [
      14.49493,
      46.28141
     ],
     [
      14.49513,
      46.28117
     ],
     [
      14.49527,
      46.28104
     ],
     [
      14.49545,
      46.28083
     ],
     [
      14.4957,
      46.28049
     ],
     [
      14.49586,
      46.28022
     ],
     [
      14.496,
      46.2801
     ],
     [
      14.49634,
      46.27987
     ],
     [
      14.49683,
      46.27964
     ],
     [
      14.49692,
      46.27952
     ],
     [
      14.49697,
      46.27934
     ],
     [
      14.49698,
      46.27914
     ],
     [
      14.49727,
      46.2786
     ],
     [
      14.49729,
      46.27854
     ],
     [
      14.49728,
      46.27844
     ],
     [
      14.49724,
      46.27836
     ],
     [
      14.49694,
      46.27816
     ],
     [
      14.49688,
      46.2781
     ],
     [
      14.49685,
      46.27806
     ],
     [
      14.49682,
      46.27785
     ],
     [
      14.49677,
      46.27776
     ],
     [
      14.49627,
      46.27725
     ],
     [
      14.49613,
      46.27703
     ],
     [
      14.49611,
      46.27692
     ],
     [
      14.49612,
      46.27667
     ],
     [
      14.49609,
      46.27654
     ],
     [
      14.49604,
      46.27645
     ],
     [
      14.49572,
      46.27609
     ],
     [
      14.49539,
      46.27584
     ],
     [
      14.4953,
      46.27575
     ],
     [
      14.49522,
      46.27564
     ],
     [
      14.49512,
      46.27538
     ],
     [
      14.49504,
      46.27524
     ],
     [
      14.4947,
      46.27494
     ],
     [
      14.49462,
      46.27485
     ],
     [
      14.49449,
      46.27459
     ],
     [
      14.49411,
      46.2741
     ],
     [
      14.49399,
      46.27383
     ],
     [
      14.49392,
      46.27353
     ],
     [
      14.49369,
      46.272995
     ],
     [
      14.49346,
      46.27246
     ],
     [
      14.49321,
      46.27203
     ]
    ]
   }
  },
  {
   "type": "Feature",
   "properties": {
    "kind": "closure",
    "name": "Zaključni krog Šenčur–Možjanca–Cerklje, km 14–16",
    "note": "Popolna zapora v času tekmovanj (ocena – vožnja na čas; organizator ure ni objavil).",
    "start": "2026-10-07T08:00",
    "end": "2026-10-07T19:00",
    "length_m": 1921
   },
   "geometry": {
    "type": "LineString",
    "coordinates": [
     [
      14.49296,
      46.2716
     ],
     [
      14.49264,
      46.2712
     ],
     [
      14.49252,
      46.27083
     ],
     [
      14.49246,
      46.27047
     ],
     [
      14.49243,
      46.26985
     ],
     [
      14.49252,
      46.26948
     ],
     [
      14.49265,
      46.26913
     ],
     [
      14.49295,
      46.268665
     ],
     [
      14.49325,
      46.2682
     ],
     [
      14.49327,
      46.26765
     ],
     [
      14.4933,
      46.26741
     ],
     [
      14.49369,
      46.26685
     ],
     [
      14.49389,
      46.26644
     ],
     [
      14.49414,
      46.26558
     ],
     [
      14.49422,
      46.2654
     ],
     [
      14.49422,
      46.26533
     ],
     [
      14.49419,
      46.2652
     ],
     [
      14.49414,
      46.26515
     ],
     [
      14.49362,
      46.26488
     ],
     [
      14.49346,
      46.26477
     ],
     [
      14.49324,
      46.2642
     ],
     [
      14.49323,
      46.26406
     ],
     [
      14.49325,
      46.26388
     ],
     [
      14.49332,
      46.26373
     ],
     [
      14.49334,
      46.26352
     ],
     [
      14.49332,
      46.26338
     ],
     [
      14.49326,
      46.26321
     ],
     [
      14.49325,
      46.26311
     ],
     [
      14.49335,
      46.26279
     ],
     [
      14.49338,
      46.26262
     ],
     [
      14.49336,
      46.26249
     ],
     [
      14.49325,
      46.26231
     ],
     [
      14.492855,
      46.261895
     ],
     [
      14.49246,
      46.26148
     ],
     [
      14.49232,
      46.26131
     ],
     [
      14.49202,
      46.26085
     ],
     [
      14.49211,
      46.26101
     ],
     [
      14.49202,
      46.26085
     ],
     [
      14.49147,
      46.26094
     ],
     [
      14.49112,
      46.26098
     ],
     [
      14.49037,
      46.26111
     ],
     [
      14.48916,
      46.26114
     ],
     [
      14.48826,
      46.2612
     ],
     [
      14.48759,
      46.26137
     ],
     [
      14.48716,
      46.26137
     ],
     [
      14.4865,
      46.2613
     ],
     [
      14.48617,
      46.26132
     ],
     [
      14.48576,
      46.26143
     ],
     [
      14.48547,
      46.26147
     ],
     [
      14.484315,
      46.261465
     ]
    ]
   }
  },
  {
   "type": "Feature",
   "properties": {
    "kind": "closure",
    "name": "Zaključni krog Šenčur–Možjanca–Cerklje, km 16–18",
    "note": "Popolna zapora v času tekmovanj (ocena – vožnja na čas; organizator ure ni objavil).",
    "start": "2026-10-07T08:00",
    "end": "2026-10-07T19:00",
    "length_m": 1941
   },
   "geometry": {
    "type": "LineString",
    "coordinates": [
     [
      14.48316,
      46.26146
     ],
     [
      14.482215,
      46.261485
     ],
     [
      14.48127,
      46.26151
     ],
     [
      14.480525,
      46.26154
     ],
     [
      14.47978,
      46.26157
     ],
     [
      14.478795,
      46.26169
     ],
     [
      14.47781,
      46.26181
     ],
     [
      14.476825,
      46.26193
     ],
     [
      14.47584,
      46.26205
     ],
     [
      14.47483,
      46.262195
     ],
     [
      14.47382,
      46.26234
     ],
     [
      14.47284,
      46.262455
     ],
     [
      14.47186,
      46.26257
     ],
     [
      14.47117,
      46.26264
     ],
     [
      14.47088,
      46.26266
     ],
     [
      14.47012,
      46.26262
     ],
     [
      14.46976,
      46.26258
     ],
     [
      14.46871,
      46.26254
     ],
     [
      14.46766,
      46.2625
     ],
     [
      14.46667,
      46.26251
     ],
     [
      14.465685,
      46.262495
     ],
     [
      14.4647,
      46.26248
     ],
     [
      14.46444,
      46.26249
     ],
     [
      14.46417,
      46.26253
     ],
     [
      14.46406,
      46.26257
     ],
     [
      14.46371,
      46.26277
     ],
     [
      14.4632,
      46.26315
     ],
     [
      14.46301,
      46.26327
     ],
     [
      14.46264,
      46.2634
     ],
     [
      14.46192,
      46.263505
     ],
     [
      14.4612,
      46.26361
     ],
     [
      14.46047,
      46.26374
     ],
     [
      14.46005,
      46.26384
     ],
     [
      14.45986,
      46.2639
     ],
     [
      14.45955,
      46.26402
     ],
     [
      14.45934,
      46.26414
     ],
     [
      14.45934,
      46.26414
     ],
     [
      14.45924,
      46.2642
     ],
     [
      14.45916,
      46.26426
     ],
     [
      14.45895,
      46.26438
     ],
     [
      14.45895,
      46.26438
     ],
     [
      14.45895,
      46.26438
     ],
     [
      14.45893,
      46.26439
     ],
     [
      14.4589,
      46.26439
     ]
    ]
   }
  },
  {
   "type": "Feature",
   "properties": {
    "kind": "closure",
    "name": "Zaključni krog Šenčur–Možjanca–Cerklje, km 18–20",
    "note": "Popolna zapora v času tekmovanj (ocena – vožnja na čas; organizator ure ni objavil).",
    "start": "2026-10-07T08:00",
    "end": "2026-10-07T19:00",
    "length_m": 1981
   },
   "geometry": {
    "type": "LineString",
    "coordinates": [
     [
      14.45872,
      46.26428
     ],
     [
      14.45865,
      46.26416
     ],
     [
      14.45836,
      46.26364
     ],
     [
      14.458063,
      46.263073
     ],
     [
      14.457767,
      46.262507
     ],
     [
      14.45747,
      46.26194
     ],
     [
      14.45715,
      46.26194
     ],
     [
      14.45696,
      46.26196
     ],
     [
      14.45641,
      46.26207
     ],
     [
      14.45606,
      46.26207
     ],
     [
      14.45585,
      46.26204
     ],
     [
      14.45467,
      46.26175
     ],
     [
      14.45354,
      46.26153
     ],
     [
      14.45237,
      46.26131
     ],
     [
      14.4512,
      46.26109
     ],
     [
      14.45023,
      46.260855
     ],
     [
      14.44926,
      46.26062
     ],
     [
      14.44901,
      46.2606
     ],
     [
      14.44862,
      46.26062
     ],
     [
      14.4483,
      46.26066
     ],
     [
      14.44712,
      46.26092
     ],
     [
      14.44682,
      46.26097
     ],
     [
      14.44621,
      46.26099
     ],
     [
      14.44592,
      46.26097
     ],
     [
      14.444827,
      46.260783
     ],
     [
      14.443733,
      46.260597
     ],
     [
      14.44264,
      46.26041
     ],
     [
      14.44229,
      46.26032
     ],
     [
      14.44195,
      46.2602
     ],
     [
      14.44129,
      46.25993
     ],
     [
      14.440352,
      46.25947
     ],
     [
      14.439415,
      46.25901
     ],
     [
      14.438477,
      46.25855
     ],
     [
      14.43754,
      46.25809
     ],
     [
      14.43694,
      46.25784
     ]
    ]
   }
  },
  {
   "type": "Feature",
   "properties": {
    "kind": "closure",
    "name": "Zaključni krog Šenčur–Možjanca–Cerklje, km 20–22",
    "note": "Popolna zapora v času tekmovanj (ocena – vožnja na čas; organizator ure ni objavil).",
    "start": "2026-10-07T08:00",
    "end": "2026-10-07T19:00",
    "length_m": 1968
   },
   "geometry": {
    "type": "LineString",
    "coordinates": [
     [
      14.43672,
      46.25777
     ],
     [
      14.4359,
      46.25762
     ],
     [
      14.43559,
      46.25753
     ],
     [
      14.434625,
      46.257195
     ],
     [
      14.43366,
      46.25686
     ],
     [
      14.433015,
      46.25647
     ],
     [
      14.43237,
      46.25608
     ],
     [
      14.43141,
      46.25557
     ],
     [
      14.43045,
      46.25506
     ],
     [
      14.42982,
      46.25461
     ],
     [
      14.42925,
      46.25424
     ],
     [
      14.42868,
      46.25387
     ],
     [
      14.428,
      46.2534
     ],
     [
      14.4275,
      46.252995
     ],
     [
      14.427,
      46.25259
     ],
     [
      14.42623,
      46.252055
     ],
     [
      14.42546,
      46.25152
     ],
     [
      14.4248,
      46.25083
     ],
     [
      14.42443,
      46.25042
     ],
     [
      14.42419,
      46.25009
     ],
     [
      14.4239,
      46.24945
     ],
     [
      14.42381,
      46.24932
     ],
     [
      14.42368,
      46.2492
     ],
     [
      14.42356,
      46.24913
     ],
     [
      14.42294,
      46.24889
     ],
     [
      14.42269,
      46.24872
     ],
     [
      14.422035,
      46.248245
     ],
     [
      14.42138,
      46.24777
     ],
     [
      14.42094,
      46.24743
     ],
     [
      14.4205,
      46.24714
     ],
     [
      14.42038,
      46.24704
     ],
     [
      14.4203,
      46.24697
     ],
     [
      14.42028,
      46.24713
     ],
     [
      14.42013,
      46.24745
     ],
     [
      14.42008,
      46.24761
     ],
     [
      14.42013,
      46.24824
     ],
     [
      14.42012,
      46.24868
     ]
    ]
   }
  },
  {
   "type": "Feature",
   "properties": {
    "kind": "closure",
    "name": "Pipanova cesta (Šenčur–Visoko), ciljni prostor",
    "note": "Popolna zapora ves čas prvenstva.",
    "start": "2026-09-29T00:00",
    "end": "2026-10-09T23:59",
    "length_m": 2291
   },
   "geometry": {
    "type": "LineString",
    "coordinates": [
     [
      14.42031,
      46.24944
     ],
     [
      14.420353,
      46.249585
     ],
     [
      14.42037,
      46.24958
     ],
     [
      14.42037,
      46.24962
     ],
     [
      14.4204,
      46.24983
     ],
     [
      14.42041,
      46.24995
     ],
     [
      14.42041,
      46.25004
     ],
     [
      14.42042,
      46.25008
     ],
     [
      14.42042,
      46.25027
     ],
     [
      14.42041,
      46.25038
     ],
     [
      14.4204,
      46.25056
     ],
     [
      14.4204,
      46.25056
     ],
     [
      14.42086,
      46.25055
     ],
     [
      14.42086,
      46.25055
     ],
     [
      14.42091,
      46.25067
     ],
     [
      14.420902,
      46.250675
     ],
     [
      14.42105,
      46.251015
     ],
     [
      14.42127,
      46.25152
     ],
     [
      14.42165,
      46.25232
     ],
     [
      14.42192,
      46.25317
     ],
     [
      14.42224,
      46.25391
     ],
     [
      14.4224,
      46.25421
     ],
     [
      14.42264,
      46.25451
     ],
     [
      14.42273,
      46.25465
     ],
     [
      14.42291,
      46.25509
     ],
     [
      14.42308,
      46.25541
     ],
     [
      14.42324,
      46.2556
     ],
     [
      14.42379,
      46.25613
     ],
     [
      14.42431,
      46.25656
     ],
     [
      14.42487,
      46.25695
     ],
     [
      14.42505,
      46.25706
     ],
     [
      14.42523,
      46.25721
     ],
     [
      14.42539,
      46.25739
     ],
     [
      14.42577,
      46.25787
     ],
     [
      14.42597,
      46.25819
     ],
     [
      14.42618,
      46.25868
     ],
     [
      14.42644,
      46.25918
     ],
     [
      14.4267,
      46.25968
     ],
     [
      14.42706,
      46.26006
     ],
     [
      14.42728,
      46.26037
     ],
     [
      14.42736,
      46.26058
     ],
     [
      14.42748,
      46.26122
     ],
     [
      14.42754,
      46.26133
     ],
     [
      14.42767,
      46.26152
     ],
     [
      14.42801,
      46.261915
     ],
     [
      14.42835,
      46.26231
     ],
     [
      14.42872,
      46.2628
     ],
     [
      14.42909,
      46.26329
     ],
     [
      14.42917,
      46.26349
     ],
     [
      14.42924,
      46.26422
     ],
     [
      14.42933,
      46.26475
     ],
     [
      14.42943,
      46.2655
     ],
     [
      14.4294,
      46.26614
     ],
     [
      14.42942,
      46.26629
     ],
     [
      14.42947,
      46.26645
     ],
     [
      14.42964,
      46.26671
     ],
     [
      14.43035,
      46.26733
     ],
     [
      14.43057,
      46.2676
     ],
     [
      14.43069,
      46.26775
     ],
     [
      14.43094,
      46.26774
     ],
     [
      14.43106,
      46.2678
     ],
     [
      14.43114,
      46.26785
     ]
    ]
   }
  },
  {
   "type": "Feature",
   "properties": {
    "kind": "closure",
    "name": "Cesta Tupaliče–Možjanca–Štefanja Gora–Grad",
    "note": "Popolna zapora ves čas prvenstva.",
    "start": "2026-10-01T00:00",
    "end": "2026-10-07T23:59",
    "length_m": 9923
   },
   "geometry": {
    "type": "LineString",
    "coordinates": [
     [
      14.43163,
      46.29106
     ],
     [
      14.43145,
      46.29187
     ],
     [
      14.43131,
      46.29268
     ],
     [
      14.43112,
      46.29307
     ],
     [
      14.431,
      46.29315
     ],
     [
      14.43093,
      46.29341
     ],
     [
      14.43063,
      46.29423
     ],
     [
      14.43057,
      46.29437
     ],
     [
      14.43046,
      46.2945
     ],
     [
      14.4303,
      46.29481
     ],
     [
      14.430155,
      46.29534
     ],
     [
      14.43001,
      46.29587
     ],
     [
      14.43068,
      46.29589
     ],
     [
      14.43135,
      46.29591
     ],
     [
      14.43153,
      46.29595
     ],
     [
      14.43205,
      46.2962
     ],
     [
      14.43217,
      46.29623
     ],
     [
      14.43267,
      46.29626
     ],
     [
      14.433,
      46.29622
     ],
     [
      14.43362,
      46.29609
     ],
     [
      14.43481,
      46.29575
     ],
     [
      14.43523,
      46.29561
     ],
     [
      14.43604,
      46.29527
     ],
     [
      14.4366,
      46.29512
     ],
     [
      14.43683,
      46.29498
     ],
     [
      14.43699,
      46.29494
     ],
     [
      14.43816,
      46.29497
     ],
     [
      14.4385,
      46.29494
     ],
     [
      14.43863,
      46.29484
     ],
     [
      14.43886,
      46.2946
     ],
     [
      14.43944,
      46.29385
     ],
     [
      14.4398,
      46.29346
     ],
     [
      14.43996,
      46.29337
     ],
     [
      14.44019,
      46.2933
     ],
     [
      14.44039,
      46.29319
     ],
     [
      14.44052,
      46.29302
     ],
     [
      14.44059,
      46.29277
     ],
     [
      14.44068,
      46.29262
     ],
     [
      14.4408,
      46.29252
     ],
     [
      14.44108,
      46.29252
     ],
     [
      14.44132,
      46.29256
     ],
     [
      14.4415,
      46.29264
     ],
     [
      14.44165,
      46.29266
     ],
     [
      14.44178,
      46.29261
     ],
     [
      14.44201,
      46.29236
     ],
     [
      14.44228,
      46.29202
     ],
     [
      14.44248,
      46.29199
     ],
     [
      14.44271,
      46.29203
     ],
     [
      14.44334,
      46.29224
     ],
     [
      14.44358,
      46.29226
     ],
     [
      14.44388,
      46.29225
     ],
     [
      14.44404,
      46.29229
     ],
     [
      14.44499,
      46.29262
     ],
     [
      14.44516,
      46.29265
     ],
     [
      14.44537,
      46.29263
     ],
     [
      14.44546,
      46.2926
     ],
     [
      14.44563,
      46.29241
     ],
     [
      14.44578,
      46.29229
     ],
     [
      14.44604,
      46.29215
     ],
     [
      14.44626,
      46.29206
     ],
     [
      14.44699,
      46.29195
     ],
     [
      14.44718,
      46.29197
     ],
     [
      14.44746,
      46.29207
     ],
     [
      14.448,
      46.29232
     ],
     [
      14.44829,
      46.2924
     ],
     [
      14.44916,
      46.29237
     ],
     [
      14.44932,
      46.29241
     ],
     [
      14.4495,
      46.2925
     ],
     [
      14.44989,
      46.29287
     ],
     [
      14.45004,
      46.29305
     ],
     [
      14.45009,
      46.29316
     ],
     [
      14.45014,
      46.29335
     ],
     [
      14.45013,
      46.29345
     ],
     [
      14.45007,
      46.29359
     ],
     [
      14.44979,
      46.294
     ],
     [
      14.44956,
      46.29418
     ],
     [
      14.4496,
      46.29424
     ],
     [
      14.45004,
      46.29431
     ],
     [
      14.4502,
      46.29431
     ],
     [
      14.45048,
      46.29436
     ],
     [
      14.45094,
      46.29424
     ],
     [
      14.45151,
      46.29403
     ],
     [
      14.45208,
      46.29393
     ],
     [
      14.45289,
      46.29369
     ],
     [
      14.4538,
      46.29359
     ],
     [
      14.45469,
      46.29321
     ],
     [
      14.45503,
      46.293
     ],
     [
      14.45567,
      46.29268
     ],
     [
      14.45593,
      46.29258
     ],
     [
      14.45615,
      46.29252
     ],
     [
      14.4565,
      46.2925
     ],
     [
      14.45685,
      46.29241
     ],
     [
      14.45714,
      46.29237
     ],
     [
      14.4573,
      46.29231
     ],
     [
      14.45774,
      46.29211
     ],
     [
      14.45881,
      46.29176
     ],
     [
      14.45954,
      46.29147
     ],
     [
      14.46043,
      46.29124
     ],
     [
      14.46078,
      46.29119
     ],
     [
      14.46107,
      46.29119
     ],
     [
      14.46175,
      46.29101
     ],
     [
      14.46243,
      46.29083
     ],
     [
      14.46289,
      46.29082
     ],
     [
      14.46343,
      46.29067
     ],
     [
      14.46398,
      46.29058
     ],
     [
      14.46413,
      46.29058
     ],
     [
      14.46438,
      46.29052
     ],
     [
      14.46447,
      46.29046
     ],
     [
      14.46459,
      46.29042
     ],
     [
      14.46491,
      46.29038
     ],
     [
      14.4652,
      46.29038
     ],
     [
      14.46559,
      46.29026
     ],
     [
      14.46576,
      46.29024
     ],
     [
      14.46643,
      46.29022
     ],
     [
      14.46663,
      46.29013
     ],
     [
      14.46686,
      46.29001
     ],
     [
      14.46757,
      46.29002
     ],
     [
      14.46834,
      46.28988
     ],
     [
      14.46854,
      46.2899
     ],
     [
      14.46869,
      46.28998
     ],
     [
      14.46882,
      46.29015
     ],
     [
      14.46892,
      46.29034
     ],
     [
      14.46908,
      46.29042
     ],
     [
      14.4692,
      46.29042
     ],
     [
      14.46937,
      46.29035
     ],
     [
      14.46973,
      46.29014
     ],
     [
      14.47014,
      46.29002
     ],
     [
      14.4709,
      46.28976
     ],
     [
      14.47167,
      46.28952
     ],
     [
      14.47278,
      46.28919
     ],
     [
      14.47389,
      46.28886
     ],
     [
      14.4743,
      46.28877
     ],
     [
      14.4747,
      46.28861
     ],
     [
      14.47532,
      46.28855
     ],
     [
      14.47544,
      46.28851
     ],
     [
      14.47561,
      46.28836
     ],
     [
      14.47577,
      46.28816
     ],
     [
      14.47603,
      46.288
     ],
     [
      14.47616,
      46.28785
     ],
     [
      14.47626,
      46.2877
     ],
     [
      14.4764,
      46.28756
     ],
     [
      14.47661,
      46.28746
     ],
     [
      14.47714,
      46.28734
     ],
     [
      14.47786,
      46.28726
     ],
     [
      14.47832,
      46.28727
     ],
     [
      14.47857,
      46.28732
     ],
     [
      14.47943,
      46.28754
     ],
     [
      14.47985,
      46.28751
     ],
     [
      14.48039,
      46.28751
     ],
     [
      14.48083,
      46.28742
     ],
     [
      14.48122,
      46.28727
     ],
     [
      14.48165,
      46.28715
     ],
     [
      14.48208,
      46.28707
     ],
     [
      14.48272,
      46.28686
     ],
     [
      14.48291,
      46.28675
     ],
     [
      14.48299,
      46.28673
     ],
     [
      14.48331,
      46.28675
     ],
     [
      14.48342,
      46.28678
     ],
     [
      14.48379,
      46.28678
     ],
     [
      14.48389,
      46.28675
     ],
     [
      14.48401,
      46.28669
     ],
     [
      14.48422,
      46.28665
     ],
     [
      14.48449,
      46.28665
     ],
     [
      14.48474,
      46.28668
     ],
     [
      14.48479,
      46.28662
     ],
     [
      14.48486,
      46.28657
     ],
     [
      14.48511,
      46.28646
     ],
     [
      14.48599,
      46.28627
     ],
     [
      14.48625,
      46.28617
     ],
     [
      14.48667,
      46.28598
     ],
     [
      14.48705,
      46.28577
     ],
     [
      14.48721,
      46.2857
     ],
     [
      14.48811,
      46.28551
     ],
     [
      14.48917,
      46.28548
     ],
     [
      14.49034,
      46.28563
     ],
     [
      14.49059,
      46.28572
     ],
     [
      14.49085,
      46.28586
     ],
     [
      14.49115,
      46.2859
     ],
     [
      14.49173,
      46.28592
     ],
     [
      14.49272,
      46.28583
     ],
     [
      14.49302,
      46.28583
     ],
     [
      14.49348,
      46.28586
     ],
     [
      14.49391,
      46.28597
     ],
     [
      14.49461,
      46.28623
     ],
     [
      14.49498,
      46.28634
     ],
     [
      14.4952,
      46.28639
     ],
     [
      14.49534,
      46.2864
     ],
     [
      14.49544,
      46.28639
     ],
     [
      14.49592,
      46.28613
     ],
     [
      14.49635,
      46.28596
     ],
     [
      14.4968,
      46.28575
     ],
     [
      14.49746,
      46.28555
     ],
     [
      14.49795,
      46.28548
     ],
     [
      14.49875,
      46.28543
     ],
     [
      14.49913,
      46.28538
     ],
     [
      14.49943,
      46.28528
     ],
     [
      14.49943,
      46.2852
     ],
     [
      14.4994,
      46.28517
     ],
     [
      14.49921,
      46.28513
     ],
     [
      14.49882,
      46.28514
     ],
     [
      14.4984,
      46.28512
     ],
     [
      14.49727,
      46.28501
     ],
     [
      14.49684,
      46.28495
     ],
     [
      14.4962,
      46.28481
     ],
     [
      14.49569,
      46.28463
     ],
     [
      14.49551,
      46.28454
     ],
     [
      14.49518,
      46.28432
     ],
     [
      14.49503,
      46.28418
     ],
     [
      14.49494,
      46.28407
     ],
     [
      14.49487,
      46.28395
     ],
     [
      14.49477,
      46.28365
     ],
     [
      14.49462,
      46.28331
     ],
     [
      14.49461,
      46.28297
     ],
     [
      14.49472,
      46.28259
     ],
     [
      14.49477,
      46.28215
     ],
     [
      14.49493,
      46.28141
     ],
     [
      14.49513,
      46.28117
     ],
     [
      14.49527,
      46.28104
     ],
     [
      14.49545,
      46.28083
     ],
     [
      14.4957,
      46.28049
     ],
     [
      14.49586,
      46.28022
     ],
     [
      14.496,
      46.2801
     ],
     [
      14.49634,
      46.27987
     ],
     [
      14.49683,
      46.27964
     ],
     [
      14.49692,
      46.27952
     ],
     [
      14.49697,
      46.27934
     ],
     [
      14.49698,
      46.27914
     ],
     [
      14.49727,
      46.2786
     ],
     [
      14.49729,
      46.27854
     ],
     [
      14.49728,
      46.27844
     ],
     [
      14.49724,
      46.27836
     ],
     [
      14.49694,
      46.27816
     ],
     [
      14.49688,
      46.2781
     ],
     [
      14.49685,
      46.27806
     ],
     [
      14.49682,
      46.27785
     ],
     [
      14.49677,
      46.27776
     ],
     [
      14.49627,
      46.27725
     ],
     [
      14.49613,
      46.27703
     ],
     [
      14.49611,
      46.27692
     ],
     [
      14.49612,
      46.27667
     ],
     [
      14.49609,
      46.27654
     ],
     [
      14.49604,
      46.27645
     ],
     [
      14.49572,
      46.27609
     ],
     [
      14.49539,
      46.27584
     ],
     [
      14.4953,
      46.27575
     ],
     [
      14.49522,
      46.27564
     ],
     [
      14.49512,
      46.27538
     ],
     [
      14.49504,
      46.27524
     ],
     [
      14.4947,
      46.27494
     ],
     [
      14.49462,
      46.27485
     ],
     [
      14.49449,
      46.27459
     ],
     [
      14.49411,
      46.2741
     ],
     [
      14.49399,
      46.27383
     ],
     [
      14.49392,
      46.27353
     ],
     [
      14.49369,
      46.272995
     ],
     [
      14.49346,
      46.27246
     ],
     [
      14.49321,
      46.27203
     ],
     [
      14.49296,
      46.2716
     ],
     [
      14.49264,
      46.2712
     ],
     [
      14.49252,
      46.27083
     ],
     [
      14.49246,
      46.27047
     ],
     [
      14.49243,
      46.26985
     ],
     [
      14.49252,
      46.26948
     ],
     [
      14.49265,
      46.26913
     ],
     [
      14.49295,
      46.268665
     ],
     [
      14.49325,
      46.2682
     ],
     [
      14.49327,
      46.26765
     ],
     [
      14.4933,
      46.26741
     ],
     [
      14.49369,
      46.26685
     ],
     [
      14.49389,
      46.26644
     ],
     [
      14.49414,
      46.26558
     ],
     [
      14.49422,
      46.2654
     ],
     [
      14.49422,
      46.26533
     ],
     [
      14.49419,
      46.2652
     ],
     [
      14.49414,
      46.26515
     ],
     [
      14.49362,
      46.26488
     ],
     [
      14.49346,
      46.26477
     ],
     [
      14.49324,
      46.2642
     ],
     [
      14.49323,
      46.26406
     ],
     [
      14.49325,
      46.26388
     ],
     [
      14.49332,
      46.26373
     ],
     [
      14.49334,
      46.26352
     ],
     [
      14.49332,
      46.26338
     ],
     [
      14.49326,
      46.26321
     ],
     [
      14.49325,
      46.26311
     ],
     [
      14.49335,
      46.26279
     ],
     [
      14.49338,
      46.26262
     ],
     [
      14.49336,
      46.26249
     ],
     [
      14.49325,
      46.26231
     ],
     [
      14.492855,
      46.261895
     ],
     [
      14.49246,
      46.26148
     ],
     [
      14.49232,
      46.26131
     ]
    ]
   }
  },
  {
   "type": "Feature",
   "properties": {
    "kind": "closure",
    "name": "Velesovska cesta (do Sajovčevega naselja), približno",
    "note": "Popolna zapora ves čas prvenstva.",
    "start": "2026-09-29T00:00",
    "end": "2026-10-07T23:59",
    "length_m": 1189
   },
   "geometry": {
    "type": "LineString",
    "coordinates": [
     [
      14.428,
      46.2534
     ],
     [
      14.4275,
      46.252995
     ],
     [
      14.427,
      46.25259
     ],
     [
      14.42623,
      46.252055
     ],
     [
      14.42546,
      46.25152
     ],
     [
      14.4248,
      46.25083
     ],
     [
      14.42443,
      46.25042
     ],
     [
      14.42419,
      46.25009
     ],
     [
      14.4239,
      46.24945
     ],
     [
      14.42381,
      46.24932
     ],
     [
      14.42368,
      46.2492
     ],
     [
      14.42356,
      46.24913
     ],
     [
      14.42294,
      46.24889
     ],
     [
      14.42269,
      46.24872
     ],
     [
      14.422035,
      46.248245
     ],
     [
      14.42138,
      46.24777
     ],
     [
      14.42094,
      46.24743
     ],
     [
      14.4205,
      46.24714
     ],
     [
      14.42038,
      46.24704
     ],
     [
      14.4203,
      46.24697
     ],
     [
      14.42028,
      46.24713
     ],
     [
      14.42013,
      46.24745
     ],
     [
      14.42008,
      46.24761
     ],
     [
      14.42013,
      46.24824
     ],
     [
      14.42012,
      46.24868
     ],
     [
      14.42014,
      46.24889
     ],
     [
      14.42024,
      46.2492
     ]
    ]
   }
  },
  {
   "type": "Feature",
   "properties": {
    "kind": "closure",
    "name": "Moški U23: km 0–1",
    "note": "Kratkotrajna zapora ob prehodu kolesarjev. Čas ocenjen iz hitrosti.",
    "start": "2026-10-02T13:36",
    "end": "2026-10-02T14:03",
    "length_m": 983
   },
   "geometry": {
    "type": "LineString",
    "coordinates": [
     [
      14.45903,
      46.100722
     ],
     [
      14.458899,
      46.100791
     ],
     [
      14.458899,
      46.100791
     ],
     [
      14.458172,
      46.10123
     ],
     [
      14.45511,
      46.103134
     ],
     [
      14.454672,
      46.103438
     ],
     [
      14.454149,
      46.103849
     ],
     [
      14.454149,
      46.103849
     ],
     [
      14.454,
      46.103978
     ],
     [
      14.453972,
      46.104002
     ],
     [
      14.453884,
      46.104137
     ],
     [
      14.453345,
      46.104681
     ],
     [
      14.453303,
      46.104724
     ],
     [
      14.453151,
      46.104882
     ],
     [
      14.452775,
      46.10528
     ],
     [
      14.452682,
      46.105395
     ],
     [
      14.452297,
      46.105823
     ],
     [
      14.452086,
      46.10613
     ],
     [
      14.451829,
      46.106476
     ],
     [
      14.451733,
      46.106591
     ],
     [
      14.451575,
      46.106759
     ],
     [
      14.451449,
      46.106881
     ],
     [
      14.45133,
      46.106984
     ],
     [
      14.451106,
      46.107156
     ],
     [
      14.450791,
      46.107384
     ]
    ]
   }
  },
  {
   "type": "Feature",
   "properties": {
    "kind": "closure",
    "name": "Moški U23: km 1–2",
    "note": "Kratkotrajna zapora ob prehodu kolesarjev. Čas ocenjen iz hitrosti.",
    "start": "2026-10-02T13:38",
    "end": "2026-10-02T14:04",
    "length_m": 834
   },
   "geometry": {
    "type": "LineString",
    "coordinates": [
     [
      14.450457,
      46.107614
     ],
     [
      14.450104,
      46.107832
     ],
     [
      14.449746,
      46.108027
     ],
     [
      14.449554,
      46.108109
     ],
     [
      14.449396,
      46.108172
     ],
     [
      14.449318,
      46.108201
     ],
     [
      14.449223,
      46.108238
     ],
     [
      14.449114,
      46.10831
     ],
     [
      14.44857,
      46.108509
     ],
     [
      14.448344,
      46.108576
     ],
     [
      14.448087,
      46.108699
     ],
     [
      14.447997,
      46.108744
     ],
     [
      14.447664,
      46.10894
     ],
     [
      14.447423,
      46.109098
     ],
     [
      14.447178,
      46.109271
     ],
     [
      14.446972,
      46.109436
     ],
     [
      14.446722,
      46.109672
     ],
     [
      14.446411,
      46.110004
     ],
     [
      14.44612,
      46.110334
     ],
     [
      14.445855,
      46.110651
     ],
     [
      14.445792,
      46.110738
     ],
     [
      14.444654,
      46.112365
     ],
     [
      14.44447,
      46.112616
     ],
     [
      14.444437,
      46.112662
     ],
     [
      14.443936,
      46.113377
     ]
    ]
   }
  },
  {
   "type": "Feature",
   "properties": {
    "kind": "closure",
    "name": "Moški U23: km 2–3",
    "note": "Kratkotrajna zapora ob prehodu kolesarjev. Čas ocenjen iz hitrosti.",
    "start": "2026-10-02T13:39",
    "end": "2026-10-02T14:06",
    "length_m": 918
   },
   "geometry": {
    "type": "LineString",
    "coordinates": [
     [
      14.443103,
      46.114591
     ],
     [
      14.443009,
      46.11474
     ],
     [
      14.442843,
      46.115006
     ],
     [
      14.442396,
      46.115807
     ],
     [
      14.442328,
      46.115928
     ],
     [
      14.442187,
      46.11618
     ],
     [
      14.442015,
      46.116487
     ],
     [
      14.441634,
      46.117171
     ],
     [
      14.441472,
      46.117454
     ],
     [
      14.441208,
      46.117856
     ],
     [
      14.440235,
      46.119271
     ],
     [
      14.440146,
      46.119401
     ],
     [
      14.440025,
      46.119578
     ],
     [
      14.44001,
      46.119601
     ],
     [
      14.439964,
      46.119673
     ],
     [
      14.439868,
      46.11982
     ],
     [
      14.439623,
      46.120182
     ],
     [
      14.439489,
      46.120376
     ],
     [
      14.43909,
      46.120956
     ],
     [
      14.438617,
      46.121651
     ],
     [
      14.438445,
      46.12194
     ],
     [
      14.43841,
      46.122014
     ],
     [
      14.438337,
      46.122189
     ]
    ]
   }
  },
  {
   "type": "Feature",
   "properties": {
    "kind": "closure",
    "name": "Moški U23: km 3–4",
    "note": "Kratkotrajna zapora ob prehodu kolesarjev. Čas ocenjen iz hitrosti.",
    "start": "2026-10-02T13:40",
    "end": "2026-10-02T14:07",
    "length_m": 974
   },
   "geometry": {
    "type": "LineString",
    "coordinates": [
     [
      14.437992,
      46.123107
     ],
     [
      14.4379,
      46.123295
     ],
     [
      14.437797,
      46.123487
     ],
     [
      14.437693,
      46.123646
     ],
     [
      14.437553,
      46.123843
     ],
     [
      14.437362,
      46.124065
     ],
     [
      14.436928,
      46.124528
     ],
     [
      14.436703,
      46.124781
     ],
     [
      14.436495,
      46.125033
     ],
     [
      14.43629,
      46.125321
     ],
     [
      14.435951,
      46.125847
     ],
     [
      14.435783,
      46.126106
     ],
     [
      14.435703,
      46.126229
     ],
     [
      14.435581,
      46.126397
     ],
     [
      14.435448,
      46.126555
     ],
     [
      14.435306,
      46.126695
     ],
     [
      14.435018,
      46.126941
     ],
     [
      14.434794,
      46.127088
     ],
     [
      14.434437,
      46.127287
     ],
     [
      14.433992,
      46.127485
     ],
     [
      14.433618,
      46.127616
     ],
     [
      14.433182,
      46.127744
     ],
     [
      14.432851,
      46.12782
     ],
     [
      14.432423,
      46.127894
     ],
     [
      14.432084,
      46.127936
     ],
     [
      14.431802,
      46.127954
     ],
     [
      14.431537,
      46.127961
     ],
     [
      14.430132,
      46.127968
     ],
     [
      14.429836,
      46.127968
     ],
     [
      14.429487,
      46.127969
     ],
     [
      14.42905,
      46.127986
     ]
    ]
   }
  },
  {
   "type": "Feature",
   "properties": {
    "kind": "closure",
    "name": "Moški U23: km 4–5",
    "note": "Kratkotrajna zapora ob prehodu kolesarjev. Čas ocenjen iz hitrosti.",
    "start": "2026-10-02T13:42",
    "end": "2026-10-02T14:09",
    "length_m": 972
   },
   "geometry": {
    "type": "LineString",
    "coordinates": [
     [
      14.428893,
      46.127999
     ],
     [
      14.428742,
      46.128024
     ],
     [
      14.428426,
      46.128114
     ],
     [
      14.428301,
      46.128162
     ],
     [
      14.428123,
      46.12825
     ],
     [
      14.427962,
      46.128343
     ],
     [
      14.427818,
      46.128432
     ],
     [
      14.427473,
      46.128637
     ],
     [
      14.426145,
      46.12944
     ],
     [
      14.425899,
      46.129586
     ],
     [
      14.425584,
      46.12978
     ],
     [
      14.423566,
      46.130981
     ],
     [
      14.423327,
      46.131124
     ],
     [
      14.422254,
      46.131771
     ],
     [
      14.421498,
      46.132226
     ],
     [
      14.420992,
      46.132531
     ],
     [
      14.420818,
      46.132635
     ],
     [
      14.420362,
      46.132904
     ],
     [
      14.419907,
      46.133189
     ],
     [
      14.419254,
      46.133621
     ]
    ]
   }
  },
  {
   "type": "Feature",
   "properties": {
    "kind": "closure",
    "name": "Moški U23: km 5–6",
    "note": "Kratkotrajna zapora ob prehodu kolesarjev. Čas ocenjen iz hitrosti.",
    "start": "2026-10-02T13:43",
    "end": "2026-10-02T14:11",
    "length_m": 995
   },
   "geometry": {
    "type": "LineString",
    "coordinates": [
     [
      14.419098,
      46.133753
     ],
     [
      14.418933,
      46.133911
     ],
     [
      14.418781,
      46.134071
     ],
     [
      14.418598,
      46.134262
     ],
     [
      14.418309,
      46.134571
     ],
     [
      14.418073,
      46.13484
     ],
     [
      14.418003,
      46.13492
     ],
     [
      14.417917,
      46.135015
     ],
     [
      14.417895,
      46.135042
     ],
     [
      14.417795,
      46.13516
     ],
     [
      14.417642,
      46.135342
     ],
     [
      14.417442,
      46.135598
     ],
     [
      14.417006,
      46.136219
     ],
     [
      14.416946,
      46.136312
     ],
     [
      14.416785,
      46.136532
     ],
     [
      14.416734,
      46.136602
     ],
     [
      14.416517,
      46.136897
     ],
     [
      14.416353,
      46.137084
     ],
     [
      14.416222,
      46.1372
     ],
     [
      14.416034,
      46.137354
     ],
     [
      14.415816,
      46.137509
     ],
     [
      14.415494,
      46.1377
     ],
     [
      14.415324,
      46.137785
     ],
     [
      14.415111,
      46.137878
     ],
     [
      14.415041,
      46.137904
     ],
     [
      14.41498,
      46.137926
     ],
     [
      14.414854,
      46.137971
     ],
     [
      14.413841,
      46.138316
     ],
     [
      14.413396,
      46.138468
     ],
     [
      14.413058,
      46.138563
     ],
     [
      14.41287,
      46.138612
     ],
     [
      14.412785,
      46.138547
     ],
     [
      14.412662,
      46.138407
     ],
     [
      14.412611,
      46.138337
     ],
     [
      14.412566,
      46.138274
     ],
     [
      14.412458,
      46.138213
     ],
     [
      14.412385,
      46.138201
     ],
     [
      14.412306,
      46.13821
     ],
     [
      14.411937,
      46.138348
     ],
     [
      14.411876,
      46.138371
     ],
     [
      14.411557,
      46.13849
     ],
     [
      14.411357,
      46.138568
     ],
     [
      14.411295,
      46.13859
     ],
     [
      14.410971,
      46.138707
     ],
     [
      14.410853,
      46.138747
     ],
     [
      14.410832,
      46.138753
     ],
     [
      14.410668,
      46.138809
     ],
     [
      14.410576,
      46.13884
     ],
     [
      14.410219,
      46.138943
     ]
    ]
   }
  },
  {
   "type": "Feature",
   "properties": {
    "kind": "closure",
    "name": "Moški U23: km 6–7",
    "note": "Kratkotrajna zapora ob prehodu kolesarjev. Čas ocenjen iz hitrosti.",
    "start": "2026-10-02T13:44",
    "end": "2026-10-02T14:12",
    "length_m": 975
   },
   "geometry": {
    "type": "LineString",
    "coordinates": [
     [
      14.409958,
      46.138994
     ],
     [
      14.409747,
      46.139025
     ],
     [
      14.409572,
      46.139078
     ],
     [
      14.408106,
      46.13963
     ],
     [
      14.407572,
      46.139818
     ],
     [
      14.407026,
      46.139985
     ],
     [
      14.406497,
      46.140161
     ],
     [
      14.406047,
      46.140331
     ],
     [
      14.405618,
      46.140516
     ],
     [
      14.404983,
      46.140813
     ],
     [
      14.404675,
      46.140968
     ],
     [
      14.404457,
      46.141122
     ],
     [
      14.404355,
      46.141237
     ],
     [
      14.404171,
      46.141602
     ],
     [
      14.404066,
      46.14172
     ],
     [
      14.403968,
      46.141791
     ],
     [
      14.403826,
      46.14185
     ],
     [
      14.403689,
      46.141879
     ],
     [
      14.40358,
      46.141889
     ],
     [
      14.403477,
      46.141888
     ],
     [
      14.403373,
      46.141872
     ],
     [
      14.403276,
      46.141852
     ],
     [
      14.403038,
      46.141801
     ],
     [
      14.402918,
      46.14179
     ],
     [
      14.402834,
      46.141788
     ],
     [
      14.401929,
      46.141852
     ],
     [
      14.401355,
      46.141906
     ],
     [
      14.400402,
      46.142044
     ],
     [
      14.400087,
      46.142071
     ],
     [
      14.399601,
      46.142058
     ],
     [
      14.399196,
      46.142038
     ],
     [
      14.398885,
      46.142021
     ],
     [
      14.39883,
      46.142032
     ]
    ]
   }
  },
  {
   "type": "Feature",
   "properties": {
    "kind": "closure",
    "name": "Moški U23: km 7–8",
    "note": "Kratkotrajna zapora ob prehodu kolesarjev. Čas ocenjen iz hitrosti.",
    "start": "2026-10-02T13:46",
    "end": "2026-10-02T14:14",
    "length_m": 964
   },
   "geometry": {
    "type": "LineString",
    "coordinates": [
     [
      14.398539,
      46.142093
     ],
     [
      14.397668,
      46.142235
     ],
     [
      14.397445,
      46.142269
     ],
     [
      14.397326,
      46.142281
     ],
     [
      14.397188,
      46.142278
     ],
     [
      14.3971,
      46.142273
     ],
     [
      14.396861,
      46.142263
     ],
     [
      14.396585,
      46.142254
     ],
     [
      14.396355,
      46.142251
     ],
     [
      14.396138,
      46.142253
     ],
     [
      14.395939,
      46.142274
     ],
     [
      14.395167,
      46.142384
     ],
     [
      14.395075,
      46.142399
     ],
     [
      14.3949,
      46.142435
     ],
     [
      14.394552,
      46.142521
     ],
     [
      14.394377,
      46.142544
     ],
     [
      14.394252,
      46.142557
     ],
     [
      14.393997,
      46.142554
     ],
     [
      14.393652,
      46.142585
     ],
     [
      14.393385,
      46.14264
     ],
     [
      14.392921,
      46.142743
     ],
     [
      14.392701,
      46.142765
     ],
     [
      14.392447,
      46.142773
     ],
     [
      14.392233,
      46.14277
     ],
     [
      14.391268,
      46.142735
     ],
     [
      14.390576,
      46.142699
     ],
     [
      14.390031,
      46.142685
     ],
     [
      14.389701,
      46.142676
     ],
     [
      14.389507,
      46.142682
     ],
     [
      14.389285,
      46.142688
     ],
     [
      14.38905,
      46.142694
     ],
     [
      14.38825,
      46.142723
     ],
     [
      14.387928,
      46.142727
     ],
     [
      14.387628,
      46.142697
     ],
     [
      14.387011,
      46.142623
     ],
     [
      14.386527,
      46.142536
     ],
     [
      14.386215,
      46.14246
     ]
    ]
   }
  },
  {
   "type": "Feature",
   "properties": {
    "kind": "closure",
    "name": "Moški U23: km 8–9",
    "note": "Kratkotrajna zapora ob prehodu kolesarjev. Čas ocenjen iz hitrosti.",
    "start": "2026-10-02T13:47",
    "end": "2026-10-02T14:15",
    "length_m": 918
   },
   "geometry": {
    "type": "LineString",
    "coordinates": [
     [
      14.384988,
      46.142169
     ],
     [
      14.384652,
      46.142115
     ],
     [
      14.384585,
      46.142105
     ],
     [
      14.384321,
      46.142066
     ],
     [
      14.38405,
      46.142037
     ],
     [
      14.383455,
      46.141984
     ],
     [
      14.383309,
      46.141958
     ],
     [
      14.383002,
      46.141912
     ],
     [
      14.382827,
      46.141913
     ],
     [
      14.38271,
      46.141929
     ],
     [
      14.382598,
      46.141942
     ],
     [
      14.382442,
      46.141984
     ],
     [
      14.381909,
      46.142138
     ],
     [
      14.381438,
      46.142224
     ],
     [
      14.380886,
      46.142297
     ],
     [
      14.380744,
      46.142318
     ],
     [
      14.380379,
      46.142336
     ],
     [
      14.379805,
      46.142337
     ],
     [
      14.37956,
      46.14237
     ],
     [
      14.379292,
      46.142414
     ],
     [
      14.378791,
      46.142485
     ],
     [
      14.378452,
      46.142485
     ],
     [
      14.378223,
      46.142478
     ],
     [
      14.377896,
      46.142425
     ],
     [
      14.377723,
      46.142381
     ],
     [
      14.377486,
      46.142337
     ],
     [
      14.377328,
      46.142323
     ],
     [
      14.377197,
      46.142338
     ],
     [
      14.376947,
      46.142354
     ],
     [
      14.376698,
      46.142348
     ],
     [
      14.37655,
      46.142331
     ],
     [
      14.376076,
      46.142179
     ],
     [
      14.376009,
      46.142169
     ],
     [
      14.375714,
      46.142125
     ],
     [
      14.375419,
      46.14208
     ],
     [
      14.375218,
      46.142041
     ],
     [
      14.375006,
      46.141992
     ],
     [
      14.374665,
      46.141865
     ],
     [
      14.37425,
      46.141721
     ],
     [
      14.374133,
      46.141696
     ],
     [
      14.374077,
      46.141691
     ],
     [
      14.373897,
      46.141687
     ],
     [
      14.373456,
      46.141755
     ]
    ]
   }
  },
  {
   "type": "Feature",
   "properties": {
    "kind": "closure",
    "name": "Moški U23: km 9–10",
    "note": "Kratkotrajna zapora ob prehodu kolesarjev. Čas ocenjen iz hitrosti.",
    "start": "2026-10-02T13:48",
    "end": "2026-10-02T14:17",
    "length_m": 957
   },
   "geometry": {
    "type": "LineString",
    "coordinates": [
     [
      14.373089,
      46.141858
     ],
     [
      14.372948,
      46.141928
     ],
     [
      14.37283,
      46.142008
     ],
     [
      14.372746,
      46.142094
     ],
     [
      14.372655,
      46.142186
     ],
     [
      14.372601,
      46.142225
     ],
     [
      14.372475,
      46.142317
     ],
     [
      14.372388,
      46.142368
     ],
     [
      14.372075,
      46.142522
     ],
     [
      14.371753,
      46.142633
     ],
     [
      14.371406,
      46.142766
     ],
     [
      14.370943,
      46.142926
     ],
     [
      14.370941,
      46.142927
     ],
     [
      14.370628,
      46.143028
     ],
     [
      14.370187,
      46.143211
     ],
     [
      14.369734,
      46.143367
     ],
     [
      14.369181,
      46.14359
     ],
     [
      14.368861,
      46.143711
     ],
     [
      14.368314,
      46.143885
     ],
     [
      14.367935,
      46.143995
     ],
     [
      14.367379,
      46.144143
     ],
     [
      14.366346,
      46.14441
     ],
     [
      14.365971,
      46.144552
     ],
     [
      14.365475,
      46.144735
     ],
     [
      14.365161,
      46.144817
     ],
     [
      14.364513,
      46.144958
     ],
     [
      14.363531,
      46.145232
     ],
     [
      14.362453,
      46.14555
     ],
     [
      14.362088,
      46.1457
     ]
    ]
   }
  },
  {
   "type": "Feature",
   "properties": {
    "kind": "closure",
    "name": "Moški U23: km 10–11",
    "note": "Kratkotrajna zapora ob prehodu kolesarjev. Čas ocenjen iz hitrosti.",
    "start": "2026-10-02T13:50",
    "end": "2026-10-02T14:18",
    "length_m": 914
   },
   "geometry": {
    "type": "LineString",
    "coordinates": [
     [
      14.361683,
      46.145965
     ],
     [
      14.361522,
      46.146076
     ],
     [
      14.361359,
      46.146163
     ],
     [
      14.361226,
      46.146211
     ],
     [
      14.360919,
      46.146303
     ],
     [
      14.360126,
      46.146466
     ],
     [
      14.358872,
      46.146698
     ],
     [
      14.358288,
      46.146836
     ],
     [
      14.35761,
      46.147041
     ],
     [
      14.35744,
      46.147089
     ],
     [
      14.357089,
      46.147197
     ],
     [
      14.356895,
      46.147258
     ],
     [
      14.356589,
      46.147335
     ],
     [
      14.356457,
      46.147352
     ],
     [
      14.356198,
      46.147366
     ],
     [
      14.356129,
      46.147458
     ],
     [
      14.355936,
      46.147863
     ],
     [
      14.355827,
      46.148185
     ],
     [
      14.355755,
      46.148364
     ],
     [
      14.355698,
      46.148476
     ],
     [
      14.355467,
      46.148711
     ],
     [
      14.355236,
      46.148903
     ],
     [
      14.355024,
      46.149066
     ],
     [
      14.354933,
      46.149168
     ],
     [
      14.354868,
      46.149386
     ],
     [
      14.354849,
      46.149483
     ],
     [
      14.354849,
      46.149671
     ],
     [
      14.354897,
      46.149831
     ],
     [
      14.354909,
      46.149942
     ],
     [
      14.354859,
      46.150042
     ],
     [
      14.354811,
      46.1501
     ],
     [
      14.354714,
      46.150188
     ],
     [
      14.354555,
      46.150301
     ],
     [
      14.354237,
      46.150448
     ],
     [
      14.353471,
      46.150761
     ]
    ]
   }
  },
  {
   "type": "Feature",
   "properties": {
    "kind": "closure",
    "name": "Moški U23: km 11–12",
    "note": "Kratkotrajna zapora ob prehodu kolesarjev. Čas ocenjen iz hitrosti.",
    "start": "2026-10-02T13:51",
    "end": "2026-10-02T14:20",
    "length_m": 899
   },
   "geometry": {
    "type": "LineString",
    "coordinates": [
     [
      14.352063,
      46.151369
     ],
     [
      14.351708,
      46.151523
     ],
     [
      14.350186,
      46.152193
     ],
     [
      14.349876,
      46.152326
     ],
     [
      14.34925,
      46.15258
     ],
     [
      14.348877,
      46.152703
     ],
     [
      14.348295,
      46.152876
     ],
     [
      14.347673,
      46.153016
     ],
     [
      14.347329,
      46.153083
     ],
     [
      14.3471,
      46.153141
     ],
     [
      14.346379,
      46.153429
     ],
     [
      14.345654,
      46.153599
     ],
     [
      14.345338,
      46.153678
     ],
     [
      14.345019,
      46.153734
     ],
     [
      14.344879,
      46.153743
     ],
     [
      14.344688,
      46.153777
     ],
     [
      14.344587,
      46.153829
     ],
     [
      14.344235,
      46.153939
     ],
     [
      14.344074,
      46.154006
     ],
     [
      14.343856,
      46.154137
     ],
     [
      14.343604,
      46.154294
     ],
     [
      14.343459,
      46.154375
     ],
     [
      14.3433,
      46.154441
     ],
     [
      14.34306,
      46.154515
     ],
     [
      14.342617,
      46.154637
     ],
     [
      14.342109,
      46.154745
     ],
     [
      14.341622,
      46.154765
     ]
    ]
   }
  },
  {
   "type": "Feature",
   "properties": {
    "kind": "closure",
    "name": "Moški U23: km 12–13",
    "note": "Kratkotrajna zapora ob prehodu kolesarjev. Čas ocenjen iz hitrosti.",
    "start": "2026-10-02T13:52",
    "end": "2026-10-02T14:21",
    "length_m": 886
   },
   "geometry": {
    "type": "LineString",
    "coordinates": [
     [
      14.340632,
      46.154819
     ],
     [
      14.339964,
      46.154871
     ],
     [
      14.339813,
      46.154912
     ],
     [
      14.339612,
      46.154983
     ],
     [
      14.339151,
      46.155131
     ],
     [
      14.339021,
      46.155179
     ],
     [
      14.338847,
      46.155254
     ],
     [
      14.338687,
      46.155363
     ],
     [
      14.337886,
      46.156016
     ],
     [
      14.337761,
      46.156091
     ],
     [
      14.337564,
      46.156185
     ],
     [
      14.337101,
      46.156304
     ],
     [
      14.336989,
      46.156355
     ],
     [
      14.336907,
      46.156417
     ],
     [
      14.336788,
      46.156573
     ],
     [
      14.336675,
      46.156633
     ],
     [
      14.336559,
      46.156708
     ],
     [
      14.336457,
      46.156756
     ],
     [
      14.336374,
      46.156838
     ],
     [
      14.336013,
      46.157293
     ],
     [
      14.335748,
      46.157528
     ],
     [
      14.335423,
      46.157791
     ],
     [
      14.334981,
      46.158346
     ],
     [
      14.334805,
      46.158528
     ],
     [
      14.33461,
      46.158692
     ],
     [
      14.334385,
      46.158848
     ],
     [
      14.334128,
      46.159
     ],
     [
      14.333891,
      46.159114
     ],
     [
      14.333208,
      46.159368
     ],
     [
      14.332668,
      46.159577
     ],
     [
      14.332329,
      46.159739
     ],
     [
      14.332176,
      46.159819
     ]
    ]
   }
  },
  {
   "type": "Feature",
   "properties": {
    "kind": "closure",
    "name": "Moški U23: km 13–14",
    "note": "Kratkotrajna zapora ob prehodu kolesarjev. Čas ocenjen iz hitrosti.",
    "start": "2026-10-02T13:54",
    "end": "2026-10-02T14:23",
    "length_m": 921
   },
   "geometry": {
    "type": "LineString",
    "coordinates": [
     [
      14.330769,
      46.160559
     ],
     [
      14.33056,
      46.16063
     ],
     [
      14.330318,
      46.160671
     ],
     [
      14.329653,
      46.160678
     ],
     [
      14.329278,
      46.16075
     ],
     [
      14.328953,
      46.16082
     ],
     [
      14.328811,
      46.160849
     ],
     [
      14.328634,
      46.160894
     ],
     [
      14.328419,
      46.160949
     ],
     [
      14.328068,
      46.161024
     ],
     [
      14.32753,
      46.161094
     ],
     [
      14.327114,
      46.161131
     ],
     [
      14.326727,
      46.161193
     ],
     [
      14.326457,
      46.161252
     ],
     [
      14.326147,
      46.161357
     ],
     [
      14.325602,
      46.161669
     ],
     [
      14.325283,
      46.161837
     ],
     [
      14.324987,
      46.16193
     ],
     [
      14.324827,
      46.161954
     ],
     [
      14.324418,
      46.161979
     ],
     [
      14.324027,
      46.161972
     ],
     [
      14.323528,
      46.161945
     ],
     [
      14.323449,
      46.161941
     ],
     [
      14.323192,
      46.16193
     ],
     [
      14.322671,
      46.161929
     ],
     [
      14.322073,
      46.161977
     ],
     [
      14.321392,
      46.162045
     ],
     [
      14.321148,
      46.162065
     ],
     [
      14.3207,
      46.162102
     ],
     [
      14.320445,
      46.162113
     ],
     [
      14.320065,
      46.162066
     ],
     [
      14.319591,
      46.161999
     ],
     [
      14.319314,
      46.161977
     ]
    ]
   }
  },
  {
   "type": "Feature",
   "properties": {
    "kind": "closure",
    "name": "Moški U23: km 14–15",
    "note": "Kratkotrajna zapora ob prehodu kolesarjev. Čas ocenjen iz hitrosti.",
    "start": "2026-10-02T13:55",
    "end": "2026-10-02T14:24",
    "length_m": 933
   },
   "geometry": {
    "type": "LineString",
    "coordinates": [
     [
      14.318979,
      46.161974
     ],
     [
      14.318584,
      46.162029
     ],
     [
      14.318284,
      46.162094
     ],
     [
      14.317814,
      46.162194
     ],
     [
      14.316995,
      46.16233
     ],
     [
      14.316091,
      46.162506
     ],
     [
      14.315318,
      46.162679
     ],
     [
      14.31523,
      46.162699
     ],
     [
      14.315103,
      46.162727
     ],
     [
      14.314875,
      46.162777
     ],
     [
      14.314562,
      46.162845
     ],
     [
      14.314459,
      46.16286
     ],
     [
      14.314283,
      46.162886
     ],
     [
      14.314147,
      46.162907
     ],
     [
      14.313887,
      46.162937
     ],
     [
      14.313751,
      46.16295
     ],
     [
      14.313514,
      46.162961
     ],
     [
      14.313365,
      46.162955
     ],
     [
      14.313215,
      46.162923
     ],
     [
      14.313008,
      46.162826
     ],
     [
      14.312865,
      46.162714
     ],
     [
      14.312695,
      46.162543
     ],
     [
      14.31261,
      46.162485
     ],
     [
      14.312515,
      46.162441
     ],
     [
      14.312286,
      46.162415
     ],
     [
      14.312162,
      46.162411
     ],
     [
      14.312014,
      46.162424
     ],
     [
      14.311874,
      46.162448
     ],
     [
      14.311746,
      46.162456
     ],
     [
      14.311353,
      46.162442
     ],
     [
      14.311261,
      46.162447
     ],
     [
      14.311104,
      46.162471
     ],
     [
      14.31093,
      46.162483
     ],
     [
      14.310829,
      46.16253
     ],
     [
      14.310748,
      46.162592
     ],
     [
      14.310617,
      46.162711
     ],
     [
      14.310485,
      46.162812
     ],
     [
      14.310012,
      46.163235
     ],
     [
      14.309946,
      46.163294
     ],
     [
      14.309846,
      46.163348
     ],
     [
      14.309765,
      46.163393
     ],
     [
      14.309584,
      46.163471
     ],
     [
      14.30923,
      46.163618
     ],
     [
      14.308737,
      46.163826
     ],
     [
      14.30854,
      46.163895
     ],
     [
      14.308336,
      46.163916
     ],
     [
      14.30836,
      46.164025
     ]
    ]
   }
  },
  {
   "type": "Feature",
   "properties": {
    "kind": "closure",
    "name": "Moški U23: km 15–16",
    "note": "Kratkotrajna zapora ob prehodu kolesarjev. Čas ocenjen iz hitrosti.",
    "start": "2026-10-02T13:56",
    "end": "2026-10-02T14:26",
    "length_m": 972
   },
   "geometry": {
    "type": "LineString",
    "coordinates": [
     [
      14.3083,
      46.164733
     ],
     [
      14.30827,
      46.16488
     ],
     [
      14.30819,
      46.165159
     ],
     [
      14.308161,
      46.165217
     ],
     [
      14.308086,
      46.16537
     ],
     [
      14.308057,
      46.165464
     ],
     [
      14.308032,
      46.165598
     ],
     [
      14.308039,
      46.166048
     ],
     [
      14.30803,
      46.166204
     ],
     [
      14.30804,
      46.166372
     ],
     [
      14.308055,
      46.166527
     ],
     [
      14.308083,
      46.166757
     ],
     [
      14.308117,
      46.166856
     ],
     [
      14.308169,
      46.166921
     ],
     [
      14.308194,
      46.166942
     ],
     [
      14.308345,
      46.167027
     ],
     [
      14.308421,
      46.167059
     ],
     [
      14.308727,
      46.167147
     ],
     [
      14.309095,
      46.167228
     ],
     [
      14.309381,
      46.167272
     ],
     [
      14.309529,
      46.167287
     ],
     [
      14.309702,
      46.167307
     ],
     [
      14.310514,
      46.167415
     ],
     [
      14.310848,
      46.167463
     ],
     [
      14.311027,
      46.167476
     ],
     [
      14.31112,
      46.167469
     ],
     [
      14.311247,
      46.167439
     ],
     [
      14.311413,
      46.167356
     ],
     [
      14.31148,
      46.167323
     ],
     [
      14.311606,
      46.16729
     ],
     [
      14.311724,
      46.167308
     ],
     [
      14.311799,
      46.167392
     ],
     [
      14.311825,
      46.167452
     ],
     [
      14.311871,
      46.16756
     ],
     [
      14.311609,
      46.167587
     ],
     [
      14.311414,
      46.167608
     ],
     [
      14.310948,
      46.167626
     ],
     [
      14.310757,
      46.167626
     ],
     [
      14.310506,
      46.167626
     ],
     [
      14.309811,
      46.167582
     ],
     [
      14.309595,
      46.16756
     ],
     [
      14.309284,
      46.167512
     ],
     [
      14.309058,
      46.167468
     ],
     [
      14.308786,
      46.167415
     ],
     [
      14.307734,
      46.167153
     ],
     [
      14.307291,
      46.167056
     ],
     [
      14.30716,
      46.167043
     ],
     [
      14.307086,
      46.167044
     ],
     [
      14.306969,
      46.167062
     ],
     [
      14.306756,
      46.167111
     ]
    ]
   }
  },
  {
   "type": "Feature",
   "properties": {
    "kind": "closure",
    "name": "Moški U23: km 16–17",
    "note": "Kratkotrajna zapora ob prehodu kolesarjev. Čas ocenjen iz hitrosti.",
    "start": "2026-10-02T13:58",
    "end": "2026-10-02T14:27",
    "length_m": 962
   },
   "geometry": {
    "type": "LineString",
    "coordinates": [
     [
      14.306676,
      46.167131
     ],
     [
      14.306577,
      46.167149
     ],
     [
      14.306425,
      46.167162
     ],
     [
      14.306168,
      46.167146
     ],
     [
      14.305829,
      46.167113
     ],
     [
      14.305715,
      46.167105
     ],
     [
      14.305451,
      46.167093
     ],
     [
      14.305379,
      46.167102
     ],
     [
      14.305309,
      46.167137
     ],
     [
      14.30528,
      46.167191
     ],
     [
      14.305181,
      46.167453
     ],
     [
      14.305098,
      46.167635
     ],
     [
      14.305007,
      46.16779
     ],
     [
      14.304933,
      46.167918
     ],
     [
      14.304898,
      46.167994
     ],
     [
      14.304858,
      46.168053
     ],
     [
      14.304792,
      46.16816
     ],
     [
      14.304719,
      46.168313
     ],
     [
      14.304669,
      46.168435
     ],
     [
      14.30459,
      46.168721
     ],
     [
      14.304572,
      46.169111
     ],
     [
      14.304566,
      46.169238
     ],
     [
      14.304556,
      46.16944
     ],
     [
      14.304568,
      46.169568
     ],
     [
      14.304553,
      46.16967
     ],
     [
      14.30452,
      46.169755
     ],
     [
      14.304454,
      46.169877
     ],
     [
      14.304412,
      46.169926
     ],
     [
      14.304244,
      46.17013
     ],
     [
      14.304024,
      46.170368
     ],
     [
      14.304302,
      46.170675
     ],
     [
      14.304376,
      46.17076
     ],
     [
      14.304474,
      46.170904
     ],
     [
      14.304486,
      46.170921
     ],
     [
      14.304618,
      46.17133
     ],
     [
      14.304629,
      46.171439
     ],
     [
      14.304661,
      46.171814
     ],
     [
      14.304667,
      46.171964
     ],
     [
      14.304674,
      46.172139
     ],
     [
      14.304675,
      46.172237
     ],
     [
      14.304665,
      46.172276
     ],
     [
      14.304641,
      46.172323
     ],
     [
      14.304579,
      46.172398
     ],
     [
      14.30448,
      46.172508
     ],
     [
      14.304441,
      46.172545
     ],
     [
      14.304385,
      46.172634
     ],
     [
      14.30423,
      46.172812
     ],
     [
      14.304184,
      46.17286
     ],
     [
      14.304499,
      46.173002
     ],
     [
      14.304689,
      46.17315
     ],
     [
      14.304953,
      46.173399
     ],
     [
      14.30511,
      46.173482
     ],
     [
      14.305276,
      46.173618
     ],
     [
      14.305487,
      46.173864
     ],
     [
      14.30558,
      46.17395
     ],
     [
      14.305749,
      46.174048
     ]
    ]
   }
  },
  {
   "type": "Feature",
   "properties": {
    "kind": "closure",
    "name": "Moški U23: km 17–18",
    "note": "Kratkotrajna zapora ob prehodu kolesarjev. Čas ocenjen iz hitrosti.",
    "start": "2026-10-02T13:59",
    "end": "2026-10-02T14:29",
    "length_m": 959
   },
   "geometry": {
    "type": "LineString",
    "coordinates": [
     [
      14.306166,
      46.174308
     ],
     [
      14.306267,
      46.174363
     ],
     [
      14.306401,
      46.174401
     ],
     [
      14.306555,
      46.17442
     ],
     [
      14.307104,
      46.174421
     ],
     [
      14.307251,
      46.174439
     ],
     [
      14.307384,
      46.174463
     ],
     [
      14.307609,
      46.174534
     ],
     [
      14.308261,
      46.174805
     ],
     [
      14.308463,
      46.1749
     ],
     [
      14.308968,
      46.175224
     ],
     [
      14.30915,
      46.17533
     ],
     [
      14.309346,
      46.175439
     ],
     [
      14.309551,
      46.175578
     ],
     [
      14.309583,
      46.175623
     ],
     [
      14.309724,
      46.175816
     ],
     [
      14.310271,
      46.176405
     ],
     [
      14.311188,
      46.177393
     ],
     [
      14.312118,
      46.178419
     ],
     [
      14.312459,
      46.178797
     ],
     [
      14.312604,
      46.178925
     ],
     [
      14.312913,
      46.179061
     ],
     [
      14.313274,
      46.179344
     ],
     [
      14.313312,
      46.179373
     ],
     [
      14.313482,
      46.179604
     ],
     [
      14.313571,
      46.179706
     ],
     [
      14.313796,
      46.179851
     ],
     [
      14.31404,
      46.179977
     ],
     [
      14.314435,
      46.18022
     ],
     [
      14.314525,
      46.180275
     ],
     [
      14.314534,
      46.180281
     ]
    ]
   }
  },
  {
   "type": "Feature",
   "properties": {
    "kind": "closure",
    "name": "Moški U23: km 18–19",
    "note": "Kratkotrajna zapora ob prehodu kolesarjev. Čas ocenjen iz hitrosti.",
    "start": "2026-10-02T14:00",
    "end": "2026-10-02T14:31",
    "length_m": 994
   },
   "geometry": {
    "type": "LineString",
    "coordinates": [
     [
      14.314837,
      46.18053
     ],
     [
      14.314966,
      46.18061
     ],
     [
      14.315126,
      46.180683
     ],
     [
      14.315305,
      46.180746
     ],
     [
      14.315721,
      46.180841
     ],
     [
      14.316025,
      46.180918
     ],
     [
      14.31641,
      46.181067
     ],
     [
      14.316983,
      46.181296
     ],
     [
      14.31794,
      46.181681
     ],
     [
      14.318395,
      46.181849
     ],
     [
      14.319026,
      46.18212
     ],
     [
      14.319139,
      46.182175
     ],
     [
      14.319599,
      46.182398
     ],
     [
      14.31986,
      46.182529
     ],
     [
      14.320205,
      46.182764
     ],
     [
      14.320305,
      46.182864
     ],
     [
      14.320372,
      46.182931
     ],
     [
      14.320534,
      46.183095
     ],
     [
      14.320917,
      46.183404
     ],
     [
      14.321233,
      46.183647
     ],
     [
      14.321271,
      46.183681
     ],
     [
      14.321393,
      46.18379
     ],
     [
      14.321556,
      46.184
     ],
     [
      14.321711,
      46.184224
     ],
     [
      14.321799,
      46.184366
     ],
     [
      14.321834,
      46.184422
     ],
     [
      14.322001,
      46.18467
     ],
     [
      14.322135,
      46.18481
     ],
     [
      14.32266,
      46.185208
     ],
     [
      14.322794,
      46.185259
     ],
     [
      14.322761,
      46.185414
     ],
     [
      14.322743,
      46.185498
     ],
     [
      14.322719,
      46.185784
     ],
     [
      14.322759,
      46.18587
     ],
     [
      14.322722,
      46.186069
     ],
     [
      14.322727,
      46.186165
     ],
     [
      14.322756,
      46.186344
     ],
     [
      14.322786,
      46.186489
     ],
     [
      14.322853,
      46.186741
     ]
    ]
   }
  },
  {
   "type": "Feature",
   "properties": {
    "kind": "closure",
    "name": "Moški U23: km 19–20",
    "note": "Kratkotrajna zapora ob prehodu kolesarjev. Čas ocenjen iz hitrosti.",
    "start": "2026-10-02T14:02",
    "end": "2026-10-02T14:32",
    "length_m": 971
   },
   "geometry": {
    "type": "LineString",
    "coordinates": [
     [
      14.322943,
      46.186964
     ],
     [
      14.323038,
      46.187169
     ],
     [
      14.323079,
      46.187255
     ],
     [
      14.32323,
      46.187643
     ],
     [
      14.323308,
      46.187852
     ],
     [
      14.323378,
      46.188037
     ],
     [
      14.323507,
      46.188484
     ],
     [
      14.323793,
      46.189482
     ],
     [
      14.323893,
      46.189916
     ],
     [
      14.323936,
      46.190136
     ],
     [
      14.324004,
      46.190475
     ],
     [
      14.324054,
      46.190819
     ],
     [
      14.324086,
      46.19103
     ],
     [
      14.324186,
      46.191509
     ],
     [
      14.324197,
      46.191548
     ],
     [
      14.32425,
      46.191747
     ],
     [
      14.324365,
      46.19216
     ],
     [
      14.324515,
      46.192647
     ],
     [
      14.324545,
      46.192793
     ],
     [
      14.324565,
      46.192885
     ],
     [
      14.324581,
      46.193063
     ],
     [
      14.32457,
      46.193283
     ],
     [
      14.324507,
      46.193668
     ],
     [
      14.324482,
      46.193794
     ],
     [
      14.324457,
      46.193989
     ],
     [
      14.324468,
      46.194175
     ],
     [
      14.324492,
      46.194293
     ],
     [
      14.324537,
      46.194406
     ],
     [
      14.324613,
      46.19454
     ],
     [
      14.32471,
      46.194667
     ],
     [
      14.324901,
      46.194861
     ],
     [
      14.325036,
      46.194925
     ],
     [
      14.325136,
      46.194983
     ],
     [
      14.325254,
      46.19504
     ],
     [
      14.325431,
      46.195101
     ],
     [
      14.325764,
      46.195183
     ]
    ]
   }
  },
  {
   "type": "Feature",
   "properties": {
    "kind": "closure",
    "name": "Moški U23: km 20–21",
    "note": "Kratkotrajna zapora ob prehodu kolesarjev. Čas ocenjen iz hitrosti.",
    "start": "2026-10-02T14:03",
    "end": "2026-10-02T14:34",
    "length_m": 930
   },
   "geometry": {
    "type": "LineString",
    "coordinates": [
     [
      14.325938,
      46.195213
     ],
     [
      14.326423,
      46.195258
     ],
     [
      14.327197,
      46.195298
     ],
     [
      14.328604,
      46.195382
     ],
     [
      14.329529,
      46.195509
     ],
     [
      14.330188,
      46.195629
     ],
     [
      14.330599,
      46.195713
     ],
     [
      14.330711,
      46.195742
     ],
     [
      14.330766,
      46.195762
     ],
     [
      14.33091,
      46.195811
     ],
     [
      14.331086,
      46.195888
     ],
     [
      14.3314,
      46.196066
     ],
     [
      14.331451,
      46.196095
     ],
     [
      14.331532,
      46.196142
     ],
     [
      14.33162,
      46.196189
     ],
     [
      14.331712,
      46.196243
     ],
     [
      14.332037,
      46.196443
     ],
     [
      14.332104,
      46.196503
     ],
     [
      14.332189,
      46.196626
     ],
     [
      14.332244,
      46.196755
     ],
     [
      14.332304,
      46.197085
     ],
     [
      14.33231,
      46.197109
     ],
     [
      14.332336,
      46.197204
     ],
     [
      14.332408,
      46.197583
     ],
     [
      14.332423,
      46.197713
     ],
     [
      14.332437,
      46.197954
     ],
     [
      14.332428,
      46.19815
     ],
     [
      14.332333,
      46.198803
     ],
     [
      14.33232,
      46.198888
     ],
     [
      14.332258,
      46.199283
     ],
     [
      14.332212,
      46.199663
     ],
     [
      14.332199,
      46.200005
     ],
     [
      14.332196,
      46.20026
     ]
    ]
   }
  },
  {
   "type": "Feature",
   "properties": {
    "kind": "closure",
    "name": "Moški U23: km 21–22",
    "note": "Kratkotrajna zapora ob prehodu kolesarjev. Čas ocenjen iz hitrosti.",
    "start": "2026-10-02T14:04",
    "end": "2026-10-02T14:35",
    "length_m": 974
   },
   "geometry": {
    "type": "LineString",
    "coordinates": [
     [
      14.33225,
      46.200884
     ],
     [
      14.332263,
      46.201025
     ],
     [
      14.332333,
      46.201431
     ],
     [
      14.332382,
      46.201685
     ],
     [
      14.332447,
      46.201926
     ],
     [
      14.332456,
      46.201969
     ],
     [
      14.332582,
      46.202346
     ],
     [
      14.333086,
      46.203601
     ],
     [
      14.333282,
      46.204126
     ],
     [
      14.33377,
      46.205344
     ],
     [
      14.333893,
      46.205619
     ],
     [
      14.334083,
      46.206005
     ],
     [
      14.334518,
      46.206835
     ],
     [
      14.334675,
      46.207133
     ],
     [
      14.334993,
      46.207736
     ],
     [
      14.335454,
      46.208622
     ],
     [
      14.33558,
      46.208857
     ],
     [
      14.335777,
      46.209221
     ],
     [
      14.335825,
      46.209311
     ]
    ]
   }
  },
  {
   "type": "Feature",
   "properties": {
    "kind": "closure",
    "name": "Moški U23: km 22–23",
    "note": "Kratkotrajna zapora ob prehodu kolesarjev. Čas ocenjen iz hitrosti.",
    "start": "2026-10-02T14:06",
    "end": "2026-10-02T14:37",
    "length_m": 964
   },
   "geometry": {
    "type": "LineString",
    "coordinates": [
     [
      14.335996,
      46.209636
     ],
     [
      14.336124,
      46.209882
     ],
     [
      14.336189,
      46.210011
     ],
     [
      14.336324,
      46.21028
     ],
     [
      14.336413,
      46.210458
     ],
     [
      14.336583,
      46.2108
     ],
     [
      14.336704,
      46.211057
     ],
     [
      14.336851,
      46.21137
     ],
     [
      14.336978,
      46.211641
     ],
     [
      14.337195,
      46.21213
     ],
     [
      14.337334,
      46.212545
     ],
     [
      14.337428,
      46.212865
     ],
     [
      14.337658,
      46.213793
     ],
     [
      14.337846,
      46.214505
     ],
     [
      14.337975,
      46.215046
     ],
     [
      14.337989,
      46.215105
     ],
     [
      14.338011,
      46.215195
     ],
     [
      14.338022,
      46.215242
     ],
     [
      14.338092,
      46.215536
     ],
     [
      14.338098,
      46.21557
     ],
     [
      14.338173,
      46.215868
     ],
     [
      14.338322,
      46.216457
     ],
     [
      14.338352,
      46.216579
     ],
     [
      14.338677,
      46.217894
     ],
     [
      14.338726,
      46.218126
     ]
    ]
   }
  },
  {
   "type": "Feature",
   "properties": {
    "kind": "closure",
    "name": "Moški U23: km 23–24",
    "note": "Kratkotrajna zapora ob prehodu kolesarjev. Čas ocenjen iz hitrosti.",
    "start": "2026-10-02T14:07",
    "end": "2026-10-02T14:38",
    "length_m": 928
   },
   "geometry": {
    "type": "LineString",
    "coordinates": [
     [
      14.338875,
      46.2187
     ],
     [
      14.338991,
      46.219154
     ],
     [
      14.339188,
      46.219855
     ],
     [
      14.339265,
      46.22005
     ],
     [
      14.339266,
      46.22005
     ],
     [
      14.339326,
      46.220201
     ],
     [
      14.33946,
      46.22047
     ],
     [
      14.339641,
      46.22073
     ],
     [
      14.339899,
      46.221042
     ],
     [
      14.340345,
      46.221459
     ],
     [
      14.340407,
      46.221447
     ],
     [
      14.340471,
      46.221455
     ],
     [
      14.340522,
      46.221481
     ],
     [
      14.340551,
      46.221521
     ],
     [
      14.340552,
      46.221564
     ],
     [
      14.340527,
      46.221603
     ],
     [
      14.340782,
      46.221756
     ],
     [
      14.340949,
      46.221844
     ],
     [
      14.341317,
      46.22202
     ],
     [
      14.34162,
      46.222149
     ],
     [
      14.341929,
      46.222254
     ],
     [
      14.34224,
      46.222337
     ],
     [
      14.342583,
      46.222415
     ],
     [
      14.343638,
      46.222596
     ],
     [
      14.344483,
      46.222727
     ],
     [
      14.344988,
      46.222823
     ],
     [
      14.345504,
      46.222939
     ],
     [
      14.34605,
      46.223075
     ],
     [
      14.346553,
      46.223242
     ],
     [
      14.347284,
      46.223531
     ]
    ]
   }
  },
  {
   "type": "Feature",
   "properties": {
    "kind": "closure",
    "name": "Moški U23: km 24–25",
    "note": "Kratkotrajna zapora ob prehodu kolesarjev. Čas ocenjen iz hitrosti.",
    "start": "2026-10-02T14:08",
    "end": "2026-10-02T14:40",
    "length_m": 736
   },
   "geometry": {
    "type": "LineString",
    "coordinates": [
     [
      14.348767,
      46.224171
     ],
     [
      14.349158,
      46.224324
     ],
     [
      14.350304,
      46.224741
     ],
     [
      14.351618,
      46.225184
     ],
     [
      14.352217,
      46.225394
     ],
     [
      14.354437,
      46.22613
     ],
     [
      14.355189,
      46.226374
     ],
     [
      14.355329,
      46.226392
     ],
     [
      14.355389,
      46.226408
     ],
     [
      14.355613,
      46.226474
     ],
     [
      14.355855,
      46.226558
     ],
     [
      14.357371,
      46.227063
     ]
    ]
   }
  },
  {
   "type": "Feature",
   "properties": {
    "kind": "closure",
    "name": "Moški U23: km 25–26",
    "note": "Kratkotrajna zapora ob prehodu kolesarjev. Čas ocenjen iz hitrosti.",
    "start": "2026-10-02T14:10",
    "end": "2026-10-02T14:41",
    "length_m": 906
   },
   "geometry": {
    "type": "LineString",
    "coordinates": [
     [
      14.359513,
      46.227742
     ],
     [
      14.359657,
      46.227792
     ],
     [
      14.359846,
      46.227882
     ],
     [
      14.364105,
      46.229201
     ],
     [
      14.364241,
      46.229216
     ],
     [
      14.36438,
      46.229244
     ],
     [
      14.364842,
      46.229386
     ],
     [
      14.365291,
      46.229534
     ],
     [
      14.366181,
      46.229877
     ],
     [
      14.367313,
      46.23038
     ],
     [
      14.367365,
      46.230269
     ],
     [
      14.367775,
      46.230019
     ],
     [
      14.36822,
      46.229837
     ],
     [
      14.368472,
      46.229726
     ],
     [
      14.368658,
      46.229634
     ],
     [
      14.368657,
      46.229633
     ],
     [
      14.368779,
      46.229574
     ],
     [
      14.368922,
      46.229491
     ],
     [
      14.369207,
      46.229288
     ],
     [
      14.369395,
      46.22914
     ],
     [
      14.36956,
      46.228977
     ]
    ]
   }
  },
  {
   "type": "Feature",
   "properties": {
    "kind": "closure",
    "name": "Moški U23: km 26–27",
    "note": "Kratkotrajna zapora ob prehodu kolesarjev. Čas ocenjen iz hitrosti.",
    "start": "2026-10-02T14:11",
    "end": "2026-10-02T14:43",
    "length_m": 989
   },
   "geometry": {
    "type": "LineString",
    "coordinates": [
     [
      14.370001,
      46.228444
     ],
     [
      14.370206,
      46.228218
     ],
     [
      14.370602,
      46.227871
     ],
     [
      14.370742,
      46.227777
     ],
     [
      14.370958,
      46.227668
     ],
     [
      14.371375,
      46.227484
     ],
     [
      14.372312,
      46.22716
     ],
     [
      14.372575,
      46.227064
     ],
     [
      14.372984,
      46.226899
     ],
     [
      14.373408,
      46.226707
     ],
     [
      14.374268,
      46.226246
     ],
     [
      14.375296,
      46.225661
     ],
     [
      14.375669,
      46.225465
     ],
     [
      14.376912,
      46.224778
     ],
     [
      14.377503,
      46.224422
     ],
     [
      14.378292,
      46.223928
     ],
     [
      14.379882,
      46.222836
     ]
    ]
   }
  },
  {
   "type": "Feature",
   "properties": {
    "kind": "closure",
    "name": "Moški U23: km 27–28",
    "note": "Kratkotrajna zapora ob prehodu kolesarjev. Čas ocenjen iz hitrosti.",
    "start": "2026-10-02T14:12",
    "end": "2026-10-02T14:44",
    "length_m": 947
   },
   "geometry": {
    "type": "LineString",
    "coordinates": [
     [
      14.380377,
      46.222511
     ],
     [
      14.381436,
      46.221911
     ],
     [
      14.381662,
      46.221771
     ],
     [
      14.381885,
      46.221605
     ],
     [
      14.382057,
      46.22146
     ],
     [
      14.38234,
      46.221201
     ],
     [
      14.384623,
      46.21898
     ],
     [
      14.385144,
      46.218494
     ],
     [
      14.385363,
      46.218325
     ],
     [
      14.38555,
      46.218221
     ],
     [
      14.385953,
      46.218099
     ],
     [
      14.386133,
      46.218016
     ],
     [
      14.386214,
      46.217965
     ],
     [
      14.38629,
      46.217898
     ],
     [
      14.386442,
      46.217724
     ],
     [
      14.386534,
      46.217564
     ],
     [
      14.386602,
      46.217299
     ],
     [
      14.386692,
      46.21704
     ],
     [
      14.386832,
      46.21677
     ],
     [
      14.387223,
      46.216266
     ],
     [
      14.387455,
      46.21595
     ],
     [
      14.387556,
      46.21578
     ]
    ]
   }
  },
  {
   "type": "Feature",
   "properties": {
    "kind": "closure",
    "name": "Moški U23: km 28–29",
    "note": "Kratkotrajna zapora ob prehodu kolesarjev. Čas ocenjen iz hitrosti.",
    "start": "2026-10-02T14:14",
    "end": "2026-10-02T14:46",
    "length_m": 960
   },
   "geometry": {
    "type": "LineString",
    "coordinates": [
     [
      14.387664,
      46.215419
     ],
     [
      14.387765,
      46.215121
     ],
     [
      14.387849,
      46.21498
     ],
     [
      14.387964,
      46.214853
     ],
     [
      14.388092,
      46.214761
     ],
     [
      14.388218,
      46.214708
     ],
     [
      14.38836,
      46.214668
     ],
     [
      14.388573,
      46.214638
     ],
     [
      14.389073,
      46.21463
     ],
     [
      14.38927,
      46.214616
     ],
     [
      14.389848,
      46.214511
     ],
     [
      14.390117,
      46.214477
     ],
     [
      14.390902,
      46.214441
     ],
     [
      14.391286,
      46.214385
     ],
     [
      14.391619,
      46.214307
     ],
     [
      14.392097,
      46.214156
     ],
     [
      14.392411,
      46.214006
     ],
     [
      14.392584,
      46.213915
     ],
     [
      14.393213,
      46.213505
     ],
     [
      14.393443,
      46.213384
     ],
     [
      14.393791,
      46.213231
     ],
     [
      14.394279,
      46.213033
     ],
     [
      14.394951,
      46.212654
     ],
     [
      14.39518,
      46.212554
     ],
     [
      14.395688,
      46.212386
     ],
     [
      14.396091,
      46.212267
     ],
     [
      14.396275,
      46.212201
     ],
     [
      14.396481,
      46.212098
     ],
     [
      14.396572,
      46.212029
     ],
     [
      14.396797,
      46.211818
     ],
     [
      14.397139,
      46.211593
     ],
     [
      14.397444,
      46.211375
     ],
     [
      14.397795,
      46.211103
     ],
     [
      14.397795,
      46.211103
     ]
    ]
   }
  },
  {
   "type": "Feature",
   "properties": {
    "kind": "closure",
    "name": "Moški U23: km 29–30",
    "note": "Kratkotrajna zapora ob prehodu kolesarjev. Čas ocenjen iz hitrosti.",
    "start": "2026-10-02T14:15",
    "end": "2026-10-02T14:47",
    "length_m": 977
   },
   "geometry": {
    "type": "LineString",
    "coordinates": [
     [
      14.397964,
      46.210937
     ],
     [
      14.39801,
      46.210891
     ],
     [
      14.398106,
      46.210788
     ],
     [
      14.398291,
      46.210568
     ],
     [
      14.398637,
      46.210102
     ],
     [
      14.39879,
      46.209872
     ],
     [
      14.398827,
      46.209813
     ],
     [
      14.399014,
      46.209577
     ],
     [
      14.399117,
      46.20947
     ],
     [
      14.399188,
      46.209391
     ],
     [
      14.399379,
      46.209176
     ],
     [
      14.399472,
      46.209059
     ],
     [
      14.399537,
      46.208961
     ],
     [
      14.399622,
      46.208828
     ],
     [
      14.399954,
      46.208161
     ],
     [
      14.400078,
      46.207949
     ],
     [
      14.400108,
      46.207903
     ],
     [
      14.400505,
      46.207312
     ],
     [
      14.401475,
      46.205931
     ],
     [
      14.401948,
      46.205234
     ],
     [
      14.402201,
      46.204918
     ],
     [
      14.402388,
      46.204705
     ],
     [
      14.402591,
      46.204494
     ],
     [
      14.403347,
      46.20374
     ],
     [
      14.403509,
      46.203612
     ],
     [
      14.403675,
      46.203506
     ],
     [
      14.403795,
      46.203433
     ],
     [
      14.403923,
      46.203366
     ],
     [
      14.404102,
      46.203284
     ]
    ]
   }
  },
  {
   "type": "Feature",
   "properties": {
    "kind": "closure",
    "name": "Moški U23: km 30–31",
    "note": "Kratkotrajna zapora ob prehodu kolesarjev. Čas ocenjen iz hitrosti.",
    "start": "2026-10-02T14:16",
    "end": "2026-10-02T14:49",
    "length_m": 947
   },
   "geometry": {
    "type": "LineString",
    "coordinates": [
     [
      14.404707,
      46.203039
     ],
     [
      14.404901,
      46.202944
     ],
     [
      14.405062,
      46.202838
     ],
     [
      14.405328,
      46.20263
     ],
     [
      14.405527,
      46.202487
     ],
     [
      14.405903,
      46.202272
     ],
     [
      14.406171,
      46.202099
     ],
     [
      14.406957,
      46.201555
     ],
     [
      14.406979,
      46.201538
     ],
     [
      14.407257,
      46.201305
     ],
     [
      14.407669,
      46.200894
     ],
     [
      14.407786,
      46.20076
     ],
     [
      14.407889,
      46.200628
     ],
     [
      14.407959,
      46.200475
     ],
     [
      14.408049,
      46.200137
     ],
     [
      14.408062,
      46.200086
     ],
     [
      14.408076,
      46.200034
     ],
     [
      14.408144,
      46.19976
     ],
     [
      14.408158,
      46.199686
     ],
     [
      14.408195,
      46.199506
     ],
     [
      14.40827,
      46.199263
     ],
     [
      14.408301,
      46.199185
     ],
     [
      14.40837,
      46.199076
     ],
     [
      14.408413,
      46.199008
     ],
     [
      14.408532,
      46.19889
     ],
     [
      14.408975,
      46.198497
     ],
     [
      14.409238,
      46.198265
     ],
     [
      14.409273,
      46.198236
     ],
     [
      14.409395,
      46.198084
     ],
     [
      14.409479,
      46.197964
     ],
     [
      14.40983,
      46.197464
     ],
     [
      14.409888,
      46.19738
     ],
     [
      14.410166,
      46.196973
     ],
     [
      14.410277,
      46.196757
     ],
     [
      14.410328,
      46.196607
     ],
     [
      14.410365,
      46.196495
     ],
     [
      14.4104,
      46.196423
     ],
     [
      14.410438,
      46.196366
     ],
     [
      14.410668,
      46.195997
     ],
     [
      14.41077,
      46.195834
     ]
    ]
   }
  },
  {
   "type": "Feature",
   "properties": {
    "kind": "closure",
    "name": "Moški U23: km 31–32",
    "note": "Kratkotrajna zapora ob prehodu kolesarjev. Čas ocenjen iz hitrosti.",
    "start": "2026-10-02T14:18",
    "end": "2026-10-02T14:51",
    "length_m": 912
   },
   "geometry": {
    "type": "LineString",
    "coordinates": [
     [
      14.410944,
      46.195558
     ],
     [
      14.410986,
      46.195492
     ],
     [
      14.41106,
      46.195377
     ],
     [
      14.411182,
      46.195189
     ],
     [
      14.411236,
      46.195089
     ],
     [
      14.411334,
      46.194875
     ],
     [
      14.411414,
      46.194668
     ],
     [
      14.41143,
      46.194621
     ],
     [
      14.411488,
      46.194483
     ],
     [
      14.411713,
      46.194181
     ],
     [
      14.412006,
      46.19384
     ],
     [
      14.412247,
      46.19359
     ],
     [
      14.412657,
      46.193236
     ],
     [
      14.41304,
      46.192884
     ],
     [
      14.413307,
      46.192564
     ],
     [
      14.413385,
      46.192447
     ],
     [
      14.413523,
      46.192185
     ],
     [
      14.413789,
      46.191556
     ],
     [
      14.413962,
      46.191153
     ],
     [
      14.414073,
      46.190948
     ],
     [
      14.41425,
      46.190672
     ],
     [
      14.41435,
      46.190517
     ],
     [
      14.41508,
      46.18953
     ],
     [
      14.415318,
      46.189161
     ],
     [
      14.415512,
      46.188783
     ],
     [
      14.415805,
      46.188161
     ],
     [
      14.415831,
      46.188112
     ]
    ]
   }
  },
  {
   "type": "Feature",
   "properties": {
    "kind": "closure",
    "name": "Moški U23: km 32–33",
    "note": "Kratkotrajna zapora ob prehodu kolesarjev. Čas ocenjen iz hitrosti.",
    "start": "2026-10-02T14:19",
    "end": "2026-10-02T14:52",
    "length_m": 859
   },
   "geometry": {
    "type": "LineString",
    "coordinates": [
     [
      14.416824,
      46.186459
     ],
     [
      14.417253,
      46.185726
     ],
     [
      14.417458,
      46.185343
     ],
     [
      14.417611,
      46.185054
     ],
     [
      14.417879,
      46.184552
     ],
     [
      14.41828,
      46.183734
     ],
     [
      14.418659,
      46.182941
     ],
     [
      14.41876,
      46.182686
     ],
     [
      14.418862,
      46.182321
     ],
     [
      14.4189,
      46.182087
     ],
     [
      14.418928,
      46.181762
     ],
     [
      14.418957,
      46.180441
     ],
     [
      14.419006,
      46.180039
     ],
     [
      14.419053,
      46.179873
     ],
     [
      14.419169,
      46.179696
     ],
     [
      14.419361,
      46.179491
     ],
     [
      14.419455,
      46.179425
     ],
     [
      14.419689,
      46.179312
     ],
     [
      14.419951,
      46.179217
     ]
    ]
   }
  },
  {
   "type": "Feature",
   "properties": {
    "kind": "closure",
    "name": "Moški U23: km 33–34",
    "note": "Kratkotrajna zapora ob prehodu kolesarjev. Čas ocenjen iz hitrosti.",
    "start": "2026-10-02T14:20",
    "end": "2026-10-02T14:54",
    "length_m": 926
   },
   "geometry": {
    "type": "LineString",
    "coordinates": [
     [
      14.420275,
      46.179145
     ],
     [
      14.421479,
      46.178939
     ],
     [
      14.421751,
      46.178873
     ],
     [
      14.421998,
      46.1788
     ],
     [
      14.422257,
      46.178703
     ],
     [
      14.422572,
      46.178559
     ],
     [
      14.422836,
      46.178419
     ],
     [
      14.423097,
      46.17825
     ],
     [
      14.423415,
      46.178007
     ],
     [
      14.42366,
      46.177795
     ],
     [
      14.424014,
      46.17749
     ],
     [
      14.424937,
      46.176718
     ],
     [
      14.425436,
      46.176278
     ],
     [
      14.425797,
      46.175977
     ],
     [
      14.426238,
      46.175613
     ],
     [
      14.426444,
      46.175465
     ],
     [
      14.426668,
      46.17533
     ],
     [
      14.427019,
      46.175147
     ],
     [
      14.427514,
      46.17493
     ],
     [
      14.428137,
      46.174681
     ],
     [
      14.428492,
      46.174514
     ],
     [
      14.428825,
      46.174314
     ],
     [
      14.429136,
      46.174087
     ],
     [
      14.429312,
      46.173929
     ]
    ]
   }
  },
  {
   "type": "Feature",
   "properties": {
    "kind": "closure",
    "name": "Moški U23: km 34–35",
    "note": "Kratkotrajna zapora ob prehodu kolesarjev. Čas ocenjen iz hitrosti.",
    "start": "2026-10-02T14:22",
    "end": "2026-10-02T14:55",
    "length_m": 995
   },
   "geometry": {
    "type": "LineString",
    "coordinates": [
     [
      14.429712,
      46.173479
     ],
     [
      14.430074,
      46.173051
     ],
     [
      14.43044,
      46.172669
     ],
     [
      14.430696,
      46.172416
     ],
     [
      14.430842,
      46.172292
     ],
     [
      14.431191,
      46.171886
     ],
     [
      14.431558,
      46.171481
     ],
     [
      14.431736,
      46.171267
     ],
     [
      14.431846,
      46.171159
     ],
     [
      14.432011,
      46.171076
     ],
     [
      14.432137,
      46.171039
     ],
     [
      14.432433,
      46.170972
     ],
     [
      14.432619,
      46.170908
     ],
     [
      14.432708,
      46.170863
     ],
     [
      14.432773,
      46.170819
     ],
     [
      14.43359,
      46.169714
     ],
     [
      14.433651,
      46.169603
     ],
     [
      14.433708,
      46.169462
     ],
     [
      14.433725,
      46.169253
     ],
     [
      14.433704,
      46.168974
     ],
     [
      14.433705,
      46.168848
     ],
     [
      14.433705,
      46.16882
     ],
     [
      14.433706,
      46.168724
     ],
     [
      14.433835,
      46.168694
     ],
     [
      14.433871,
      46.168673
     ],
     [
      14.433966,
      46.168615
     ],
     [
      14.434165,
      46.168433
     ],
     [
      14.434365,
      46.168251
     ],
     [
      14.434443,
      46.16818
     ],
     [
      14.434637,
      46.168025
     ],
     [
      14.434801,
      46.167928
     ],
     [
      14.435077,
      46.167823
     ],
     [
      14.435371,
      46.167741
     ],
     [
      14.435576,
      46.167692
     ],
     [
      14.435738,
      46.167687
     ],
     [
      14.435845,
      46.167704
     ],
     [
      14.435919,
      46.167725
     ],
     [
      14.436006,
      46.167768
     ],
     [
      14.436072,
      46.167811
     ],
     [
      14.436229,
      46.167948
     ],
     [
      14.436372,
      46.168091
     ],
     [
      14.436439,
      46.168149
     ],
     [
      14.436515,
      46.168213
     ],
     [
      14.436733,
      46.168353
     ],
     [
      14.437115,
      46.168525
     ],
     [
      14.437278,
      46.168592
     ]
    ]
   }
  },
  {
   "type": "Feature",
   "properties": {
    "kind": "closure",
    "name": "Moški U23: km 35–36",
    "note": "Kratkotrajna zapora ob prehodu kolesarjev. Čas ocenjen iz hitrosti.",
    "start": "2026-10-02T14:23",
    "end": "2026-10-02T14:57",
    "length_m": 974
   },
   "geometry": {
    "type": "LineString",
    "coordinates": [
     [
      14.437584,
      46.168711
     ],
     [
      14.437773,
      46.168785
     ],
     [
      14.438182,
      46.168965
     ],
     [
      14.438569,
      46.16913
     ],
     [
      14.43878,
      46.169219
     ],
     [
      14.439013,
      46.169343
     ],
     [
      14.439136,
      46.169424
     ],
     [
      14.439391,
      46.169591
     ],
     [
      14.439617,
      46.169716
     ],
     [
      14.440298,
      46.169969
     ],
     [
      14.441174,
      46.170288
     ],
     [
      14.441819,
      46.170561
     ],
     [
      14.442209,
      46.170767
     ],
     [
      14.442423,
      46.170881
     ],
     [
      14.442794,
      46.170992
     ],
     [
      14.443187,
      46.171058
     ],
     [
      14.44342,
      46.171123
     ],
     [
      14.443783,
      46.17128
     ],
     [
      14.443947,
      46.171367
     ],
     [
      14.444223,
      46.171557
     ],
     [
      14.444669,
      46.171899
     ],
     [
      14.444735,
      46.171949
     ],
     [
      14.444981,
      46.172144
     ],
     [
      14.445238,
      46.172353
     ],
     [
      14.445746,
      46.172838
     ],
     [
      14.445928,
      46.172999
     ],
     [
      14.446161,
      46.173192
     ],
     [
      14.446483,
      46.173392
     ],
     [
      14.446667,
      46.173496
     ],
     [
      14.446979,
      46.173682
     ],
     [
      14.447139,
      46.173794
     ],
     [
      14.447263,
      46.173908
     ],
     [
      14.447372,
      46.174041
     ]
    ]
   }
  },
  {
   "type": "Feature",
   "properties": {
    "kind": "closure",
    "name": "Moški U23: km 36–37",
    "note": "Kratkotrajna zapora ob prehodu kolesarjev. Čas ocenjen iz hitrosti.",
    "start": "2026-10-02T14:24",
    "end": "2026-10-02T14:58",
    "length_m": 930
   },
   "geometry": {
    "type": "LineString",
    "coordinates": [
     [
      14.447496,
      46.174218
     ],
     [
      14.447639,
      46.174405
     ],
     [
      14.447867,
      46.174659
     ],
     [
      14.447907,
      46.174698
     ],
     [
      14.448022,
      46.174812
     ],
     [
      14.448189,
      46.174925
     ],
     [
      14.448319,
      46.174994
     ],
     [
      14.44847,
      46.175059
     ],
     [
      14.44877,
      46.175139
     ],
     [
      14.449153,
      46.175176
     ],
     [
      14.449261,
      46.175177
     ],
     [
      14.449553,
      46.175181
     ],
     [
      14.449918,
      46.175161
     ],
     [
      14.450321,
      46.17512
     ],
     [
      14.450771,
      46.175089
     ],
     [
      14.451054,
      46.175084
     ],
     [
      14.451568,
      46.175089
     ],
     [
      14.452013,
      46.175075
     ],
     [
      14.452573,
      46.175058
     ],
     [
      14.452866,
      46.175085
     ],
     [
      14.453168,
      46.175152
     ],
     [
      14.453354,
      46.175214
     ],
     [
      14.453472,
      46.175265
     ],
     [
      14.45363,
      46.175344
     ],
     [
      14.453891,
      46.175517
     ],
     [
      14.454214,
      46.175719
     ],
     [
      14.454401,
      46.175816
     ],
     [
      14.454515,
      46.175867
     ],
     [
      14.455386,
      46.176249
     ],
     [
      14.455747,
      46.176391
     ],
     [
      14.456186,
      46.176525
     ],
     [
      14.456891,
      46.1767
     ],
     [
      14.457378,
      46.176837
     ],
     [
      14.457542,
      46.176892
     ],
     [
      14.457694,
      46.176961
     ],
     [
      14.458076,
      46.177168
     ]
    ]
   }
  },
  {
   "type": "Feature",
   "properties": {
    "kind": "closure",
    "name": "Moški U23: km 37–38",
    "note": "Kratkotrajna zapora ob prehodu kolesarjev. Čas ocenjen iz hitrosti.",
    "start": "2026-10-02T14:26",
    "end": "2026-10-02T15:00",
    "length_m": 928
   },
   "geometry": {
    "type": "LineString",
    "coordinates": [
     [
      14.459151,
      46.177835
     ],
     [
      14.459555,
      46.178034
     ],
     [
      14.45972,
      46.178107
     ],
     [
      14.460268,
      46.178316
     ],
     [
      14.460699,
      46.1785
     ],
     [
      14.460958,
      46.178631
     ],
     [
      14.461125,
      46.178704
     ],
     [
      14.461264,
      46.17875
     ],
     [
      14.461449,
      46.178802
     ],
     [
      14.461881,
      46.178896
     ],
     [
      14.462472,
      46.179015
     ],
     [
      14.463295,
      46.179162
     ],
     [
      14.463522,
      46.179199
     ],
     [
      14.463765,
      46.179234
     ],
     [
      14.464186,
      46.179262
     ],
     [
      14.46456,
      46.179284
     ],
     [
      14.464972,
      46.179326
     ],
     [
      14.465163,
      46.179354
     ],
     [
      14.465596,
      46.179447
     ],
     [
      14.465967,
      46.179531
     ],
     [
      14.466241,
      46.179585
     ],
     [
      14.466611,
      46.179641
     ],
     [
      14.466891,
      46.179654
     ],
     [
      14.467088,
      46.17965
     ],
     [
      14.467305,
      46.179637
     ],
     [
      14.467434,
      46.179629
     ],
     [
      14.467568,
      46.179621
     ],
     [
      14.467706,
      46.179622
     ],
     [
      14.467855,
      46.179632
     ],
     [
      14.468023,
      46.179674
     ],
     [
      14.468121,
      46.179716
     ],
     [
      14.468186,
      46.179744
     ],
     [
      14.468326,
      46.179822
     ],
     [
      14.468464,
      46.17992
     ],
     [
      14.468591,
      46.180041
     ],
     [
      14.468673,
      46.180095
     ],
     [
      14.468756,
      46.180142
     ],
     [
      14.468926,
      46.180212
     ],
     [
      14.469065,
      46.180256
     ],
     [
      14.469165,
      46.18028
     ],
     [
      14.469422,
      46.180337
     ],
     [
      14.47028,
      46.180481
     ]
    ]
   }
  },
  {
   "type": "Feature",
   "properties": {
    "kind": "closure",
    "name": "Moški U23: km 38–39",
    "note": "Kratkotrajna zapora ob prehodu kolesarjev. Čas ocenjen iz hitrosti.",
    "start": "2026-10-02T14:27",
    "end": "2026-10-02T15:01",
    "length_m": 926
   },
   "geometry": {
    "type": "LineString",
    "coordinates": [
     [
      14.470722,
      46.180548
     ],
     [
      14.470918,
      46.180562
     ],
     [
      14.471148,
      46.180582
     ],
     [
      14.471232,
      46.18059
     ],
     [
      14.47133,
      46.180599
     ],
     [
      14.471582,
      46.180622
     ],
     [
      14.472198,
      46.1807
     ],
     [
      14.473506,
      46.180904
     ],
     [
      14.474131,
      46.181042
     ],
     [
      14.474535,
      46.181162
     ],
     [
      14.474939,
      46.181305
     ],
     [
      14.476358,
      46.181809
     ],
     [
      14.476679,
      46.181923
     ],
     [
      14.477821,
      46.18233
     ],
     [
      14.478784,
      46.182686
     ],
     [
      14.4795,
      46.182976
     ],
     [
      14.480313,
      46.183321
     ],
     [
      14.481598,
      46.183903
     ]
    ]
   }
  },
  {
   "type": "Feature",
   "properties": {
    "kind": "closure",
    "name": "Moški U23: km 39–40",
    "note": "Kratkotrajna zapora ob prehodu kolesarjev. Čas ocenjen iz hitrosti.",
    "start": "2026-10-02T14:28",
    "end": "2026-10-02T15:03",
    "length_m": 961
   },
   "geometry": {
    "type": "LineString",
    "coordinates": [
     [
      14.482201,
      46.184144
     ],
     [
      14.482516,
      46.184244
     ],
     [
      14.482618,
      46.184274
     ],
     [
      14.482872,
      46.18435
     ],
     [
      14.483211,
      46.18444
     ],
     [
      14.483352,
      46.184472
     ],
     [
      14.483811,
      46.184565
     ],
     [
      14.484258,
      46.184617
     ],
     [
      14.484672,
      46.184647
     ],
     [
      14.485071,
      46.184658
     ],
     [
      14.485527,
      46.184639
     ],
     [
      14.48573,
      46.184622
     ],
     [
      14.485897,
      46.1846
     ],
     [
      14.486193,
      46.184557
     ],
     [
      14.486589,
      46.184481
     ],
     [
      14.487014,
      46.184365
     ],
     [
      14.487558,
      46.184179
     ],
     [
      14.487892,
      46.18405
     ],
     [
      14.488803,
      46.1837
     ],
     [
      14.489109,
      46.183597
     ],
     [
      14.489402,
      46.183512
     ],
     [
      14.489558,
      46.183473
     ],
     [
      14.489776,
      46.183411
     ],
     [
      14.49066,
      46.183205
     ],
     [
      14.491296,
      46.183104
     ],
     [
      14.491933,
      46.183033
     ],
     [
      14.492543,
      46.183001
     ],
     [
      14.493165,
      46.182999
     ],
     [
      14.494092,
      46.183059
     ]
    ]
   }
  },
  {
   "type": "Feature",
   "properties": {
    "kind": "closure",
    "name": "Moški U23: km 40–41",
    "note": "Kratkotrajna zapora ob prehodu kolesarjev. Čas ocenjen iz hitrosti.",
    "start": "2026-10-02T14:30",
    "end": "2026-10-02T15:04",
    "length_m": 920
   },
   "geometry": {
    "type": "LineString",
    "coordinates": [
     [
      14.494789,
      46.183161
     ],
     [
      14.495169,
      46.183237
     ],
     [
      14.495402,
      46.183284
     ],
     [
      14.496301,
      46.183519
     ],
     [
      14.496832,
      46.183704
     ],
     [
      14.496985,
      46.183758
     ],
     [
      14.497303,
      46.183349
     ],
     [
      14.497434,
      46.183216
     ],
     [
      14.497543,
      46.183117
     ],
     [
      14.497657,
      46.183031
     ],
     [
      14.49781,
      46.182939
     ],
     [
      14.498023,
      46.182848
     ],
     [
      14.49826,
      46.182781
     ],
     [
      14.498512,
      46.18275
     ],
     [
      14.498769,
      46.182729
     ],
     [
      14.499074,
      46.182686
     ],
     [
      14.499309,
      46.182632
     ],
     [
      14.49952,
      46.182571
     ],
     [
      14.499748,
      46.182491
     ],
     [
      14.500189,
      46.182324
     ],
     [
      14.500592,
      46.182169
     ],
     [
      14.501057,
      46.182002
     ],
     [
      14.501305,
      46.181912
     ],
     [
      14.501499,
      46.18183
     ],
     [
      14.501721,
      46.18171
     ],
     [
      14.501901,
      46.181589
     ],
     [
      14.502042,
      46.181469
     ],
     [
      14.502176,
      46.181329
     ],
     [
      14.502286,
      46.181169
     ],
     [
      14.502389,
      46.180994
     ],
     [
      14.502938,
      46.179981
     ],
     [
      14.503162,
      46.179538
     ],
     [
      14.503249,
      46.179322
     ]
    ]
   }
  },
  {
   "type": "Feature",
   "properties": {
    "kind": "closure",
    "name": "Moški U23: km 41–42",
    "note": "Kratkotrajna zapora ob prehodu kolesarjev. Čas ocenjen iz hitrosti.",
    "start": "2026-10-02T14:31",
    "end": "2026-10-02T15:06",
    "length_m": 940
   },
   "geometry": {
    "type": "LineString",
    "coordinates": [
     [
      14.503465,
      46.178663
     ],
     [
      14.503581,
      46.178374
     ],
     [
      14.503707,
      46.178126
     ],
     [
      14.503851,
      46.177874
     ],
     [
      14.503957,
      46.177727
     ],
     [
      14.504122,
      46.177537
     ],
     [
      14.504284,
      46.177401
     ],
     [
      14.504578,
      46.177222
     ],
     [
      14.504802,
      46.177087
     ],
     [
      14.505157,
      46.176893
     ],
     [
      14.505676,
      46.176633
     ],
     [
      14.505865,
      46.176545
     ],
     [
      14.506029,
      46.176479
     ],
     [
      14.506233,
      46.176409
     ],
     [
      14.506463,
      46.176314
     ],
     [
      14.506545,
      46.176247
     ],
     [
      14.506642,
      46.176161
     ],
     [
      14.506746,
      46.176044
     ],
     [
      14.506769,
      46.176012
     ],
     [
      14.506802,
      46.17596
     ],
     [
      14.50685,
      46.175876
     ],
     [
      14.506866,
      46.175828
     ],
     [
      14.506891,
      46.175758
     ],
     [
      14.506913,
      46.175627
     ],
     [
      14.506915,
      46.175442
     ],
     [
      14.506915,
      46.175407
     ],
     [
      14.506915,
      46.175358
     ],
     [
      14.506914,
      46.17491
     ],
     [
      14.506926,
      46.174674
     ],
     [
      14.506977,
      46.174571
     ],
     [
      14.507068,
      46.17446
     ],
     [
      14.50748,
      46.174133
     ],
     [
      14.507804,
      46.173895
     ],
     [
      14.507977,
      46.173793
     ],
     [
      14.508176,
      46.173701
     ],
     [
      14.508243,
      46.173677
     ],
     [
      14.508391,
      46.173624
     ],
     [
      14.508599,
      46.173549
     ],
     [
      14.508677,
      46.17352
     ],
     [
      14.508751,
      46.173479
     ],
     [
      14.508805,
      46.173438
     ],
     [
      14.508848,
      46.173363
     ],
     [
      14.508883,
      46.173218
     ],
     [
      14.508962,
      46.173019
     ],
     [
      14.508991,
      46.172968
     ],
     [
      14.509251,
      46.172516
     ],
     [
      14.509302,
      46.172406
     ],
     [
      14.509322,
      46.172362
     ],
     [
      14.509394,
      46.172178
     ],
     [
      14.509415,
      46.172132
     ],
     [
      14.509548,
      46.171855
     ]
    ]
   }
  },
  {
   "type": "Feature",
   "properties": {
    "kind": "closure",
    "name": "Moški U23: km 42–43",
    "note": "Kratkotrajna zapora ob prehodu kolesarjev. Čas ocenjen iz hitrosti.",
    "start": "2026-10-02T14:32",
    "end": "2026-10-02T15:07",
    "length_m": 901
   },
   "geometry": {
    "type": "LineString",
    "coordinates": [
     [
      14.509979,
      46.171091
     ],
     [
      14.510013,
      46.17103
     ],
     [
      14.510249,
      46.170598
     ],
     [
      14.510344,
      46.170444
     ],
     [
      14.510419,
      46.170341
     ],
     [
      14.510453,
      46.170301
     ],
     [
      14.510686,
      46.170059
     ],
     [
      14.510834,
      46.169937
     ],
     [
      14.511026,
      46.169807
     ],
     [
      14.511134,
      46.169743
     ],
     [
      14.511199,
      46.169704
     ],
     [
      14.511271,
      46.16967
     ],
     [
      14.511618,
      46.1695
     ],
     [
      14.511921,
      46.169315
     ],
     [
      14.512045,
      46.16926
     ],
     [
      14.512192,
      46.169214
     ],
     [
      14.512401,
      46.169165
     ],
     [
      14.512605,
      46.16913
     ],
     [
      14.512845,
      46.169097
     ],
     [
      14.513503,
      46.169063
     ],
     [
      14.513663,
      46.16905
     ],
     [
      14.513788,
      46.169028
     ],
     [
      14.513932,
      46.168996
     ],
     [
      14.514215,
      46.168917
     ],
     [
      14.514402,
      46.16887
     ],
     [
      14.514564,
      46.168845
     ],
     [
      14.514757,
      46.168835
     ],
     [
      14.514871,
      46.168831
     ],
     [
      14.514944,
      46.16883
     ],
     [
      14.515212,
      46.168827
     ],
     [
      14.515959,
      46.168834
     ],
     [
      14.517382,
      46.168873
     ],
     [
      14.518055,
      46.168891
     ],
     [
      14.518381,
      46.168908
     ],
     [
      14.518697,
      46.168944
     ],
     [
      14.519063,
      46.169014
     ],
     [
      14.519153,
      46.169042
     ],
     [
      14.519824,
      46.169239
     ],
     [
      14.520102,
      46.169317
     ]
    ]
   }
  },
  {
   "type": "Feature",
   "properties": {
    "kind": "closure",
    "name": "Moški U23: km 43–44",
    "note": "Kratkotrajna zapora ob prehodu kolesarjev. Čas ocenjen iz hitrosti.",
    "start": "2026-10-02T14:34",
    "end": "2026-10-02T15:09",
    "length_m": 923
   },
   "geometry": {
    "type": "LineString",
    "coordinates": [
     [
      14.520883,
      46.169509
     ],
     [
      14.521164,
      46.169567
     ],
     [
      14.521431,
      46.169616
     ],
     [
      14.522143,
      46.16972
     ],
     [
      14.522283,
      46.169735
     ],
     [
      14.522679,
      46.169782
     ],
     [
      14.523123,
      46.169826
     ],
     [
      14.523559,
      46.169873
     ],
     [
      14.524852,
      46.169973
     ],
     [
      14.52509,
      46.170011
     ],
     [
      14.525346,
      46.170067
     ],
     [
      14.525585,
      46.170132
     ],
     [
      14.525785,
      46.170178
     ],
     [
      14.525837,
      46.170184
     ],
     [
      14.525922,
      46.170194
     ],
     [
      14.526051,
      46.170192
     ],
     [
      14.526391,
      46.170113
     ],
     [
      14.526525,
      46.170076
     ],
     [
      14.526639,
      46.170045
     ],
     [
      14.526953,
      46.169959
     ],
     [
      14.527945,
      46.169707
     ],
     [
      14.528281,
      46.169585
     ],
     [
      14.528967,
      46.169315
     ],
     [
      14.529221,
      46.169239
     ],
     [
      14.529604,
      46.169164
     ],
     [
      14.530731,
      46.169012
     ],
     [
      14.531075,
      46.168949
     ],
     [
      14.531184,
      46.168928
     ],
     [
      14.531398,
      46.168883
     ],
     [
      14.531534,
      46.168857
     ],
     [
      14.531884,
      46.168787
     ],
     [
      14.53214,
      46.168749
     ],
     [
      14.53216,
      46.168746
     ],
     [
      14.53236,
      46.168722
     ]
    ]
   }
  },
  {
   "type": "Feature",
   "properties": {
    "kind": "closure",
    "name": "Moški U23: km 44–45",
    "note": "Kratkotrajna zapora ob prehodu kolesarjev. Čas ocenjen iz hitrosti.",
    "start": "2026-10-02T14:35",
    "end": "2026-10-02T15:11",
    "length_m": 926
   },
   "geometry": {
    "type": "LineString",
    "coordinates": [
     [
      14.533297,
      46.168634
     ],
     [
      14.535589,
      46.168353
     ],
     [
      14.535846,
      46.168335
     ],
     [
      14.536001,
      46.16833
     ],
     [
      14.536657,
      46.168359
     ],
     [
      14.537077,
      46.168359
     ],
     [
      14.537326,
      46.168353
     ],
     [
      14.537616,
      46.168343
     ],
     [
      14.538356,
      46.168292
     ],
     [
      14.538626,
      46.168296
     ],
     [
      14.539101,
      46.16834
     ],
     [
      14.539337,
      46.168355
     ],
     [
      14.539759,
      46.168369
     ],
     [
      14.539987,
      46.168365
     ],
     [
      14.540308,
      46.168326
     ],
     [
      14.540968,
      46.168182
     ],
     [
      14.541192,
      46.168127
     ],
     [
      14.541496,
      46.168073
     ],
     [
      14.541773,
      46.168074
     ],
     [
      14.542003,
      46.168093
     ],
     [
      14.542385,
      46.168176
     ],
     [
      14.542723,
      46.16828
     ],
     [
      14.54303,
      46.168326
     ],
     [
      14.543405,
      46.168381
     ],
     [
      14.545092,
      46.168642
     ]
    ]
   }
  },
  {
   "type": "Feature",
   "properties": {
    "kind": "closure",
    "name": "Moški U23: km 45–46",
    "note": "Kratkotrajna zapora ob prehodu kolesarjev. Čas ocenjen iz hitrosti.",
    "start": "2026-10-02T14:36",
    "end": "2026-10-02T15:12",
    "length_m": 880
   },
   "geometry": {
    "type": "LineString",
    "coordinates": [
     [
      14.546794,
      46.168925
     ],
     [
      14.548563,
      46.169213
     ],
     [
      14.54862,
      46.169227
     ],
     [
      14.548791,
      46.169268
     ],
     [
      14.548948,
      46.169319
     ],
     [
      14.549142,
      46.169409
     ],
     [
      14.549449,
      46.16957
     ],
     [
      14.549903,
      46.169782
     ],
     [
      14.550223,
      46.169939
     ],
     [
      14.551005,
      46.170389
     ],
     [
      14.551532,
      46.170668
     ],
     [
      14.552053,
      46.170943
     ],
     [
      14.552349,
      46.171112
     ],
     [
      14.552599,
      46.171211
     ],
     [
      14.552878,
      46.171279
     ],
     [
      14.553084,
      46.171307
     ],
     [
      14.553263,
      46.171322
     ],
     [
      14.554195,
      46.171318
     ],
     [
      14.554368,
      46.171329
     ],
     [
      14.555082,
      46.171379
     ],
     [
      14.555304,
      46.171377
     ],
     [
      14.555625,
      46.171359
     ],
     [
      14.55589,
      46.171329
     ],
     [
      14.556122,
      46.171335
     ],
     [
      14.556194,
      46.171344
     ],
     [
      14.556374,
      46.171369
     ],
     [
      14.556582,
      46.171416
     ],
     [
      14.556777,
      46.171465
     ],
     [
      14.556977,
      46.171528
     ],
     [
      14.557136,
      46.171585
     ]
    ]
   }
  },
  {
   "type": "Feature",
   "properties": {
    "kind": "closure",
    "name": "Moški U23: km 46–47",
    "note": "Kratkotrajna zapora ob prehodu kolesarjev. Čas ocenjen iz hitrosti.",
    "start": "2026-10-02T14:38",
    "end": "2026-10-02T15:14",
    "length_m": 952
   },
   "geometry": {
    "type": "LineString",
    "coordinates": [
     [
      14.557818,
      46.171898
     ],
     [
      14.558095,
      46.172012
     ],
     [
      14.558276,
      46.172072
     ],
     [
      14.558581,
      46.172135
     ],
     [
      14.558785,
      46.172143
     ],
     [
      14.559435,
      46.172086
     ],
     [
      14.561022,
      46.171967
     ],
     [
      14.561194,
      46.172001
     ],
     [
      14.56125,
      46.172042
     ],
     [
      14.561667,
      46.172567
     ],
     [
      14.561712,
      46.172633
     ],
     [
      14.562661,
      46.173667
     ],
     [
      14.562684,
      46.173693
     ],
     [
      14.562849,
      46.173873
     ],
     [
      14.562882,
      46.17391
     ],
     [
      14.563006,
      46.174052
     ],
     [
      14.563319,
      46.174383
     ],
     [
      14.563447,
      46.174506
     ],
     [
      14.563675,
      46.174669
     ],
     [
      14.563765,
      46.174691
     ],
     [
      14.563849,
      46.174689
     ],
     [
      14.563947,
      46.17467
     ],
     [
      14.564384,
      46.174452
     ],
     [
      14.564631,
      46.17435
     ],
     [
      14.564918,
      46.174248
     ],
     [
      14.565125,
      46.174184
     ],
     [
      14.565703,
      46.17404
     ],
     [
      14.567091,
      46.173857
     ],
     [
      14.567471,
      46.173816
     ],
     [
      14.567705,
      46.173792
     ]
    ]
   }
  },
  {
   "type": "Feature",
   "properties": {
    "kind": "closure",
    "name": "Moški U23: km 47–48",
    "note": "Kratkotrajna zapora ob prehodu kolesarjev. Čas ocenjen iz hitrosti.",
    "start": "2026-10-02T14:39",
    "end": "2026-10-02T15:15",
    "length_m": 968
   },
   "geometry": {
    "type": "LineString",
    "coordinates": [
     [
      14.568506,
      46.173733
     ],
     [
      14.568713,
      46.173756
     ],
     [
      14.568801,
      46.173768
     ],
     [
      14.569172,
      46.173519
     ],
     [
      14.569357,
      46.173386
     ],
     [
      14.569514,
      46.17326
     ],
     [
      14.569747,
      46.173008
     ],
     [
      14.569922,
      46.172734
     ],
     [
      14.569997,
      46.172595
     ],
     [
      14.570119,
      46.172313
     ],
     [
      14.570261,
      46.172034
     ],
     [
      14.570387,
      46.171804
     ],
     [
      14.570607,
      46.171483
     ],
     [
      14.570714,
      46.171347
     ],
     [
      14.570976,
      46.171062
     ],
     [
      14.571316,
      46.170723
     ],
     [
      14.571554,
      46.170497
     ],
     [
      14.571707,
      46.170326
     ],
     [
      14.571829,
      46.170149
     ],
     [
      14.57197,
      46.169918
     ],
     [
      14.572298,
      46.169465
     ],
     [
      14.572526,
      46.169151
     ],
     [
      14.572633,
      46.169002
     ],
     [
      14.572745,
      46.168869
     ],
     [
      14.572886,
      46.168762
     ],
     [
      14.573078,
      46.168647
     ],
     [
      14.573143,
      46.168608
     ],
     [
      14.573239,
      46.168694
     ],
     [
      14.573353,
      46.168809
     ],
     [
      14.573512,
      46.168744
     ],
     [
      14.573642,
      46.168714
     ],
     [
      14.574397,
      46.168584
     ],
     [
      14.574657,
      46.168586
     ],
     [
      14.574921,
      46.168615
     ],
     [
      14.575562,
      46.1687
     ],
     [
      14.575784,
      46.16872
     ],
     [
      14.57593,
      46.168725
     ],
     [
      14.576505,
      46.168707
     ]
    ]
   }
  },
  {
   "type": "Feature",
   "properties": {
    "kind": "closure",
    "name": "Moški U23: km 48–49",
    "note": "Kratkotrajna zapora ob prehodu kolesarjev. Čas ocenjen iz hitrosti.",
    "start": "2026-10-02T14:40",
    "end": "2026-10-02T15:17",
    "length_m": 977
   },
   "geometry": {
    "type": "LineString",
    "coordinates": [
     [
      14.576865,
      46.168695
     ],
     [
      14.577146,
      46.16869
     ],
     [
      14.57727,
      46.168693
     ],
     [
      14.577334,
      46.168697
     ],
     [
      14.577627,
      46.168748
     ],
     [
      14.577687,
      46.168758
     ],
     [
      14.577826,
      46.168758
     ],
     [
      14.578068,
      46.168738
     ],
     [
      14.578594,
      46.168656
     ],
     [
      14.578943,
      46.168615
     ],
     [
      14.579079,
      46.168604
     ],
     [
      14.579289,
      46.168588
     ],
     [
      14.579712,
      46.168561
     ],
     [
      14.580039,
      46.168558
     ],
     [
      14.580321,
      46.16858
     ],
     [
      14.580668,
      46.168642
     ],
     [
      14.581029,
      46.168722
     ],
     [
      14.581151,
      46.168744
     ],
     [
      14.581233,
      46.168639
     ],
     [
      14.581363,
      46.168561
     ],
     [
      14.581526,
      46.168521
     ],
     [
      14.581682,
      46.168522
     ],
     [
      14.58183,
      46.168558
     ],
     [
      14.581953,
      46.168626
     ],
     [
      14.582036,
      46.168718
     ],
     [
      14.582178,
      46.168669
     ],
     [
      14.582788,
      46.168459
     ],
     [
      14.583111,
      46.168381
     ],
     [
      14.583393,
      46.168335
     ],
     [
      14.583807,
      46.168288
     ],
     [
      14.584658,
      46.168211
     ],
     [
      14.585477,
      46.168117
     ],
     [
      14.587396,
      46.167858
     ],
     [
      14.588174,
      46.167765
     ],
     [
      14.588708,
      46.167686
     ],
     [
      14.589018,
      46.167653
     ]
    ]
   }
  },
  {
   "type": "Feature",
   "properties": {
    "kind": "closure",
    "name": "Moški U23: km 49–50",
    "note": "Kratkotrajna zapora ob prehodu kolesarjev. Čas ocenjen iz hitrosti.",
    "start": "2026-10-02T14:42",
    "end": "2026-10-02T15:18",
    "length_m": 934
   },
   "geometry": {
    "type": "LineString",
    "coordinates": [
     [
      14.589272,
      46.167635
     ],
     [
      14.589647,
      46.167618
     ],
     [
      14.590424,
      46.167583
     ],
     [
      14.59168,
      46.167505
     ],
     [
      14.593159,
      46.167387
     ],
     [
      14.593695,
      46.167342
     ],
     [
      14.594032,
      46.167303
     ],
     [
      14.594546,
      46.167241
     ],
     [
      14.59485,
      46.167207
     ],
     [
      14.595183,
      46.167196
     ],
     [
      14.595364,
      46.167242
     ],
     [
      14.595513,
      46.167299
     ],
     [
      14.595643,
      46.167372
     ],
     [
      14.596058,
      46.16779
     ],
     [
      14.596155,
      46.167873
     ],
     [
      14.596331,
      46.167954
     ],
     [
      14.59683,
      46.168136
     ],
     [
      14.597215,
      46.168246
     ],
     [
      14.597378,
      46.168284
     ],
     [
      14.597626,
      46.168312
     ],
     [
      14.597862,
      46.168315
     ],
     [
      14.598023,
      46.168303
     ],
     [
      14.59825,
      46.168287
     ],
     [
      14.598462,
      46.16827
     ],
     [
      14.598872,
      46.168289
     ],
     [
      14.599056,
      46.168326
     ],
     [
      14.599143,
      46.168348
     ],
     [
      14.599434,
      46.168448
     ],
     [
      14.599626,
      46.168517
     ],
     [
      14.59974,
      46.168562
     ],
     [
      14.600199,
      46.168747
     ],
     [
      14.600564,
      46.168877
     ]
    ]
   }
  },
  {
   "type": "Feature",
   "properties": {
    "kind": "closure",
    "name": "Moški U23: km 50–51",
    "note": "Kratkotrajna zapora ob prehodu kolesarjev. Čas ocenjen iz hitrosti.",
    "start": "2026-10-02T14:43",
    "end": "2026-10-02T15:20",
    "length_m": 979
   },
   "geometry": {
    "type": "LineString",
    "coordinates": [
     [
      14.601298,
      46.169091
     ],
     [
      14.601549,
      46.169183
     ],
     [
      14.601843,
      46.169323
     ],
     [
      14.602729,
      46.169823
     ],
     [
      14.604128,
      46.170597
     ],
     [
      14.604555,
      46.170835
     ],
     [
      14.604677,
      46.170903
     ],
     [
      14.606066,
      46.171669
     ],
     [
      14.606587,
      46.171956
     ],
     [
      14.606964,
      46.172165
     ],
     [
      14.607145,
      46.172256
     ],
     [
      14.607378,
      46.172347
     ],
     [
      14.607501,
      46.172384
     ],
     [
      14.607517,
      46.172388
     ],
     [
      14.608152,
      46.172552
     ],
     [
      14.60817,
      46.172556
     ],
     [
      14.608804,
      46.172723
     ],
     [
      14.609439,
      46.172845
     ],
     [
      14.609658,
      46.172846
     ],
     [
      14.609757,
      46.172846
     ],
     [
      14.60982,
      46.172844
     ],
     [
      14.609855,
      46.172819
     ],
     [
      14.609898,
      46.1728
     ],
     [
      14.609945,
      46.172789
     ],
     [
      14.610014,
      46.17279
     ],
     [
      14.610052,
      46.172802
     ],
     [
      14.610088,
      46.172833
     ],
     [
      14.610092,
      46.172876
     ],
     [
      14.610076,
      46.172905
     ],
     [
      14.610029,
      46.172944
     ],
     [
      14.609962,
      46.172969
     ],
     [
      14.609892,
      46.172975
     ],
     [
      14.609846,
      46.17307
     ],
     [
      14.609751,
      46.173268
     ],
     [
      14.609679,
      46.173443
     ],
     [
      14.609655,
      46.173575
     ],
     [
      14.609655,
      46.173675
     ],
     [
      14.609686,
      46.173969
     ],
     [
      14.609753,
      46.174208
     ]
    ]
   }
  },
  {
   "type": "Feature",
   "properties": {
    "kind": "closure",
    "name": "Moški U23: km 51–52",
    "note": "Kratkotrajna zapora ob prehodu kolesarjev. Čas ocenjen iz hitrosti.",
    "start": "2026-10-02T14:44",
    "end": "2026-10-02T15:21",
    "length_m": 983
   },
   "geometry": {
    "type": "LineString",
    "coordinates": [
     [
      14.609821,
      46.174364
     ],
     [
      14.609937,
      46.174609
     ],
     [
      14.610176,
      46.17511
     ],
     [
      14.610219,
      46.175297
     ],
     [
      14.610253,
      46.17564
     ],
     [
      14.610258,
      46.176011
     ],
     [
      14.610262,
      46.1764
     ],
     [
      14.610223,
      46.176747
     ],
     [
      14.610152,
      46.177367
     ],
     [
      14.610109,
      46.177516
     ],
     [
      14.610052,
      46.177631
     ],
     [
      14.609751,
      46.178009
     ],
     [
      14.609684,
      46.178091
     ],
     [
      14.609569,
      46.178269
     ],
     [
      14.609461,
      46.17849
     ],
     [
      14.609385,
      46.178673
     ],
     [
      14.609298,
      46.178927
     ],
     [
      14.608955,
      46.18007
     ],
     [
      14.608908,
      46.18027
     ],
     [
      14.608859,
      46.180878
     ],
     [
      14.608777,
      46.181254
     ],
     [
      14.608713,
      46.181544
     ],
     [
      14.608674,
      46.1817
     ],
     [
      14.608657,
      46.181786
     ],
     [
      14.608536,
      46.182165
     ],
     [
      14.608464,
      46.182418
     ],
     [
      14.608339,
      46.182753
     ],
     [
      14.608236,
      46.182917
     ],
     [
      14.608186,
      46.182999
     ]
    ]
   }
  },
  {
   "type": "Feature",
   "properties": {
    "kind": "closure",
    "name": "Moški U23: km 52–53",
    "note": "Kratkotrajna zapora ob prehodu kolesarjev. Čas ocenjen iz hitrosti.",
    "start": "2026-10-02T14:46",
    "end": "2026-10-02T15:23",
    "length_m": 971
   },
   "geometry": {
    "type": "LineString",
    "coordinates": [
     [
      14.607997,
      46.18324
     ],
     [
      14.607841,
      46.18338
     ],
     [
      14.60765,
      46.183523
     ],
     [
      14.607411,
      46.183668
     ],
     [
      14.606694,
      46.184016
     ],
     [
      14.60639,
      46.184184
     ],
     [
      14.606194,
      46.184326
     ],
     [
      14.606071,
      46.184431
     ],
     [
      14.605871,
      46.184669
     ],
     [
      14.605801,
      46.18477
     ],
     [
      14.605661,
      46.185015
     ],
     [
      14.605594,
      46.185134
     ],
     [
      14.605485,
      46.185332
     ],
     [
      14.605407,
      46.185474
     ],
     [
      14.605287,
      46.185658
     ],
     [
      14.605005,
      46.186026
     ],
     [
      14.604906,
      46.186158
     ],
     [
      14.604847,
      46.186286
     ],
     [
      14.604786,
      46.18657
     ],
     [
      14.604747,
      46.187108
     ],
     [
      14.60472,
      46.187275
     ],
     [
      14.60471,
      46.187336
     ],
     [
      14.604656,
      46.187615
     ],
     [
      14.604566,
      46.187943
     ],
     [
      14.604493,
      46.188098
     ],
     [
      14.604397,
      46.188261
     ],
     [
      14.604204,
      46.188501
     ],
     [
      14.604114,
      46.188632
     ],
     [
      14.603941,
      46.188982
     ],
     [
      14.603759,
      46.189504
     ],
     [
      14.603679,
      46.189669
     ],
     [
      14.60357,
      46.189906
     ],
     [
      14.60342,
      46.190345
     ],
     [
      14.603362,
      46.190475
     ],
     [
      14.603315,
      46.190565
     ],
     [
      14.603247,
      46.190649
     ],
     [
      14.60309,
      46.1908
     ],
     [
      14.60298,
      46.190885
     ],
     [
      14.602887,
      46.190951
     ]
    ]
   }
  },
  {
   "type": "Feature",
   "properties": {
    "kind": "closure",
    "name": "Moški U23: km 53–54",
    "note": "Kratkotrajna zapora ob prehodu kolesarjev. Čas ocenjen iz hitrosti.",
    "start": "2026-10-02T14:47",
    "end": "2026-10-02T15:24",
    "length_m": 988
   },
   "geometry": {
    "type": "LineString",
    "coordinates": [
     [
      14.602765,
      46.19106
     ],
     [
      14.602659,
      46.191187
     ],
     [
      14.602595,
      46.191278
     ],
     [
      14.60252,
      46.191423
     ],
     [
      14.60231,
      46.191892
     ],
     [
      14.602124,
      46.192311
     ],
     [
      14.602048,
      46.192483
     ],
     [
      14.602002,
      46.192615
     ],
     [
      14.60195,
      46.192805
     ],
     [
      14.601931,
      46.192995
     ],
     [
      14.601855,
      46.193644
     ],
     [
      14.601824,
      46.193848
     ],
     [
      14.601747,
      46.194195
     ],
     [
      14.601684,
      46.194457
     ],
     [
      14.601641,
      46.194716
     ],
     [
      14.601593,
      46.195094
     ],
     [
      14.601522,
      46.195865
     ],
     [
      14.601499,
      46.196351
     ],
     [
      14.601481,
      46.196615
     ],
     [
      14.601442,
      46.196764
     ],
     [
      14.601381,
      46.196852
     ],
     [
      14.601218,
      46.197029
     ],
     [
      14.600618,
      46.197652
     ],
     [
      14.600534,
      46.197757
     ],
     [
      14.600481,
      46.197846
     ],
     [
      14.600464,
      46.197912
     ],
     [
      14.600464,
      46.197912
     ],
     [
      14.600469,
      46.197977
     ],
     [
      14.600632,
      46.198295
     ],
     [
      14.601227,
      46.199299
     ],
     [
      14.601282,
      46.199416
     ],
     [
      14.601295,
      46.199487
     ],
     [
      14.601275,
      46.199581
     ]
    ]
   }
  },
  {
   "type": "Feature",
   "properties": {
    "kind": "closure",
    "name": "Moški U23: km 54–55",
    "note": "Kratkotrajna zapora ob prehodu kolesarjev. Čas ocenjen iz hitrosti.",
    "start": "2026-10-02T14:48",
    "end": "2026-10-02T15:26",
    "length_m": 924
   },
   "geometry": {
    "type": "LineString",
    "coordinates": [
     [
      14.601141,
      46.19977
     ],
     [
      14.601021,
      46.199841
     ],
     [
      14.60084,
      46.199932
     ],
     [
      14.600829,
      46.199953
     ],
     [
      14.600786,
      46.199984
     ],
     [
      14.600727,
      46.199994
     ],
     [
      14.60067,
      46.19998
     ],
     [
      14.600633,
      46.19995
     ],
     [
      14.600623,
      46.199908
     ],
     [
      14.600631,
      46.199887
     ],
     [
      14.60053,
      46.199733
     ],
     [
      14.600338,
      46.199519
     ],
     [
      14.600126,
      46.199331
     ],
     [
      14.599922,
      46.199166
     ],
     [
      14.59984,
      46.199084
     ],
     [
      14.599559,
      46.198915
     ],
     [
      14.59924,
      46.198763
     ],
     [
      14.59896,
      46.198655
     ],
     [
      14.598741,
      46.198584
     ],
     [
      14.598476,
      46.198512
     ],
     [
      14.598142,
      46.198445
     ],
     [
      14.597877,
      46.1984
     ],
     [
      14.597384,
      46.198358
     ],
     [
      14.597051,
      46.19836
     ],
     [
      14.59667,
      46.198372
     ],
     [
      14.595921,
      46.198422
     ],
     [
      14.594182,
      46.198579
     ],
     [
      14.59421,
      46.198643
     ],
     [
      14.594209,
      46.19871
     ],
     [
      14.594179,
      46.198774
     ],
     [
      14.594123,
      46.198828
     ],
     [
      14.594056,
      46.198865
     ],
     [
      14.593977,
      46.198888
     ],
     [
      14.593891,
      46.198896
     ],
     [
      14.593806,
      46.198887
     ],
     [
      14.593703,
      46.198852
     ],
     [
      14.593625,
      46.198794
     ],
     [
      14.593581,
      46.19872
     ],
     [
      14.593578,
      46.19864
     ],
     [
      14.592831,
      46.198519
     ],
     [
      14.592444,
      46.198421
     ],
     [
      14.592142,
      46.198322
     ],
     [
      14.591894,
      46.198194
     ],
     [
      14.591738,
      46.198327
     ],
     [
      14.591635,
      46.198371
     ],
     [
      14.591147,
      46.198518
     ]
    ]
   }
  },
  {
   "type": "Feature",
   "properties": {
    "kind": "closure",
    "name": "Moški U23: km 55–56",
    "note": "Kratkotrajna zapora ob prehodu kolesarjev. Čas ocenjen iz hitrosti.",
    "start": "2026-10-02T14:50",
    "end": "2026-10-02T15:27",
    "length_m": 918
   },
   "geometry": {
    "type": "LineString",
    "coordinates": [
     [
      14.590078,
      46.198801
     ],
     [
      14.589608,
      46.198915
     ],
     [
      14.589284,
      46.198972
     ],
     [
      14.58893,
      46.19902
     ],
     [
      14.586502,
      46.199328
     ],
     [
      14.586147,
      46.19939
     ],
     [
      14.585898,
      46.199442
     ],
     [
      14.585729,
      46.199486
     ],
     [
      14.58472,
      46.199774
     ],
     [
      14.581712,
      46.200728
     ],
     [
      14.580587,
      46.201062
     ],
     [
      14.57975,
      46.201356
     ],
     [
      14.579408,
      46.201469
     ],
     [
      14.578952,
      46.201633
     ]
    ]
   }
  },
  {
   "type": "Feature",
   "properties": {
    "kind": "closure",
    "name": "Moški U23: km 56–57",
    "note": "Kratkotrajna zapora ob prehodu kolesarjev. Čas ocenjen iz hitrosti.",
    "start": "2026-10-02T14:51",
    "end": "2026-10-02T15:29",
    "length_m": 888
   },
   "geometry": {
    "type": "LineString",
    "coordinates": [
     [
      14.577887,
      46.201965
     ],
     [
      14.577151,
      46.202223
     ],
     [
      14.576575,
      46.202453
     ],
     [
      14.576361,
      46.202569
     ],
     [
      14.576262,
      46.202648
     ],
     [
      14.576192,
      46.202718
     ],
     [
      14.57615,
      46.202779
     ],
     [
      14.576191,
      46.202806
     ],
     [
      14.576216,
      46.202843
     ],
     [
      14.57622,
      46.202894
     ],
     [
      14.576184,
      46.202948
     ],
     [
      14.57614,
      46.202975
     ],
     [
      14.576067,
      46.202991
     ],
     [
      14.575986,
      46.202982
     ],
     [
      14.575918,
      46.202945
     ],
     [
      14.575887,
      46.202897
     ],
     [
      14.575885,
      46.202861
     ],
     [
      14.57592,
      46.202798
     ],
     [
      14.575883,
      46.202763
     ],
     [
      14.575727,
      46.202658
     ],
     [
      14.575501,
      46.202459
     ],
     [
      14.575314,
      46.202261
     ],
     [
      14.575113,
      46.202025
     ],
     [
      14.575112,
      46.202025
     ],
     [
      14.574647,
      46.201482
     ],
     [
      14.574421,
      46.201246
     ],
     [
      14.574006,
      46.200902
     ],
     [
      14.573808,
      46.200732
     ],
     [
      14.573661,
      46.200569
     ],
     [
      14.573505,
      46.200383
     ],
     [
      14.573401,
      46.200279
     ],
     [
      14.573279,
      46.200167
     ],
     [
      14.573168,
      46.200083
     ],
     [
      14.573042,
      46.200009
     ],
     [
      14.5729,
      46.199938
     ],
     [
      14.572506,
      46.199787
     ],
     [
      14.572047,
      46.199641
     ],
     [
      14.571759,
      46.199561
     ],
     [
      14.571217,
      46.199427
     ],
     [
      14.570788,
      46.19934
     ],
     [
      14.570348,
      46.199261
     ],
     [
      14.569646,
      46.199136
     ]
    ]
   }
  },
  {
   "type": "Feature",
   "properties": {
    "kind": "closure",
    "name": "Moški U23: km 57–58",
    "note": "Kratkotrajna zapora ob prehodu kolesarjev. Čas ocenjen iz hitrosti.",
    "start": "2026-10-02T14:52",
    "end": "2026-10-02T15:31",
    "length_m": 968
   },
   "geometry": {
    "type": "LineString",
    "coordinates": [
     [
      14.568459,
      46.198891
     ],
     [
      14.568236,
      46.198839
     ],
     [
      14.568084,
      46.198797
     ],
     [
      14.567912,
      46.198744
     ],
     [
      14.56769,
      46.198665
     ],
     [
      14.567444,
      46.198572
     ],
     [
      14.567309,
      46.198519
     ],
     [
      14.566533,
      46.198212
     ],
     [
      14.566392,
      46.198464
     ],
     [
      14.566315,
      46.198622
     ],
     [
      14.566245,
      46.198894
     ],
     [
      14.566158,
      46.199333
     ],
     [
      14.56615,
      46.199379
     ],
     [
      14.566123,
      46.199478
     ],
     [
      14.566079,
      46.199571
     ],
     [
      14.565953,
      46.199793
     ],
     [
      14.565882,
      46.199965
     ],
     [
      14.565795,
      46.200229
     ],
     [
      14.56577,
      46.200283
     ],
     [
      14.565273,
      46.200208
     ],
     [
      14.564995,
      46.200177
     ],
     [
      14.564875,
      46.200177
     ],
     [
      14.564766,
      46.200187
     ],
     [
      14.564645,
      46.200217
     ],
     [
      14.564475,
      46.200286
     ],
     [
      14.564409,
      46.200308
     ],
     [
      14.564332,
      46.200324
     ],
     [
      14.564243,
      46.200314
     ],
     [
      14.564095,
      46.200264
     ],
     [
      14.563716,
      46.200067
     ],
     [
      14.563605,
      46.199988
     ],
     [
      14.563359,
      46.20009
     ],
     [
      14.563018,
      46.200378
     ],
     [
      14.562663,
      46.200641
     ],
     [
      14.562584,
      46.20071
     ],
     [
      14.56251,
      46.200804
     ],
     [
      14.56247,
      46.20089
     ],
     [
      14.562444,
      46.200947
     ],
     [
      14.562401,
      46.201013
     ],
     [
      14.562355,
      46.201037
     ],
     [
      14.562147,
      46.201111
     ],
     [
      14.561858,
      46.201193
     ],
     [
      14.561776,
      46.201216
     ],
     [
      14.561407,
      46.201323
     ],
     [
      14.561261,
      46.201378
     ],
     [
      14.561084,
      46.20145
     ],
     [
      14.560676,
      46.20162
     ],
     [
      14.560433,
      46.201699
     ],
     [
      14.560126,
      46.201798
     ],
     [
      14.559744,
      46.20196
     ]
    ]
   }
  },
  {
   "type": "Feature",
   "properties": {
    "kind": "closure",
    "name": "Moški U23: km 58–59",
    "note": "Kratkotrajna zapora ob prehodu kolesarjev. Čas ocenjen iz hitrosti.",
    "start": "2026-10-02T14:54",
    "end": "2026-10-02T15:32",
    "length_m": 963
   },
   "geometry": {
    "type": "LineString",
    "coordinates": [
     [
      14.559527,
      46.202063
     ],
     [
      14.559301,
      46.202174
     ],
     [
      14.558985,
      46.202328
     ],
     [
      14.558827,
      46.202366
     ],
     [
      14.558607,
      46.202389
     ],
     [
      14.558154,
      46.202414
     ],
     [
      14.557449,
      46.20243
     ],
     [
      14.557174,
      46.202448
     ],
     [
      14.556936,
      46.20248
     ],
     [
      14.5562,
      46.202595
     ],
     [
      14.55503,
      46.202733
     ],
     [
      14.554354,
      46.20284
     ],
     [
      14.554076,
      46.202899
     ],
     [
      14.553572,
      46.203042
     ],
     [
      14.552942,
      46.203242
     ],
     [
      14.552693,
      46.20332
     ],
     [
      14.552383,
      46.203425
     ],
     [
      14.552235,
      46.203485
     ],
     [
      14.551728,
      46.203725
     ],
     [
      14.551483,
      46.203845
     ],
     [
      14.550964,
      46.204044
     ],
     [
      14.550775,
      46.204103
     ],
     [
      14.550521,
      46.204164
     ],
     [
      14.55002,
      46.204271
     ],
     [
      14.549882,
      46.204307
     ],
     [
      14.54978,
      46.204334
     ],
     [
      14.549549,
      46.204416
     ],
     [
      14.548782,
      46.204721
     ],
     [
      14.548015,
      46.205062
     ]
    ]
   }
  },
  {
   "type": "Feature",
   "properties": {
    "kind": "closure",
    "name": "Moški U23: km 59–60",
    "note": "Kratkotrajna zapora ob prehodu kolesarjev. Čas ocenjen iz hitrosti.",
    "start": "2026-10-02T14:55",
    "end": "2026-10-02T15:34",
    "length_m": 940
   },
   "geometry": {
    "type": "LineString",
    "coordinates": [
     [
      14.547166,
      46.205427
     ],
     [
      14.547022,
      46.205492
     ],
     [
      14.546996,
      46.205501
     ],
     [
      14.546495,
      46.205712
     ],
     [
      14.54559,
      46.206079
     ],
     [
      14.544759,
      46.206434
     ],
     [
      14.544256,
      46.206659
     ],
     [
      14.543716,
      46.206899
     ],
     [
      14.543418,
      46.20703
     ],
     [
      14.543291,
      46.207096
     ],
     [
      14.543248,
      46.20717
     ],
     [
      14.543245,
      46.207221
     ],
     [
      14.543265,
      46.207298
     ],
     [
      14.543344,
      46.207413
     ],
     [
      14.543535,
      46.207636
     ],
     [
      14.54367,
      46.207807
     ],
     [
      14.543725,
      46.207895
     ],
     [
      14.543757,
      46.207957
     ],
     [
      14.543759,
      46.208
     ],
     [
      14.543752,
      46.20803
     ],
     [
      14.543735,
      46.208055
     ],
     [
      14.543761,
      46.208061
     ],
     [
      14.543799,
      46.208089
     ],
     [
      14.543806,
      46.208127
     ],
     [
      14.543796,
      46.208145
     ],
     [
      14.543777,
      46.208162
     ],
     [
      14.54375,
      46.208173
     ],
     [
      14.543719,
      46.208177
     ],
     [
      14.543688,
      46.208173
     ],
     [
      14.543661,
      46.208162
     ],
     [
      14.543642,
      46.208146
     ],
     [
      14.543587,
      46.208181
     ],
     [
      14.543502,
      46.208195
     ],
     [
      14.542638,
      46.208175
     ],
     [
      14.542591,
      46.208174
     ],
     [
      14.542501,
      46.208173
     ],
     [
      14.542372,
      46.208177
     ],
     [
      14.542202,
      46.208191
     ],
     [
      14.541453,
      46.208363
     ],
     [
      14.541291,
      46.208461
     ],
     [
      14.541285,
      46.208485
     ],
     [
      14.541267,
      46.208507
     ],
     [
      14.54124,
      46.208523
     ],
     [
      14.541206,
      46.208532
     ],
     [
      14.54117,
      46.208533
     ],
     [
      14.541139,
      46.208526
     ],
     [
      14.541111,
      46.208513
     ],
     [
      14.541091,
      46.208495
     ],
     [
      14.54108,
      46.208473
     ],
     [
      14.54108,
      46.20845
     ],
     [
      14.54096,
      46.208352
     ],
     [
      14.540682,
      46.208212
     ],
     [
      14.540352,
      46.20807
     ],
     [
      14.540337,
      46.208064
     ],
     [
      14.540185,
      46.207984
     ],
     [
      14.540118,
      46.207937
     ],
     [
      14.539967,
      46.207773
     ],
     [
      14.539814,
      46.207569
     ],
     [
      14.53972,
      46.207448
     ],
     [
      14.539662,
      46.207388
     ],
     [
      14.539298,
      46.207022
     ],
     [
      14.539177,
      46.206915
     ]
    ]
   }
  },
  {
   "type": "Feature",
   "properties": {
    "kind": "closure",
    "name": "Moški U23: km 60–61",
    "note": "Kratkotrajna zapora ob prehodu kolesarjev. Čas ocenjen iz hitrosti.",
    "start": "2026-10-02T14:56",
    "end": "2026-10-02T15:35",
    "length_m": 957
   },
   "geometry": {
    "type": "LineString",
    "coordinates": [
     [
      14.53894,
      46.206724
     ],
     [
      14.53885,
      46.206673
     ],
     [
      14.538825,
      46.206697
     ],
     [
      14.538791,
      46.206714
     ],
     [
      14.538764,
      46.206792
     ],
     [
      14.538758,
      46.206873
     ],
     [
      14.538874,
      46.206984
     ],
     [
      14.538929,
      46.207082
     ],
     [
      14.538987,
      46.207355
     ],
     [
      14.538992,
      46.207719
     ],
     [
      14.538993,
      46.207746
     ],
     [
      14.539013,
      46.208177
     ],
     [
      14.539001,
      46.208255
     ],
     [
      14.538973,
      46.208332
     ],
     [
      14.538921,
      46.208397
     ],
     [
      14.538855,
      46.20845
     ],
     [
      14.538752,
      46.208504
     ],
     [
      14.538689,
      46.20853
     ],
     [
      14.538575,
      46.208561
     ],
     [
      14.538293,
      46.208607
     ],
     [
      14.53737,
      46.208757
     ],
     [
      14.536888,
      46.208846
     ],
     [
      14.53661,
      46.208904
     ],
     [
      14.536377,
      46.208966
     ],
     [
      14.536192,
      46.209017
     ],
     [
      14.535875,
      46.209161
     ],
     [
      14.535707,
      46.209266
     ],
     [
      14.535379,
      46.20953
     ],
     [
      14.53517,
      46.209723
     ],
     [
      14.534902,
      46.209977
     ],
     [
      14.534463,
      46.210419
     ],
     [
      14.53428,
      46.210604
     ],
     [
      14.534085,
      46.210771
     ],
     [
      14.533725,
      46.211061
     ],
     [
      14.533337,
      46.211337
     ],
     [
      14.533008,
      46.211547
     ],
     [
      14.532668,
      46.211737
     ],
     [
      14.532617,
      46.211768
     ],
     [
      14.53256,
      46.211821
     ],
     [
      14.532511,
      46.21188
     ],
     [
      14.532449,
      46.212057
     ],
     [
      14.532402,
      46.212155
     ],
     [
      14.532323,
      46.212229
     ],
     [
      14.532088,
      46.212414
     ],
     [
      14.531934,
      46.212543
     ],
     [
      14.531831,
      46.212608
     ]
    ]
   }
  },
  {
   "type": "Feature",
   "properties": {
    "kind": "closure",
    "name": "Moški U23: km 61–62",
    "note": "Kratkotrajna zapora ob prehodu kolesarjev. Čas ocenjen iz hitrosti.",
    "start": "2026-10-02T14:58",
    "end": "2026-10-02T15:37",
    "length_m": 945
   },
   "geometry": {
    "type": "LineString",
    "coordinates": [
     [
      14.53151,
      46.212768
     ],
     [
      14.53143,
      46.212802
     ],
     [
      14.531289,
      46.212832
     ],
     [
      14.531189,
      46.212843
     ],
     [
      14.53099,
      46.212828
     ],
     [
      14.530848,
      46.212824
     ],
     [
      14.530726,
      46.212843
     ],
     [
      14.530628,
      46.212868
     ],
     [
      14.530517,
      46.212914
     ],
     [
      14.530401,
      46.212972
     ],
     [
      14.529916,
      46.213307
     ],
     [
      14.529493,
      46.213574
     ],
     [
      14.529146,
      46.213718
     ],
     [
      14.529031,
      46.213751
     ],
     [
      14.528713,
      46.21383
     ],
     [
      14.528458,
      46.213867
     ],
     [
      14.527934,
      46.213933
     ],
     [
      14.52748,
      46.213975
     ],
     [
      14.527248,
      46.21402
     ],
     [
      14.527102,
      46.214069
     ],
     [
      14.526648,
      46.214291
     ],
     [
      14.526511,
      46.214344
     ],
     [
      14.526426,
      46.214377
     ],
     [
      14.526323,
      46.21439
     ],
     [
      14.526114,
      46.214399
     ],
     [
      14.525536,
      46.214398
     ],
     [
      14.525264,
      46.214436
     ],
     [
      14.525085,
      46.214478
     ],
     [
      14.524974,
      46.214524
     ],
     [
      14.524954,
      46.214533
     ],
     [
      14.524822,
      46.214604
     ],
     [
      14.524696,
      46.214715
     ],
     [
      14.524617,
      46.214806
     ],
     [
      14.524576,
      46.214931
     ],
     [
      14.524588,
      46.215048
     ],
     [
      14.524663,
      46.215219
     ],
     [
      14.525176,
      46.216029
     ],
     [
      14.525378,
      46.216335
     ],
     [
      14.525878,
      46.21703
     ],
     [
      14.525974,
      46.217189
     ],
     [
      14.52598,
      46.217368
     ],
     [
      14.525956,
      46.217472
     ],
     [
      14.525876,
      46.217562
     ],
     [
      14.525757,
      46.217656
     ]
    ]
   }
  },
  {
   "type": "Feature",
   "properties": {
    "kind": "closure",
    "name": "Moški U23: km 62–63",
    "note": "Kratkotrajna zapora ob prehodu kolesarjev. Čas ocenjen iz hitrosti.",
    "start": "2026-10-02T14:59",
    "end": "2026-10-02T15:38",
    "length_m": 964
   },
   "geometry": {
    "type": "LineString",
    "coordinates": [
     [
      14.525052,
      46.21817
     ],
     [
      14.524916,
      46.218288
     ],
     [
      14.524741,
      46.218472
     ],
     [
      14.524577,
      46.218711
     ],
     [
      14.524407,
      46.218928
     ],
     [
      14.5242,
      46.219146
     ],
     [
      14.523909,
      46.219417
     ],
     [
      14.523587,
      46.219656
     ],
     [
      14.52334,
      46.219812
     ],
     [
      14.523271,
      46.219853
     ],
     [
      14.52249,
      46.220327
     ],
     [
      14.522111,
      46.220613
     ],
     [
      14.521997,
      46.220751
     ],
     [
      14.521954,
      46.220861
     ],
     [
      14.521955,
      46.220983
     ],
     [
      14.521981,
      46.221044
     ],
     [
      14.522064,
      46.22116
     ],
     [
      14.52212,
      46.221208
     ],
     [
      14.522186,
      46.221253
     ],
     [
      14.522247,
      46.221284
     ],
     [
      14.522923,
      46.221562
     ],
     [
      14.523103,
      46.221671
     ],
     [
      14.523192,
      46.221787
     ],
     [
      14.523224,
      46.22193
     ],
     [
      14.523214,
      46.222026
     ],
     [
      14.523186,
      46.222083
     ],
     [
      14.52293,
      46.222465
     ],
     [
      14.522884,
      46.222607
     ],
     [
      14.522894,
      46.222709
     ],
     [
      14.522913,
      46.222797
     ],
     [
      14.522945,
      46.222901
     ],
     [
      14.522988,
      46.222984
     ],
     [
      14.523056,
      46.223101
     ],
     [
      14.523452,
      46.223533
     ],
     [
      14.523504,
      46.223594
     ],
     [
      14.523649,
      46.22381
     ],
     [
      14.523684,
      46.223928
     ],
     [
      14.523689,
      46.224004
     ],
     [
      14.523679,
      46.224114
     ],
     [
      14.523652,
      46.224202
     ],
     [
      14.52342,
      46.224653
     ],
     [
      14.523299,
      46.224945
     ],
     [
      14.523119,
      46.225436
     ]
    ]
   }
  },
  {
   "type": "Feature",
   "properties": {
    "kind": "closure",
    "name": "Moški U23: km 63–64",
    "note": "Kratkotrajna zapora ob prehodu kolesarjev. Čas ocenjen iz hitrosti.",
    "start": "2026-10-02T15:00",
    "end": "2026-10-02T15:40",
    "length_m": 914
   },
   "geometry": {
    "type": "LineString",
    "coordinates": [
     [
      14.523039,
      46.22563
     ],
     [
      14.522974,
      46.225764
     ],
     [
      14.522753,
      46.226129
     ],
     [
      14.522398,
      46.226746
     ],
     [
      14.522381,
      46.226771
     ],
     [
      14.522296,
      46.2269
     ],
     [
      14.52216,
      46.227039
     ],
     [
      14.522015,
      46.22715
     ],
     [
      14.521761,
      46.227304
     ],
     [
      14.521449,
      46.227511
     ],
     [
      14.521239,
      46.227682
     ],
     [
      14.521189,
      46.227731
     ],
     [
      14.521095,
      46.227828
     ],
     [
      14.521036,
      46.227888
     ],
     [
      14.520783,
      46.228107
     ],
     [
      14.520473,
      46.228313
     ],
     [
      14.520195,
      46.228494
     ],
     [
      14.519324,
      46.229077
     ],
     [
      14.519125,
      46.229245
     ],
     [
      14.51895,
      46.229449
     ],
     [
      14.518778,
      46.229656
     ],
     [
      14.518668,
      46.229763
     ],
     [
      14.518514,
      46.229908
     ],
     [
      14.518307,
      46.23004
     ],
     [
      14.518231,
      46.230098
     ],
     [
      14.517924,
      46.230303
     ],
     [
      14.517768,
      46.230374
     ],
     [
      14.517549,
      46.230463
     ],
     [
      14.517345,
      46.230535
     ],
     [
      14.517156,
      46.230578
     ],
     [
      14.51688,
      46.230622
     ],
     [
      14.51648,
      46.230667
     ],
     [
      14.516163,
      46.23071
     ],
     [
      14.516035,
      46.230733
     ],
     [
      14.515959,
      46.230756
     ],
     [
      14.515827,
      46.230795
     ],
     [
      14.515441,
      46.230973
     ],
     [
      14.515127,
      46.231109
     ],
     [
      14.514912,
      46.231184
     ]
    ]
   }
  },
  {
   "type": "Feature",
   "properties": {
    "kind": "closure",
    "name": "Moški U23: km 64–65",
    "note": "Kratkotrajna zapora ob prehodu kolesarjev. Čas ocenjen iz hitrosti.",
    "start": "2026-10-02T15:02",
    "end": "2026-10-02T15:41",
    "length_m": 916
   },
   "geometry": {
    "type": "LineString",
    "coordinates": [
     [
      14.513102,
      46.231589
     ],
     [
      14.512754,
      46.231667
     ],
     [
      14.511589,
      46.231965
     ],
     [
      14.511357,
      46.232026
     ],
     [
      14.511094,
      46.232107
     ],
     [
      14.510886,
      46.232187
     ],
     [
      14.510693,
      46.232276
     ],
     [
      14.510631,
      46.232311
     ],
     [
      14.510497,
      46.232388
     ],
     [
      14.51019,
      46.232595
     ],
     [
      14.509061,
      46.233392
     ],
     [
      14.508825,
      46.233552
     ],
     [
      14.507697,
      46.234321
     ],
     [
      14.507366,
      46.23457
     ],
     [
      14.507083,
      46.23482
     ],
     [
      14.50523,
      46.236568
     ],
     [
      14.504628,
      46.237147
     ]
    ]
   }
  },
  {
   "type": "Feature",
   "properties": {
    "kind": "closure",
    "name": "Moški U23: km 65–66",
    "note": "Kratkotrajna zapora ob prehodu kolesarjev. Čas ocenjen iz hitrosti.",
    "start": "2026-10-02T15:03",
    "end": "2026-10-02T15:43",
    "length_m": 839
   },
   "geometry": {
    "type": "LineString",
    "coordinates": [
     [
      14.504145,
      46.237628
     ],
     [
      14.503892,
      46.237958
     ],
     [
      14.503513,
      46.238506
     ],
     [
      14.502254,
      46.240334
     ],
     [
      14.500497,
      46.242887
     ],
     [
      14.500189,
      46.243354
     ],
     [
      14.499977,
      46.243685
     ],
     [
      14.499847,
      46.243944
     ],
     [
      14.499592,
      46.24452
     ]
    ]
   }
  },
  {
   "type": "Feature",
   "properties": {
    "kind": "closure",
    "name": "Moški U23: km 66–67",
    "note": "Kratkotrajna zapora ob prehodu kolesarjev. Čas ocenjen iz hitrosti.",
    "start": "2026-10-02T15:04",
    "end": "2026-10-02T15:44",
    "length_m": 800
   },
   "geometry": {
    "type": "LineString",
    "coordinates": [
     [
      14.498782,
      46.246463
     ],
     [
      14.498649,
      46.246816
     ],
     [
      14.498362,
      46.247751
     ],
     [
      14.498292,
      46.247838
     ],
     [
      14.498229,
      46.247874
     ],
     [
      14.498151,
      46.247903
     ],
     [
      14.498034,
      46.247915
     ],
     [
      14.497669,
      46.247906
     ],
     [
      14.497514,
      46.247893
     ],
     [
      14.497413,
      46.247885
     ],
     [
      14.497214,
      46.247848
     ],
     [
      14.496903,
      46.247762
     ],
     [
      14.496585,
      46.247652
     ],
     [
      14.496458,
      46.247652
     ],
     [
      14.496347,
      46.247668
     ],
     [
      14.496213,
      46.247708
     ],
     [
      14.496067,
      46.247769
     ],
     [
      14.49595,
      46.247854
     ],
     [
      14.495816,
      46.247983
     ],
     [
      14.495509,
      46.248316
     ],
     [
      14.495371,
      46.248442
     ],
     [
      14.49512,
      46.2486
     ],
     [
      14.494841,
      46.248707
     ],
     [
      14.494529,
      46.248795
     ],
     [
      14.494449,
      46.248818
     ],
     [
      14.493574,
      46.249024
     ],
     [
      14.491634,
      46.249475
     ],
     [
      14.490933,
      46.249641
     ]
    ]
   }
  },
  {
   "type": "Feature",
   "properties": {
    "kind": "closure",
    "name": "Moški U23: km 67–68",
    "note": "Kratkotrajna zapora ob prehodu kolesarjev. Čas ocenjen iz hitrosti.",
    "start": "2026-10-02T15:06",
    "end": "2026-10-02T15:46",
    "length_m": 947
   },
   "geometry": {
    "type": "LineString",
    "coordinates": [
     [
      14.489417,
      46.249999
     ],
     [
      14.488911,
      46.250108
     ],
     [
      14.488409,
      46.250143
     ],
     [
      14.487495,
      46.250162
     ],
     [
      14.486896,
      46.250142
     ],
     [
      14.486759,
      46.250137
     ],
     [
      14.486682,
      46.250123
     ],
     [
      14.486602,
      46.2501
     ],
     [
      14.486452,
      46.250086
     ],
     [
      14.486386,
      46.250091
     ],
     [
      14.486346,
      46.250093
     ],
     [
      14.486325,
      46.250124
     ],
     [
      14.486291,
      46.250148
     ],
     [
      14.486225,
      46.25025
     ],
     [
      14.486076,
      46.250503
     ],
     [
      14.48605,
      46.250675
     ],
     [
      14.486025,
      46.251042
     ],
     [
      14.485994,
      46.251222
     ],
     [
      14.485912,
      46.251638
     ],
     [
      14.485904,
      46.251749
     ],
     [
      14.485904,
      46.251757
     ],
     [
      14.485909,
      46.251834
     ],
     [
      14.485932,
      46.251916
     ],
     [
      14.485972,
      46.251999
     ],
     [
      14.486093,
      46.252185
     ],
     [
      14.486366,
      46.252498
     ],
     [
      14.486568,
      46.25274
     ],
     [
      14.486885,
      46.253119
     ],
     [
      14.486973,
      46.253237
     ],
     [
      14.487009,
      46.253289
     ],
     [
      14.487099,
      46.253488
     ],
     [
      14.487209,
      46.25381
     ],
     [
      14.487339,
      46.25414
     ],
     [
      14.487392,
      46.254265
     ],
     [
      14.487559,
      46.254659
     ],
     [
      14.48761,
      46.254804
     ],
     [
      14.487705,
      46.255128
     ],
     [
      14.487905,
      46.25572
     ],
     [
      14.48791,
      46.255846
     ],
     [
      14.487885,
      46.255959
     ],
     [
      14.488017,
      46.256033
     ],
     [
      14.488084,
      46.256108
     ]
    ]
   }
  },
  {
   "type": "Feature",
   "properties": {
    "kind": "closure",
    "name": "Moški U23: km 68–69",
    "note": "Kratkotrajna zapora ob prehodu kolesarjev. Čas ocenjen iz hitrosti.",
    "start": "2026-10-02T15:07",
    "end": "2026-10-02T15:47",
    "length_m": 586
   },
   "geometry": {
    "type": "LineString",
    "coordinates": [
     [
      14.488205,
      46.256368
     ],
     [
      14.488326,
      46.256603
     ],
     [
      14.488413,
      46.256733
     ],
     [
      14.488721,
      46.257148
     ],
     [
      14.488766,
      46.257215
     ],
     [
      14.488896,
      46.257408
     ],
     [
      14.489136,
      46.25772
     ],
     [
      14.489197,
      46.257841
     ],
     [
      14.48926,
      46.257968
     ],
     [
      14.489362,
      46.258245
     ],
     [
      14.489413,
      46.258343
     ],
     [
      14.489495,
      46.258444
     ],
     [
      14.48959,
      46.258528
     ],
     [
      14.48976,
      46.258651
     ],
     [
      14.490207,
      46.25893
     ],
     [
      14.490369,
      46.25904
     ],
     [
      14.490469,
      46.259117
     ],
     [
      14.490601,
      46.25925
     ],
     [
      14.490654,
      46.25933
     ],
     [
      14.490789,
      46.259503
     ],
     [
      14.490864,
      46.259586
     ],
     [
      14.490935,
      46.259654
     ],
     [
      14.491042,
      46.259737
     ],
     [
      14.49134,
      46.259938
     ],
     [
      14.491517,
      46.260071
     ],
     [
      14.491698,
      46.260257
     ],
     [
      14.491817,
      46.260435
     ],
     [
      14.492022,
      46.260858
     ]
    ]
   }
  },
  {
   "type": "Feature",
   "properties": {
    "kind": "closure",
    "name": "Moški U23: nevtralni del Kongresni trg–Šentvid",
    "note": "Spremljana vožnja po Ljubljani (~10.2 km).",
    "start": "2026-10-02T13:10",
    "end": "2026-10-02T14:01",
    "length_m": 10195
   },
   "geometry": {
    "type": "LineString",
    "coordinates": [
     [
      14.503638,
      46.049791
     ],
     [
      14.503688,
      46.049923
     ],
     [
      14.5039,
      46.050464
     ],
     [
      14.503903,
      46.050508
     ],
     [
      14.503885,
      46.050538
     ],
     [
      14.503849,
      46.050559
     ],
     [
      14.503696,
      46.050588
     ],
     [
      14.503081,
      46.050704
     ],
     [
      14.503005,
      46.050725
     ],
     [
      14.502863,
      46.050786
     ],
     [
      14.502712,
      46.05082
     ],
     [
      14.502598,
      46.050847
     ],
     [
      14.502137,
      46.050958
     ],
     [
      14.50191,
      46.051014
     ],
     [
      14.501878,
      46.051022
     ],
     [
      14.501814,
      46.051036
     ],
     [
      14.501586,
      46.051092
     ],
     [
      14.501622,
      46.051174
     ],
     [
      14.501808,
      46.051597
     ],
     [
      14.501972,
      46.051971
     ],
     [
      14.501991,
      46.052012
     ],
     [
      14.50201,
      46.052057
     ],
     [
      14.502079,
      46.052211
     ],
     [
      14.50211,
      46.052281
     ],
     [
      14.502173,
      46.052423
     ],
     [
      14.502262,
      46.052625
     ],
     [
      14.502287,
      46.052683
     ],
     [
      14.502243,
      46.052692
     ],
     [
      14.502213,
      46.052699
     ],
     [
      14.501782,
      46.05279
     ],
     [
      14.501768,
      46.052793
     ],
     [
      14.501369,
      46.052878
     ],
     [
      14.501258,
      46.052902
     ],
     [
      14.50128,
      46.052954
     ],
     [
      14.501291,
      46.052977
     ],
     [
      14.501604,
      46.053707
     ],
     [
      14.501633,
      46.053773
     ],
     [
      14.50167,
      46.05386
     ],
     [
      14.501833,
      46.054239
     ],
     [
      14.501845,
      46.054266
     ],
     [
      14.501858,
      46.054298
     ],
     [
      14.502177,
      46.054862
     ],
     [
      14.502228,
      46.054952
     ],
     [
      14.502323,
      46.05512
     ],
     [
      14.502363,
      46.055197
     ],
     [
      14.5025,
      46.055456
     ],
     [
      14.502525,
      46.055512
     ],
     [
      14.50254,
      46.055564
     ],
     [
      14.502579,
      46.055542
     ],
     [
      14.502586,
      46.055538
     ],
     [
      14.502618,
      46.05552
     ],
     [
      14.502659,
      46.055497
     ],
     [
      14.502965,
      46.055322
     ],
     [
      14.50316,
      46.055226
     ],
     [
      14.503319,
      46.055137
     ],
     [
      14.503437,
      46.055063
     ],
     [
      14.503652,
      46.05493
     ],
     [
      14.503859,
      46.054803
     ],
     [
      14.504197,
      46.054555
     ],
     [
      14.504288,
      46.05448
     ],
     [
      14.504324,
      46.054438
     ],
     [
      14.504346,
      46.054403
     ],
     [
      14.504326,
      46.054351
     ],
     [
      14.504314,
      46.054318
     ],
     [
      14.504357,
      46.05431
     ],
     [
      14.504407,
      46.054298
     ],
     [
      14.504456,
      46.054287
     ],
     [
      14.504515,
      46.054269
     ],
     [
      14.504646,
      46.054222
     ],
     [
      14.504807,
      46.054194
     ],
     [
      14.504856,
      46.054182
     ],
     [
      14.504983,
      46.054143
     ],
     [
      14.505064,
      46.054126
     ],
     [
      14.505645,
      46.054014
     ],
     [
      14.505718,
      46.054017
     ],
     [
      14.505803,
      46.054002
     ],
     [
      14.505869,
      46.053991
     ],
     [
      14.506606,
      46.053852
     ],
     [
      14.506895,
      46.0538
     ],
     [
      14.506936,
      46.053792
     ],
     [
      14.506991,
      46.053781
     ],
     [
      14.507041,
      46.053772
     ],
     [
      14.50706,
      46.053768
     ],
     [
      14.508115,
      46.053565
     ],
     [
      14.508171,
      46.053554
     ],
     [
      14.50819,
      46.053552
     ],
     [
      14.508207,
      46.053552
     ],
     [
      14.508225,
      46.053555
     ],
     [
      14.50819,
      46.053503
     ],
     [
      14.508137,
      46.053444
     ],
     [
      14.508017,
      46.053189
     ],
     [
      14.508003,
      46.053149
     ],
     [
      14.507996,
      46.053104
     ],
     [
      14.508003,
      46.053064
     ],
     [
      14.508021,
      46.053024
     ],
     [
      14.508066,
      46.052948
     ],
     [
      14.508074,
      46.05292
     ],
     [
      14.508076,
      46.052887
     ],
     [
      14.50807,
      46.05285
     ],
     [
      14.508045,
      46.052719
     ],
     [
      14.508019,
      46.052569
     ],
     [
      14.508006,
      46.052495
     ],
     [
      14.507984,
      46.052368
     ],
     [
      14.507964,
      46.052243
     ],
     [
      14.507964,
      46.052218
     ],
     [
      14.507971,
      46.052197
     ],
     [
      14.507986,
      46.052162
     ],
     [
      14.507788,
      46.052106
     ],
     [
      14.507544,
      46.052029
     ],
     [
      14.50744,
      46.05198
     ],
     [
      14.50732,
      46.051908
     ],
     [
      14.507245,
      46.05187
     ],
     [
      14.507164,
      46.051838
     ],
     [
      14.507088,
      46.051808
     ],
     [
      14.506792,
      46.051717
     ],
     [
      14.506531,
      46.051642
     ],
     [
      14.506338,
      46.051584
     ],
     [
      14.506338,
      46.051584
     ],
     [
      14.506531,
      46.051642
     ],
     [
      14.506792,
      46.051717
     ],
     [
      14.507088,
      46.051808
     ],
     [
      14.507164,
      46.051838
     ],
     [
      14.507245,
      46.05187
     ],
     [
      14.50732,
      46.051908
     ],
     [
      14.50744,
      46.05198
     ],
     [
      14.507544,
      46.052029
     ],
     [
      14.507788,
      46.052106
     ],
     [
      14.507986,
      46.052162
     ],
     [
      14.507971,
      46.052197
     ],
     [
      14.507964,
      46.052218
     ],
     [
      14.507964,
      46.052243
     ],
     [
      14.507984,
      46.052368
     ],
     [
      14.508006,
      46.052495
     ],
     [
      14.508019,
      46.052569
     ],
     [
      14.508045,
      46.052719
     ],
     [
      14.50807,
      46.05285
     ],
     [
      14.508076,
      46.052887
     ],
     [
      14.508074,
      46.05292
     ],
     [
      14.508066,
      46.052948
     ],
     [
      14.508021,
      46.053024
     ],
     [
      14.508003,
      46.053064
     ],
     [
      14.507996,
      46.053104
     ],
     [
      14.508003,
      46.053149
     ],
     [
      14.508017,
      46.053189
     ],
     [
      14.508137,
      46.053444
     ],
     [
      14.50819,
      46.053503
     ],
     [
      14.508225,
      46.053555
     ],
     [
      14.508243,
      46.053559
     ],
     [
      14.508266,
      46.053568
     ],
     [
      14.508281,
      46.053577
     ],
     [
      14.508299,
      46.053588
     ],
     [
      14.508332,
      46.053631
     ],
     [
      14.508455,
      46.053783
     ],
     [
      14.508471,
      46.053796
     ],
     [
      14.508509,
      46.053813
     ],
     [
      14.508534,
      46.05382
     ],
     [
      14.508568,
      46.053824
     ],
     [
      14.508616,
      46.053827
     ],
     [
      14.508644,
      46.053833
     ],
     [
      14.508663,
      46.053842
     ],
     [
      14.50868,
      46.053853
     ],
     [
      14.508696,
      46.053865
     ],
     [
      14.508709,
      46.053878
     ],
     [
      14.50872,
      46.053893
     ],
     [
      14.508728,
      46.053908
     ],
     [
      14.508783,
      46.053898
     ],
     [
      14.508823,
      46.053891
     ],
     [
      14.50887,
      46.053881
     ],
     [
      14.509268,
      46.053801
     ],
     [
      14.509298,
      46.053795
     ],
     [
      14.509409,
      46.053772
     ],
     [
      14.509685,
      46.053719
     ],
     [
      14.509844,
      46.053689
     ],
     [
      14.51016,
      46.053627
     ],
     [
      14.510264,
      46.053606
     ],
     [
      14.510428,
      46.053574
     ],
     [
      14.510536,
      46.053555
     ],
     [
      14.510536,
      46.053555
     ],
     [
      14.510428,
      46.053574
     ],
     [
      14.510264,
      46.053606
     ],
     [
      14.51016,
      46.053627
     ],
     [
      14.509844,
      46.053689
     ],
     [
      14.509685,
      46.053719
     ],
     [
      14.509409,
      46.053772
     ],
     [
      14.509298,
      46.053795
     ],
     [
      14.509268,
      46.053801
     ],
     [
      14.50887,
      46.053881
     ],
     [
      14.508823,
      46.053891
     ],
     [
      14.508783,
      46.053898
     ],
     [
      14.508728,
      46.053908
     ],
     [
      14.508661,
      46.053921
     ],
     [
      14.508666,
      46.053941
     ],
     [
      14.508661,
      46.05396
     ],
     [
      14.508648,
      46.053977
     ],
     [
      14.508638,
      46.053985
     ],
     [
      14.508625,
      46.053991
     ],
     [
      14.508612,
      46.053996
     ],
     [
      14.508597,
      46.054049
     ],
     [
      14.508567,
      46.054139
     ],
     [
      14.508513,
      46.054179
     ],
     [
      14.508461,
      46.054207
     ],
     [
      14.508407,
      46.054223
     ],
     [
      14.508342,
      46.054238
     ],
     [
      14.508294,
      46.054247
     ],
     [
      14.508129,
      46.05428
     ],
     [
      14.507932,
      46.054319
     ],
     [
      14.507932,
      46.054319
     ],
     [
      14.507412,
      46.054422
     ],
     [
      14.507344,
      46.054435
     ],
     [
      14.507264,
      46.054452
     ],
     [
      14.507169,
      46.054471
     ],
     [
      14.506658,
      46.054571
     ],
     [
      14.506183,
      46.054665
     ],
     [
      14.506084,
      46.054684
     ],
     [
      14.506018,
      46.054697
     ],
     [
      14.505887,
      46.054724
     ],
     [
      14.505482,
      46.054806
     ],
     [
      14.504991,
      46.054906
     ],
     [
      14.504886,
      46.054927
     ],
     [
      14.504783,
      46.054947
     ],
     [
      14.504742,
      46.054867
     ],
     [
      14.504718,
      46.05482
     ],
     [
      14.504672,
      46.054733
     ],
     [
      14.504625,
      46.054655
     ],
     [
      14.504475,
      46.054425
     ],
     [
      14.504413,
      46.054542
     ],
     [
      14.504378,
      46.054569
     ],
     [
      14.504206,
      46.054672
     ],
     [
      14.504095,
      46.054753
     ],
     [
      14.503946,
      46.05486
     ],
     [
      14.503772,
      46.054971
     ],
     [
      14.503738,
      46.054991
     ],
     [
      14.503534,
      46.055117
     ],
     [
      14.503393,
      46.055198
     ],
     [
      14.503303,
      46.05525
     ],
     [
      14.503068,
      46.055377
     ],
     [
      14.502815,
      46.055526
     ],
     [
      14.502815,
      46.055526
     ],
     [
      14.502893,
      46.055592
     ],
     [
      14.502823,
      46.055634
     ],
     [
      14.502691,
      46.055713
     ],
     [
      14.502649,
      46.055746
     ],
     [
      14.502632,
      46.055759
     ],
     [
      14.502603,
      46.055782
     ],
     [
      14.502548,
      46.055824
     ],
     [
      14.502462,
      46.055884
     ],
     [
      14.502281,
      46.056019
     ],
     [
      14.502054,
      46.056206
     ],
     [
      14.501944,
      46.056309
     ],
     [
      14.501859,
      46.056396
     ],
     [
      14.501829,
      46.056433
     ],
     [
      14.501796,
      46.056497
     ],
     [
      14.501782,
      46.056546
     ],
     [
      14.501781,
      46.056579
     ],
     [
      14.501783,
      46.0566
     ],
     [
      14.501786,
      46.056624
     ],
     [
      14.501733,
      46.056671
     ],
     [
      14.5017,
      46.056701
     ],
     [
      14.501583,
      46.056804
     ],
     [
      14.501556,
      46.056828
     ],
     [
      14.501527,
      46.056853
     ],
     [
      14.501481,
      46.056897
     ],
     [
      14.501458,
      46.056918
     ],
     [
      14.501457,
      46.056927
     ],
     [
      14.501456,
      46.056949
     ],
     [
      14.501421,
      46.056949
     ],
     [
      14.501388,
      46.056953
     ],
     [
      14.501365,
      46.056959
     ],
     [
      14.501342,
      46.056965
     ],
     [
      14.501321,
      46.056972
     ],
     [
      14.5013,
      46.056984
     ],
     [
      14.501275,
      46.057002
     ],
     [
      14.501205,
      46.057066
     ],
     [
      14.500779,
      46.057478
     ],
     [
      14.500377,
      46.057864
     ],
     [
      14.500202,
      46.058027
     ],
     [
      14.499204,
      46.058929
     ],
     [
      14.4986,
      46.059498
     ],
     [
      14.498439,
      46.059673
     ],
     [
      14.498347,
      46.059759
     ],
     [
      14.498338,
      46.059767
     ],
     [
      14.498295,
      46.059811
     ],
     [
      14.498268,
      46.059845
     ],
     [
      14.498241,
      46.059875
     ],
     [
      14.498214,
      46.059901
     ],
     [
      14.498163,
      46.059876
     ],
     [
      14.498064,
      46.059831
     ],
     [
      14.497915,
      46.059758
     ],
     [
      14.497884,
      46.059741
     ],
     [
      14.49781,
      46.059729
     ],
     [
      14.497725,
      46.059683
     ],
     [
      14.497681,
      46.05966
     ],
     [
      14.497778,
      46.059575
     ],
     [
      14.497946,
      46.059412
     ],
     [
      14.498397,
      46.058994
     ],
     [
      14.498495,
      46.058831
     ],
     [
      14.498572,
      46.05871
     ],
     [
      14.498585,
      46.058672
     ],
     [
      14.498593,
      46.058635
     ],
     [
      14.498597,
      46.058572
     ],
     [
      14.498595,
      46.058465
     ],
     [
      14.498591,
      46.058339
     ],
     [
      14.498585,
      46.058137
     ],
     [
      14.498582,
      46.058034
     ],
     [
      14.498581,
      46.058001
     ],
     [
      14.498215,
      46.057973
     ],
     [
      14.498085,
      46.057963
     ],
     [
      14.497493,
      46.05792
     ],
     [
      14.497352,
      46.057909
     ],
     [
      14.497284,
      46.057904
     ],
     [
      14.497284,
      46.057904
     ],
     [
      14.497352,
      46.057909
     ],
     [
      14.497493,
      46.05792
     ],
     [
      14.498085,
      46.057963
     ],
     [
      14.498215,
      46.057973
     ],
     [
      14.498581,
      46.058001
     ],
     [
      14.498582,
      46.058034
     ],
     [
      14.498585,
      46.058137
     ],
     [
      14.498591,
      46.058339
     ],
     [
      14.498595,
      46.058465
     ],
     [
      14.498597,
      46.058572
     ],
     [
      14.498593,
      46.058635
     ],
     [
      14.498585,
      46.058672
     ],
     [
      14.498572,
      46.05871
     ],
     [
      14.498495,
      46.058831
     ],
     [
      14.498397,
      46.058994
     ],
     [
      14.497946,
      46.059412
     ],
     [
      14.497778,
      46.059575
     ],
     [
      14.49792,
      46.05963
     ],
     [
      14.497979,
      46.059658
     ],
     [
      14.498049,
      46.059599
     ],
     [
      14.498064,
      46.059586
     ],
     [
      14.498122,
      46.059592
     ],
     [
      14.49815,
      46.059586
     ],
     [
      14.498169,
      46.059577
     ],
     [
      14.498211,
      46.059531
     ],
     [
      14.498246,
      46.059553
     ],
     [
      14.498327,
      46.0596
     ],
     [
      14.498389,
      46.059638
     ],
     [
      14.498439,
      46.059673
     ],
     [
      14.498347,
      46.059759
     ],
     [
      14.498338,
      46.059767
     ],
     [
      14.498295,
      46.059811
     ],
     [
      14.498268,
      46.059845
     ],
     [
      14.498241,
      46.059875
     ],
     [
      14.498214,
      46.059901
     ],
     [
      14.497993,
      46.060076
     ],
     [
      14.497903,
      46.060151
     ],
     [
      14.497753,
      46.060266
     ],
     [
      14.497705,
      46.060303
     ],
     [
      14.497602,
      46.060368
     ],
     [
      14.497494,
      46.060423
     ],
     [
      14.497374,
      46.060521
     ],
     [
      14.496991,
      46.060837
     ],
     [
      14.496744,
      46.061044
     ],
     [
      14.496704,
      46.06108
     ],
     [
      14.496661,
      46.061121
     ],
     [
      14.496651,
      46.061135
     ],
     [
      14.496632,
      46.061151
     ],
     [
      14.496621,
      46.061166
     ],
     [
      14.496566,
      46.061223
     ],
     [
      14.496427,
      46.061371
     ],
     [
      14.496246,
      46.061575
     ],
     [
      14.496183,
      46.061655
     ],
     [
      14.496167,
      46.061677
     ],
     [
      14.496113,
      46.061727
     ],
     [
      14.49608,
      46.061747
     ],
     [
      14.495499,
      46.062553
     ],
     [
      14.495492,
      46.062582
     ],
     [
      14.495384,
      46.062731
     ],
     [
      14.495308,
      46.062826
     ],
     [
      14.495265,
      46.062881
     ],
     [
      14.495064,
      46.063168
     ],
     [
      14.495023,
      46.063228
     ],
     [
      14.49498,
      46.06331
     ],
     [
      14.494909,
      46.063422
     ],
     [
      14.494852,
      46.063521
     ],
     [
      14.494782,
      46.063652
     ],
     [
      14.494737,
      46.06375
     ],
     [
      14.494645,
      46.063969
     ],
     [
      14.494546,
      46.064254
     ],
     [
      14.494545,
      46.06438
     ],
     [
      14.494543,
      46.064469
     ],
     [
      14.494543,
      46.064481
     ],
     [
      14.494536,
      46.064526
     ],
     [
      14.494529,
      46.06457
     ],
     [
      14.494521,
      46.064581
     ],
     [
      14.494508,
      46.064597
     ],
     [
      14.494486,
      46.064615
     ],
     [
      14.494457,
      46.064631
     ],
     [
      14.494443,
      46.06464
     ],
     [
      14.494431,
      46.064651
     ],
     [
      14.494372,
      46.064749
     ],
     [
      14.494305,
      46.064859
     ],
     [
      14.494291,
      46.064883
     ],
     [
      14.494182,
      46.065029
     ],
     [
      14.494101,
      46.06515
     ],
     [
      14.494095,
      46.065158
     ],
     [
      14.494067,
      46.0652
     ],
     [
      14.494039,
      46.065242
     ],
     [
      14.494017,
      46.06527
     ],
     [
      14.493989,
      46.065306
     ],
     [
      14.493811,
      46.065479
     ],
     [
      14.493692,
      46.065615
     ],
     [
      14.493562,
      46.065752
     ],
     [
      14.493256,
      46.06607
     ],
     [
      14.4931,
      46.06623
     ],
     [
      14.493056,
      46.066262
     ],
     [
      14.492835,
      46.066488
     ],
     [
      14.492667,
      46.066663
     ],
     [
      14.492513,
      46.066828
     ],
     [
      14.492505,
      46.066853
     ],
     [
      14.492266,
      46.06713
     ],
     [
      14.492247,
      46.067159
     ],
     [
      14.492234,
      46.067185
     ],
     [
      14.492231,
      46.067193
     ],
     [
      14.492225,
      46.067212
     ],
     [
      14.492221,
      46.067231
     ],
     [
      14.49222,
      46.067251
     ],
     [
      14.492222,
      46.067277
     ],
     [
      14.492228,
      46.067296
     ],
     [
      14.492236,
      46.067311
     ],
     [
      14.49225,
      46.067331
     ],
     [
      14.492201,
      46.067348
     ],
     [
      14.49217,
      46.067361
     ],
     [
      14.49214,
      46.067374
     ],
     [
      14.492098,
      46.067413
     ],
     [
      14.492067,
      46.067445
     ],
     [
      14.49199,
      46.067517
     ],
     [
      14.491895,
      46.06762
     ],
     [
      14.491881,
      46.067657
     ],
     [
      14.491855,
      46.067668
     ],
     [
      14.491822,
      46.067688
     ],
     [
      14.491791,
      46.067709
     ],
     [
      14.491679,
      46.067794
     ],
     [
      14.491637,
      46.067832
     ],
     [
      14.491551,
      46.067915
     ],
     [
      14.491355,
      46.068117
     ],
     [
      14.491305,
      46.068163
     ],
     [
      14.491263,
      46.068205
     ],
     [
      14.4912,
      46.068265
     ],
     [
      14.49105,
      46.068416
     ],
     [
      14.491009,
      46.068443
     ],
     [
      14.490818,
      46.068636
     ],
     [
      14.490774,
      46.068725
     ],
     [
      14.490715,
      46.068827
     ],
     [
      14.490685,
      46.068865
     ],
     [
      14.490497,
      46.069063
     ],
     [
      14.490324,
      46.069243
     ],
     [
      14.490286,
      46.069281
     ],
     [
      14.490255,
      46.069305
     ],
     [
      14.490214,
      46.069332
     ],
     [
      14.4901,
      46.069399
     ],
     [
      14.489834,
      46.069672
     ],
     [
      14.48982,
      46.069702
     ],
     [
      14.489762,
      46.069764
     ],
     [
      14.489449,
      46.070092
     ],
     [
      14.488914,
      46.07066
     ],
     [
      14.488831,
      46.070752
     ],
     [
      14.488791,
      46.070794
     ],
     [
      14.488751,
      46.070836
     ],
     [
      14.488457,
      46.071141
     ],
     [
      14.488109,
      46.071528
     ],
     [
      14.488104,
      46.071536
     ],
     [
      14.487734,
      46.071935
     ],
     [
      14.487579,
      46.072103
     ],
     [
      14.487442,
      46.072123
     ],
     [
      14.487223,
      46.072361
     ],
     [
      14.487081,
      46.072514
     ],
     [
      14.486921,
      46.072687
     ],
     [
      14.486542,
      46.0731
     ],
     [
      14.486167,
      46.073503
     ],
     [
      14.486117,
      46.073557
     ],
     [
      14.486126,
      46.073612
     ],
     [
      14.486151,
      46.073687
     ],
     [
      14.486113,
      46.073724
     ],
     [
      14.486087,
      46.07375
     ],
     [
      14.486017,
      46.073819
     ],
     [
      14.485961,
      46.073877
     ],
     [
      14.485944,
      46.073895
     ],
     [
      14.485925,
      46.073914
     ],
     [
      14.485688,
      46.074139
     ],
     [
      14.485616,
      46.074203
     ],
     [
      14.485459,
      46.074341
     ],
     [
      14.485412,
      46.074393
     ],
     [
      14.48537,
      46.074433
     ],
     [
      14.485343,
      46.074454
     ],
     [
      14.485291,
      46.074495
     ],
     [
      14.485241,
      46.07453
     ],
     [
      14.485192,
      46.074571
     ],
     [
      14.484984,
      46.074744
     ],
     [
      14.484908,
      46.074809
     ],
     [
      14.484831,
      46.074875
     ],
     [
      14.484743,
      46.074949
     ],
     [
      14.484709,
      46.074972
     ],
     [
      14.484676,
      46.074996
     ],
     [
      14.484644,
      46.075017
     ],
     [
      14.484607,
      46.07504
     ],
     [
      14.484586,
      46.075054
     ],
     [
      14.484548,
      46.075084
     ],
     [
      14.484203,
      46.075372
     ],
     [
      14.484154,
      46.075412
     ],
     [
      14.4841,
      46.075459
     ],
     [
      14.483875,
      46.075655
     ],
     [
      14.48379,
      46.075729
     ],
     [
      14.483756,
      46.075761
     ],
     [
      14.483646,
      46.075863
     ],
     [
      14.483603,
      46.075904
     ],
     [
      14.48341,
      46.076092
     ],
     [
      14.483251,
      46.076258
     ],
     [
      14.483188,
      46.076334
     ],
     [
      14.483172,
      46.076357
     ],
     [
      14.483155,
      46.076391
     ],
     [
      14.483148,
      46.076414
     ],
     [
      14.483138,
      46.076443
     ],
     [
      14.483136,
      46.076481
     ],
     [
      14.483112,
      46.076498
     ],
     [
      14.483079,
      46.07652
     ],
     [
      14.48305,
      46.076539
     ],
     [
      14.48304,
      46.076546
     ],
     [
      14.483007,
      46.076593
     ],
     [
      14.482977,
      46.076631
     ],
     [
      14.482961,
      46.07665
     ],
     [
      14.482923,
      46.076696
     ],
     [
      14.4829,
      46.076723
     ],
     [
      14.482889,
      46.076735
     ],
     [
      14.482867,
      46.076759
     ],
     [
      14.482846,
      46.07678
     ],
     [
      14.482823,
      46.076803
     ],
     [
      14.482813,
      46.076814
     ],
     [
      14.482724,
      46.076926
     ],
     [
      14.482543,
      46.077169
     ],
     [
      14.482427,
      46.077333
     ],
     [
      14.482233,
      46.077618
     ],
     [
      14.482072,
      46.077887
     ],
     [
      14.481996,
      46.078013
     ],
     [
      14.481788,
      46.078363
     ],
     [
      14.48177,
      46.078397
     ],
     [
      14.481763,
      46.078421
     ],
     [
      14.48176,
      46.07844
     ],
     [
      14.481759,
      46.078467
     ],
     [
      14.481764,
      46.078504
     ],
     [
      14.481774,
      46.078538
     ],
     [
      14.48179,
      46.078582
     ],
     [
      14.481698,
      46.078601
     ],
     [
      14.481667,
      46.078608
     ],
     [
      14.481629,
      46.078616
     ],
     [
      14.481602,
      46.078621
     ],
     [
      14.481585,
      46.078626
     ],
     [
      14.481577,
      46.078629
     ],
     [
      14.481557,
      46.078641
     ],
     [
      14.481547,
      46.078648
     ],
     [
      14.481541,
      46.078654
     ],
     [
      14.481515,
      46.078686
     ],
     [
      14.481467,
      46.078734
     ],
     [
      14.481447,
      46.078756
     ],
     [
      14.481147,
      46.079191
     ],
     [
      14.481137,
      46.079214
     ],
     [
      14.481123,
      46.079259
     ],
     [
      14.48111,
      46.079299
     ],
     [
      14.481105,
      46.079324
     ],
     [
      14.481106,
      46.079341
     ],
     [
      14.48111,
      46.079356
     ],
     [
      14.481115,
      46.07937
     ],
     [
      14.481124,
      46.079387
     ],
     [
      14.481141,
      46.079411
     ],
     [
      14.481158,
      46.079433
     ],
     [
      14.481192,
      46.07948
     ],
     [
      14.481135,
      46.079498
     ],
     [
      14.481096,
      46.079513
     ],
     [
      14.481059,
      46.07953
     ],
     [
      14.481018,
      46.079556
     ],
     [
      14.48098,
      46.079586
     ],
     [
      14.480948,
      46.079617
     ],
     [
      14.480878,
      46.079706
     ],
     [
      14.480851,
      46.07974
     ],
     [
      14.480777,
      46.079828
     ],
     [
      14.480444,
      46.080245
     ],
     [
      14.480184,
      46.080571
     ],
     [
      14.480142,
      46.080624
     ],
     [
      14.47981,
      46.081087
     ],
     [
      14.479765,
      46.081153
     ],
     [
      14.479723,
      46.081213
     ],
     [
      14.479059,
      46.082173
     ],
     [
      14.479019,
      46.082232
     ],
     [
      14.478976,
      46.082297
     ],
     [
      14.478782,
      46.082574
     ],
     [
      14.47876,
      46.082603
     ],
     [
      14.478747,
      46.082617
     ],
     [
      14.478729,
      46.082632
     ],
     [
      14.478708,
      46.082646
     ],
     [
      14.478679,
      46.082662
     ],
     [
      14.47866,
      46.082677
     ],
     [
      14.478644,
      46.082695
     ],
     [
      14.478615,
      46.082735
     ],
     [
      14.478571,
      46.0828
     ],
     [
      14.478553,
      46.08283
     ],
     [
      14.478543,
      46.082858
     ],
     [
      14.478514,
      46.082973
     ],
     [
      14.47848,
      46.083102
     ],
     [
      14.478441,
      46.083157
     ],
     [
      14.478402,
      46.083213
     ],
     [
      14.478367,
      46.083238
     ],
     [
      14.478307,
      46.083297
     ],
     [
      14.478246,
      46.08336
     ],
     [
      14.478131,
      46.083509
     ],
     [
      14.478008,
      46.083665
     ],
     [
      14.477973,
      46.083703
     ],
     [
      14.477892,
      46.083788
     ],
     [
      14.477814,
      46.083879
     ],
     [
      14.4777,
      46.08401
     ],
     [
      14.477674,
      46.084033
     ],
     [
      14.477649,
      46.084055
     ],
     [
      14.477625,
      46.084073
     ],
     [
      14.477475,
      46.084235
     ],
     [
      14.477345,
      46.084367
     ],
     [
      14.477244,
      46.084466
     ],
     [
      14.477189,
      46.084538
     ],
     [
      14.477091,
      46.084632
     ],
     [
      14.476966,
      46.084754
     ],
     [
      14.476914,
      46.084804
     ],
     [
      14.476879,
      46.084837
     ],
     [
      14.476451,
      46.085248
     ],
     [
      14.476145,
      46.085542
     ],
     [
      14.47609,
      46.085576
     ],
     [
      14.476009,
      46.085624
     ],
     [
      14.475978,
      46.08565
     ],
     [
      14.475952,
      46.085677
     ],
     [
      14.475913,
      46.085732
     ],
     [
      14.475867,
      46.085807
     ],
     [
      14.475464,
      46.086196
     ],
     [
      14.475382,
      46.086287
     ],
     [
      14.475343,
      46.086332
     ],
     [
      14.47478,
      46.08691
     ],
     [
      14.47476,
      46.086931
     ],
     [
      14.474717,
      46.086968
     ],
     [
      14.474667,
      46.087012
     ],
     [
      14.474454,
      46.087247
     ],
     [
      14.474182,
      46.087548
     ],
     [
      14.474103,
      46.087635
     ],
     [
      14.474067,
      46.087679
     ],
     [
      14.474052,
      46.087705
     ],
     [
      14.474041,
      46.08773
     ],
     [
      14.474032,
      46.087756
     ],
     [
      14.474018,
      46.087795
     ],
     [
      14.474,
      46.087864
     ],
     [
      14.473995,
      46.087881
     ],
     [
      14.473935,
      46.087949
     ],
     [
      14.473903,
      46.087982
     ],
     [
      14.473846,
      46.088034
     ],
     [
      14.473838,
      46.088066
     ],
     [
      14.47383,
      46.088093
     ],
     [
      14.473817,
      46.088109
     ],
     [
      14.473802,
      46.088119
     ],
     [
      14.473771,
      46.088124
     ],
     [
      14.473746,
      46.088131
     ],
     [
      14.473712,
      46.088142
     ],
     [
      14.473674,
      46.088158
     ],
     [
      14.473622,
      46.088195
     ],
     [
      14.473564,
      46.088248
     ],
     [
      14.472317,
      46.089653
     ],
     [
      14.472187,
      46.089799
     ],
     [
      14.471753,
      46.090296
     ],
     [
      14.471701,
      46.090374
     ],
     [
      14.471649,
      46.090449
     ],
     [
      14.471604,
      46.090512
     ],
     [
      14.47159,
      46.090525
     ],
     [
      14.471474,
      46.090627
     ],
     [
      14.471453,
      46.090651
     ],
     [
      14.471108,
      46.091038
     ],
     [
      14.469403,
      46.092956
     ],
     [
      14.469367,
      46.093003
     ],
     [
      14.469342,
      46.093048
     ],
     [
      14.469321,
      46.093094
     ],
     [
      14.469278,
      46.0932
     ],
     [
      14.46924,
      46.093238
     ],
     [
      14.46918,
      46.093298
     ],
     [
      14.469087,
      46.093366
     ],
     [
      14.469046,
      46.093396
     ],
     [
      14.468989,
      46.093444
     ],
     [
      14.468969,
      46.093465
     ],
     [
      14.468758,
      46.093704
     ],
     [
      14.468735,
      46.093731
     ],
     [
      14.468699,
      46.093766
     ],
     [
      14.468637,
      46.093825
     ],
     [
      14.468611,
      46.09385
     ],
     [
      14.46859,
      46.093873
     ],
     [
      14.468328,
      46.094155
     ],
     [
      14.468196,
      46.094291
     ],
     [
      14.468041,
      46.094446
     ],
     [
      14.467603,
      46.09486
     ],
     [
      14.467532,
      46.094925
     ],
     [
      14.467513,
      46.094938
     ],
     [
      14.467492,
      46.094952
     ],
     [
      14.467461,
      46.094967
     ],
     [
      14.467418,
      46.094983
     ],
     [
      14.467385,
      46.095001
     ],
     [
      14.467359,
      46.095021
     ],
     [
      14.467053,
      46.095284
     ],
     [
      14.466758,
      46.095528
     ],
     [
      14.466419,
      46.095788
     ],
     [
      14.46617,
      46.095974
     ],
     [
      14.466056,
      46.096056
     ],
     [
      14.466013,
      46.09609
     ],
     [
      14.465946,
      46.096159
     ],
     [
      14.465884,
      46.096242
     ],
     [
      14.465881,
      46.096261
     ],
     [
      14.465885,
      46.096283
     ],
     [
      14.4659,
      46.096309
     ],
     [
      14.465923,
      46.096337
     ],
     [
      14.465969,
      46.09638
     ],
     [
      14.466228,
      46.096628
     ],
     [
      14.466269,
      46.096664
     ],
     [
      14.466337,
      46.09671
     ],
     [
      14.466324,
      46.096716
     ],
     [
      14.466248,
      46.096748
     ],
     [
      14.466167,
      46.096785
     ],
     [
      14.466139,
      46.096812
     ],
     [
      14.466118,
      46.096842
     ],
     [
      14.46599,
      46.096917
     ],
     [
      14.465569,
      46.097163
     ],
     [
      14.465277,
      46.097332
     ],
     [
      14.465062,
      46.097454
     ],
     [
      14.464671,
      46.09765
     ],
     [
      14.464398,
      46.09779
     ],
     [
      14.46435,
      46.09783
     ],
     [
      14.464294,
      46.09789
     ],
     [
      14.464097,
      46.097987
     ],
     [
      14.463814,
      46.098124
     ],
     [
      14.463628,
      46.098216
     ],
     [
      14.463516,
      46.09827
     ],
     [
      14.463565,
      46.098324
     ],
     [
      14.463636,
      46.098403
     ],
     [
      14.463657,
      46.09843
     ],
     [
      14.463677,
      46.098457
     ],
     [
      14.46369,
      46.098479
     ],
     [
      14.463699,
      46.098501
     ],
     [
      14.463718,
      46.098583
     ],
     [
      14.463714,
      46.098591
     ],
     [
      14.4637,
      46.098733
     ],
     [
      14.463689,
      46.098788
     ],
     [
      14.463681,
      46.098813
     ],
     [
      14.46367,
      46.098849
     ],
     [
      14.463632,
      46.098927
     ],
     [
      14.463327,
      46.099453
     ],
     [
      14.463284,
      46.099541
     ],
     [
      14.462981,
      46.100036
     ],
     [
      14.462932,
      46.100118
     ],
     [
      14.462768,
      46.100392
     ],
     [
      14.462698,
      46.100529
     ],
     [
      14.46266,
      46.100621
     ],
     [
      14.462611,
      46.100791
     ],
     [
      14.462563,
      46.100994
     ],
     [
      14.46246,
      46.101437
     ],
     [
      14.462426,
      46.101502
     ],
     [
      14.462369,
      46.101518
     ],
     [
      14.462319,
      46.101527
     ],
     [
      14.462254,
      46.101534
     ],
     [
      14.462099,
      46.101551
     ],
     [
      14.461978,
      46.101565
     ],
     [
      14.461863,
      46.101581
     ],
     [
      14.461746,
      46.101606
     ],
     [
      14.461649,
      46.101631
     ],
     [
      14.461512,
      46.101679
     ],
     [
      14.461384,
      46.101736
     ],
     [
      14.461042,
      46.101899
     ],
     [
      14.460862,
      46.101981
     ],
     [
      14.460614,
      46.102094
     ],
     [
      14.460182,
      46.102295
     ],
     [
      14.459958,
      46.102077
     ],
     [
      14.459635,
      46.101758
     ],
     [
      14.459625,
      46.101726
     ],
     [
      14.459651,
      46.10167
     ],
     [
      14.458961,
      46.100988
     ],
     [
      14.458924,
      46.100954
     ],
     [
      14.458993,
      46.100919
     ],
     [
      14.459137,
      46.100837
     ],
     [
      14.459152,
      46.100753
     ],
     [
      14.459073,
      46.10069
     ]
    ]
   }
  },
  {
   "type": "Feature",
   "properties": {
    "kind": "closure",
    "name": "Ženske elite: km 0–1 (Ljubljana - Šentvid)",
    "note": "Kratkotrajna zapora ob prehodu kolesarjev (policija, do ~30 min). Čas iz uradne časovnice.",
    "start": "2026-10-03T13:34",
    "end": "2026-10-03T14:00",
    "length_m": 981
   },
   "geometry": {
    "type": "LineString",
    "coordinates": [
     [
      14.459002,
      46.100725
     ],
     [
      14.458769,
      46.100866
     ],
     [
      14.458429,
      46.101073
     ],
     [
      14.458172,
      46.10123
     ],
     [
      14.457983,
      46.101352
     ],
     [
      14.456452,
      46.1023
     ],
     [
      14.455584,
      46.102841
     ],
     [
      14.45511,
      46.103134
     ],
     [
      14.454672,
      46.103438
     ],
     [
      14.454481,
      46.103583
     ],
     [
      14.454149,
      46.103849
     ],
     [
      14.454,
      46.103978
     ],
     [
      14.453972,
      46.104002
     ],
     [
      14.453884,
      46.104137
     ],
     [
      14.453345,
      46.104681
     ],
     [
      14.453303,
      46.104724
     ],
     [
      14.453151,
      46.104882
     ],
     [
      14.452775,
      46.10528
     ],
     [
      14.452682,
      46.105395
     ],
     [
      14.452297,
      46.105823
     ],
     [
      14.452086,
      46.10613
     ],
     [
      14.451829,
      46.106476
     ],
     [
      14.451733,
      46.106591
     ],
     [
      14.451575,
      46.106759
     ],
     [
      14.451449,
      46.106881
     ],
     [
      14.45133,
      46.106984
     ],
     [
      14.451106,
      46.107156
     ],
     [
      14.450791,
      46.107384
     ]
    ]
   }
  },
  {
   "type": "Feature",
   "properties": {
    "kind": "closure",
    "name": "Ženske elite: km 1–2 (Ljubljana - Šentvid)",
    "note": "Kratkotrajna zapora ob prehodu kolesarjev (policija, do ~30 min). Čas iz uradne časovnice.",
    "start": "2026-10-03T13:35",
    "end": "2026-10-03T14:01",
    "length_m": 834
   },
   "geometry": {
    "type": "LineString",
    "coordinates": [
     [
      14.450457,
      46.107614
     ],
     [
      14.450104,
      46.107832
     ],
     [
      14.449746,
      46.108027
     ],
     [
      14.449554,
      46.108109
     ],
     [
      14.449396,
      46.108172
     ],
     [
      14.449318,
      46.108201
     ],
     [
      14.449223,
      46.108238
     ],
     [
      14.449114,
      46.10831
     ],
     [
      14.44857,
      46.108509
     ],
     [
      14.448344,
      46.108576
     ],
     [
      14.448087,
      46.108699
     ],
     [
      14.447997,
      46.108744
     ],
     [
      14.447664,
      46.10894
     ],
     [
      14.447423,
      46.109098
     ],
     [
      14.447178,
      46.109271
     ],
     [
      14.446972,
      46.109436
     ],
     [
      14.446722,
      46.109672
     ],
     [
      14.446411,
      46.110004
     ],
     [
      14.44612,
      46.110334
     ],
     [
      14.445855,
      46.110651
     ],
     [
      14.445792,
      46.110738
     ],
     [
      14.444654,
      46.112365
     ],
     [
      14.44447,
      46.112616
     ],
     [
      14.444437,
      46.112662
     ],
     [
      14.443936,
      46.113377
     ]
    ]
   }
  },
  {
   "type": "Feature",
   "properties": {
    "kind": "closure",
    "name": "Ženske elite: km 2–3 (Ljubljana - Šentvid)",
    "note": "Kratkotrajna zapora ob prehodu kolesarjev (policija, do ~30 min). Čas iz uradne časovnice.",
    "start": "2026-10-03T13:36",
    "end": "2026-10-03T14:03",
    "length_m": 918
   },
   "geometry": {
    "type": "LineString",
    "coordinates": [
     [
      14.443103,
      46.114591
     ],
     [
      14.443009,
      46.11474
     ],
     [
      14.442843,
      46.115006
     ],
     [
      14.442396,
      46.115807
     ],
     [
      14.442328,
      46.115928
     ],
     [
      14.442187,
      46.11618
     ],
     [
      14.442015,
      46.116487
     ],
     [
      14.441634,
      46.117171
     ],
     [
      14.441472,
      46.117454
     ],
     [
      14.441208,
      46.117856
     ],
     [
      14.440235,
      46.119271
     ],
     [
      14.440146,
      46.119401
     ],
     [
      14.440025,
      46.119578
     ],
     [
      14.44001,
      46.119601
     ],
     [
      14.439964,
      46.119673
     ],
     [
      14.439868,
      46.11982
     ],
     [
      14.439623,
      46.120182
     ],
     [
      14.439489,
      46.120376
     ],
     [
      14.43909,
      46.120956
     ],
     [
      14.438617,
      46.121651
     ],
     [
      14.438445,
      46.12194
     ],
     [
      14.43841,
      46.122014
     ],
     [
      14.438337,
      46.122189
     ]
    ]
   }
  },
  {
   "type": "Feature",
   "properties": {
    "kind": "closure",
    "name": "Ženske elite: km 3–4 (Medno)",
    "note": "Kratkotrajna zapora ob prehodu kolesarjev (policija, do ~30 min). Čas iz uradne časovnice.",
    "start": "2026-10-03T13:38",
    "end": "2026-10-03T14:04",
    "length_m": 974
   },
   "geometry": {
    "type": "LineString",
    "coordinates": [
     [
      14.437992,
      46.123107
     ],
     [
      14.4379,
      46.123295
     ],
     [
      14.437797,
      46.123487
     ],
     [
      14.437693,
      46.123646
     ],
     [
      14.437553,
      46.123843
     ],
     [
      14.437362,
      46.124065
     ],
     [
      14.436928,
      46.124528
     ],
     [
      14.436703,
      46.124781
     ],
     [
      14.436495,
      46.125033
     ],
     [
      14.43629,
      46.125321
     ],
     [
      14.435951,
      46.125847
     ],
     [
      14.435783,
      46.126106
     ],
     [
      14.435703,
      46.126229
     ],
     [
      14.435581,
      46.126397
     ],
     [
      14.435448,
      46.126555
     ],
     [
      14.435306,
      46.126695
     ],
     [
      14.435018,
      46.126941
     ],
     [
      14.434794,
      46.127088
     ],
     [
      14.434437,
      46.127287
     ],
     [
      14.433992,
      46.127485
     ],
     [
      14.433618,
      46.127616
     ],
     [
      14.433182,
      46.127744
     ],
     [
      14.432851,
      46.12782
     ],
     [
      14.432423,
      46.127894
     ],
     [
      14.432084,
      46.127936
     ],
     [
      14.431802,
      46.127954
     ],
     [
      14.431537,
      46.127961
     ],
     [
      14.430132,
      46.127968
     ],
     [
      14.429836,
      46.127968
     ],
     [
      14.429487,
      46.127969
     ],
     [
      14.42905,
      46.127986
     ]
    ]
   }
  },
  {
   "type": "Feature",
   "properties": {
    "kind": "closure",
    "name": "Ženske elite: km 4–5 (Medno)",
    "note": "Kratkotrajna zapora ob prehodu kolesarjev (policija, do ~30 min). Čas iz uradne časovnice.",
    "start": "2026-10-03T13:39",
    "end": "2026-10-03T14:06",
    "length_m": 991
   },
   "geometry": {
    "type": "LineString",
    "coordinates": [
     [
      14.428893,
      46.127999
     ],
     [
      14.428742,
      46.128024
     ],
     [
      14.428426,
      46.128114
     ],
     [
      14.428301,
      46.128162
     ],
     [
      14.428123,
      46.12825
     ],
     [
      14.427962,
      46.128343
     ],
     [
      14.427818,
      46.128432
     ],
     [
      14.427473,
      46.128637
     ],
     [
      14.426145,
      46.12944
     ],
     [
      14.425899,
      46.129586
     ],
     [
      14.425584,
      46.12978
     ],
     [
      14.423566,
      46.130981
     ],
     [
      14.423327,
      46.131124
     ],
     [
      14.422254,
      46.131771
     ],
     [
      14.421498,
      46.132226
     ],
     [
      14.420992,
      46.132531
     ],
     [
      14.420818,
      46.132635
     ],
     [
      14.420362,
      46.132904
     ],
     [
      14.419907,
      46.133189
     ],
     [
      14.419254,
      46.133621
     ],
     [
      14.419098,
      46.133753
     ]
    ]
   }
  },
  {
   "type": "Feature",
   "properties": {
    "kind": "closure",
    "name": "Ženske elite: km 5–6 (Medno)",
    "note": "Kratkotrajna zapora ob prehodu kolesarjev (policija, do ~30 min). Čas iz uradne časovnice.",
    "start": "2026-10-03T13:40",
    "end": "2026-10-03T14:08",
    "length_m": 973
   },
   "geometry": {
    "type": "LineString",
    "coordinates": [
     [
      14.418933,
      46.133911
     ],
     [
      14.418781,
      46.134071
     ],
     [
      14.418598,
      46.134262
     ],
     [
      14.418309,
      46.134571
     ],
     [
      14.418073,
      46.13484
     ],
     [
      14.418003,
      46.13492
     ],
     [
      14.417917,
      46.135015
     ],
     [
      14.417895,
      46.135042
     ],
     [
      14.417795,
      46.13516
     ],
     [
      14.417642,
      46.135342
     ],
     [
      14.417442,
      46.135598
     ],
     [
      14.417006,
      46.136219
     ],
     [
      14.416946,
      46.136312
     ],
     [
      14.416785,
      46.136532
     ],
     [
      14.416734,
      46.136602
     ],
     [
      14.416517,
      46.136897
     ],
     [
      14.416353,
      46.137084
     ],
     [
      14.416222,
      46.1372
     ],
     [
      14.416034,
      46.137354
     ],
     [
      14.415816,
      46.137509
     ],
     [
      14.415494,
      46.1377
     ],
     [
      14.415324,
      46.137785
     ],
     [
      14.415111,
      46.137878
     ],
     [
      14.415041,
      46.137904
     ],
     [
      14.41498,
      46.137926
     ],
     [
      14.414854,
      46.137971
     ],
     [
      14.413841,
      46.138316
     ],
     [
      14.413396,
      46.138468
     ],
     [
      14.413058,
      46.138563
     ],
     [
      14.41287,
      46.138612
     ],
     [
      14.412785,
      46.138547
     ],
     [
      14.412662,
      46.138407
     ],
     [
      14.412611,
      46.138337
     ],
     [
      14.412566,
      46.138274
     ],
     [
      14.412458,
      46.138213
     ],
     [
      14.412385,
      46.138201
     ],
     [
      14.412306,
      46.13821
     ],
     [
      14.411937,
      46.138348
     ],
     [
      14.411876,
      46.138371
     ],
     [
      14.411557,
      46.13849
     ],
     [
      14.411357,
      46.138568
     ],
     [
      14.411295,
      46.13859
     ],
     [
      14.410971,
      46.138707
     ],
     [
      14.410853,
      46.138747
     ],
     [
      14.410832,
      46.138753
     ],
     [
      14.410668,
      46.138809
     ],
     [
      14.410576,
      46.13884
     ],
     [
      14.410219,
      46.138943
     ]
    ]
   }
  },
  {
   "type": "Feature",
   "properties": {
    "kind": "closure",
    "name": "Ženske elite: km 6–7 (Medvode)",
    "note": "Kratkotrajna zapora ob prehodu kolesarjev (policija, do ~30 min). Čas iz uradne časovnice.",
    "start": "2026-10-03T13:42",
    "end": "2026-10-03T14:10",
    "length_m": 975
   },
   "geometry": {
    "type": "LineString",
    "coordinates": [
     [
      14.409958,
      46.138994
     ],
     [
      14.409747,
      46.139025
     ],
     [
      14.409572,
      46.139078
     ],
     [
      14.408106,
      46.13963
     ],
     [
      14.407572,
      46.139818
     ],
     [
      14.407026,
      46.139985
     ],
     [
      14.406497,
      46.140161
     ],
     [
      14.406047,
      46.140331
     ],
     [
      14.405618,
      46.140516
     ],
     [
      14.404983,
      46.140813
     ],
     [
      14.404675,
      46.140968
     ],
     [
      14.404457,
      46.141122
     ],
     [
      14.404355,
      46.141237
     ],
     [
      14.404171,
      46.141602
     ],
     [
      14.404066,
      46.14172
     ],
     [
      14.403968,
      46.141791
     ],
     [
      14.403826,
      46.14185
     ],
     [
      14.403689,
      46.141879
     ],
     [
      14.40358,
      46.141889
     ],
     [
      14.403477,
      46.141888
     ],
     [
      14.403373,
      46.141872
     ],
     [
      14.403276,
      46.141852
     ],
     [
      14.403038,
      46.141801
     ],
     [
      14.402918,
      46.14179
     ],
     [
      14.402834,
      46.141788
     ],
     [
      14.401929,
      46.141852
     ],
     [
      14.401355,
      46.141906
     ],
     [
      14.400402,
      46.142044
     ],
     [
      14.400087,
      46.142071
     ],
     [
      14.399601,
      46.142058
     ],
     [
      14.399196,
      46.142038
     ],
     [
      14.398885,
      46.142021
     ],
     [
      14.39883,
      46.142032
     ]
    ]
   }
  },
  {
   "type": "Feature",
   "properties": {
    "kind": "closure",
    "name": "Ženske elite: km 7–8 (Medvode)",
    "note": "Kratkotrajna zapora ob prehodu kolesarjev (policija, do ~30 min). Čas iz uradne časovnice.",
    "start": "2026-10-03T13:43",
    "end": "2026-10-03T14:12",
    "length_m": 964
   },
   "geometry": {
    "type": "LineString",
    "coordinates": [
     [
      14.398539,
      46.142093
     ],
     [
      14.397668,
      46.142235
     ],
     [
      14.397445,
      46.142269
     ],
     [
      14.397326,
      46.142281
     ],
     [
      14.397188,
      46.142278
     ],
     [
      14.3971,
      46.142273
     ],
     [
      14.396861,
      46.142263
     ],
     [
      14.396585,
      46.142254
     ],
     [
      14.396355,
      46.142251
     ],
     [
      14.396138,
      46.142253
     ],
     [
      14.395939,
      46.142274
     ],
     [
      14.395167,
      46.142384
     ],
     [
      14.395075,
      46.142399
     ],
     [
      14.3949,
      46.142435
     ],
     [
      14.394552,
      46.142521
     ],
     [
      14.394377,
      46.142544
     ],
     [
      14.394252,
      46.142557
     ],
     [
      14.393997,
      46.142554
     ],
     [
      14.393652,
      46.142585
     ],
     [
      14.393385,
      46.14264
     ],
     [
      14.392921,
      46.142743
     ],
     [
      14.392701,
      46.142765
     ],
     [
      14.392447,
      46.142773
     ],
     [
      14.392233,
      46.14277
     ],
     [
      14.391268,
      46.142735
     ],
     [
      14.390576,
      46.142699
     ],
     [
      14.390031,
      46.142685
     ],
     [
      14.389701,
      46.142676
     ],
     [
      14.389507,
      46.142682
     ],
     [
      14.389285,
      46.142688
     ],
     [
      14.38905,
      46.142694
     ],
     [
      14.38825,
      46.142723
     ],
     [
      14.387928,
      46.142727
     ],
     [
      14.387628,
      46.142697
     ],
     [
      14.387011,
      46.142623
     ],
     [
      14.386527,
      46.142536
     ],
     [
      14.386215,
      46.14246
     ]
    ]
   }
  },
  {
   "type": "Feature",
   "properties": {
    "kind": "closure",
    "name": "Ženske elite: km 8–9 (Medvode)",
    "note": "Kratkotrajna zapora ob prehodu kolesarjev (policija, do ~30 min). Čas iz uradne časovnice.",
    "start": "2026-10-03T13:45",
    "end": "2026-10-03T14:13",
    "length_m": 918
   },
   "geometry": {
    "type": "LineString",
    "coordinates": [
     [
      14.384988,
      46.142169
     ],
     [
      14.384652,
      46.142115
     ],
     [
      14.384585,
      46.142105
     ],
     [
      14.384321,
      46.142066
     ],
     [
      14.38405,
      46.142037
     ],
     [
      14.383455,
      46.141984
     ],
     [
      14.383309,
      46.141958
     ],
     [
      14.383002,
      46.141912
     ],
     [
      14.382827,
      46.141913
     ],
     [
      14.38271,
      46.141929
     ],
     [
      14.382598,
      46.141942
     ],
     [
      14.382442,
      46.141984
     ],
     [
      14.381909,
      46.142138
     ],
     [
      14.381438,
      46.142224
     ],
     [
      14.380886,
      46.142297
     ],
     [
      14.380744,
      46.142318
     ],
     [
      14.380379,
      46.142336
     ],
     [
      14.379805,
      46.142337
     ],
     [
      14.37956,
      46.14237
     ],
     [
      14.379292,
      46.142414
     ],
     [
      14.378791,
      46.142485
     ],
     [
      14.378452,
      46.142485
     ],
     [
      14.378223,
      46.142478
     ],
     [
      14.377896,
      46.142425
     ],
     [
      14.377723,
      46.142381
     ],
     [
      14.377486,
      46.142337
     ],
     [
      14.377328,
      46.142323
     ],
     [
      14.377197,
      46.142338
     ],
     [
      14.376947,
      46.142354
     ],
     [
      14.376698,
      46.142348
     ],
     [
      14.37655,
      46.142331
     ],
     [
      14.376076,
      46.142179
     ],
     [
      14.376009,
      46.142169
     ],
     [
      14.375714,
      46.142125
     ],
     [
      14.375419,
      46.14208
     ],
     [
      14.375218,
      46.142041
     ],
     [
      14.375006,
      46.141992
     ],
     [
      14.374665,
      46.141865
     ],
     [
      14.37425,
      46.141721
     ],
     [
      14.374133,
      46.141696
     ],
     [
      14.374077,
      46.141691
     ],
     [
      14.373897,
      46.141687
     ],
     [
      14.373456,
      46.141755
     ]
    ]
   }
  },
  {
   "type": "Feature",
   "properties": {
    "kind": "closure",
    "name": "Ženske elite: km 9–10 (Medvode)",
    "note": "Kratkotrajna zapora ob prehodu kolesarjev (policija, do ~30 min). Čas iz uradne časovnice.",
    "start": "2026-10-03T13:46",
    "end": "2026-10-03T14:15",
    "length_m": 957
   },
   "geometry": {
    "type": "LineString",
    "coordinates": [
     [
      14.373089,
      46.141858
     ],
     [
      14.372948,
      46.141928
     ],
     [
      14.37283,
      46.142008
     ],
     [
      14.372746,
      46.142094
     ],
     [
      14.372655,
      46.142186
     ],
     [
      14.372601,
      46.142225
     ],
     [
      14.372475,
      46.142317
     ],
     [
      14.372388,
      46.142368
     ],
     [
      14.372075,
      46.142522
     ],
     [
      14.371753,
      46.142633
     ],
     [
      14.371406,
      46.142766
     ],
     [
      14.370943,
      46.142926
     ],
     [
      14.370941,
      46.142927
     ],
     [
      14.370628,
      46.143028
     ],
     [
      14.370187,
      46.143211
     ],
     [
      14.369734,
      46.143367
     ],
     [
      14.369181,
      46.14359
     ],
     [
      14.368861,
      46.143711
     ],
     [
      14.368314,
      46.143885
     ],
     [
      14.367935,
      46.143995
     ],
     [
      14.367379,
      46.144143
     ],
     [
      14.366346,
      46.14441
     ],
     [
      14.365971,
      46.144552
     ],
     [
      14.365475,
      46.144735
     ],
     [
      14.365161,
      46.144817
     ],
     [
      14.364513,
      46.144958
     ],
     [
      14.363531,
      46.145232
     ],
     [
      14.362453,
      46.14555
     ],
     [
      14.362088,
      46.1457
     ]
    ]
   }
  },
  {
   "type": "Feature",
   "properties": {
    "kind": "closure",
    "name": "Ženske elite: km 10–11 (Sora)",
    "note": "Kratkotrajna zapora ob prehodu kolesarjev (policija, do ~30 min). Čas iz uradne časovnice.",
    "start": "2026-10-03T13:48",
    "end": "2026-10-03T14:17",
    "length_m": 914
   },
   "geometry": {
    "type": "LineString",
    "coordinates": [
     [
      14.361683,
      46.145965
     ],
     [
      14.361522,
      46.146076
     ],
     [
      14.361359,
      46.146163
     ],
     [
      14.361226,
      46.146211
     ],
     [
      14.360919,
      46.146303
     ],
     [
      14.360126,
      46.146466
     ],
     [
      14.358872,
      46.146698
     ],
     [
      14.358288,
      46.146836
     ],
     [
      14.35761,
      46.147041
     ],
     [
      14.35744,
      46.147089
     ],
     [
      14.357089,
      46.147197
     ],
     [
      14.356895,
      46.147258
     ],
     [
      14.356589,
      46.147335
     ],
     [
      14.356457,
      46.147352
     ],
     [
      14.356198,
      46.147366
     ],
     [
      14.356129,
      46.147458
     ],
     [
      14.355936,
      46.147863
     ],
     [
      14.355827,
      46.148185
     ],
     [
      14.355755,
      46.148364
     ],
     [
      14.355698,
      46.148476
     ],
     [
      14.355467,
      46.148711
     ],
     [
      14.355236,
      46.148903
     ],
     [
      14.355024,
      46.149066
     ],
     [
      14.354933,
      46.149168
     ],
     [
      14.354868,
      46.149386
     ],
     [
      14.354849,
      46.149483
     ],
     [
      14.354849,
      46.149671
     ],
     [
      14.354897,
      46.149831
     ],
     [
      14.354909,
      46.149942
     ],
     [
      14.354859,
      46.150042
     ],
     [
      14.354811,
      46.1501
     ],
     [
      14.354714,
      46.150188
     ],
     [
      14.354555,
      46.150301
     ],
     [
      14.354237,
      46.150448
     ],
     [
      14.353471,
      46.150761
     ]
    ]
   }
  },
  {
   "type": "Feature",
   "properties": {
    "kind": "closure",
    "name": "Ženske elite: km 11–12 (Sora)",
    "note": "Kratkotrajna zapora ob prehodu kolesarjev (policija, do ~30 min). Čas iz uradne časovnice.",
    "start": "2026-10-03T13:49",
    "end": "2026-10-03T14:18",
    "length_m": 899
   },
   "geometry": {
    "type": "LineString",
    "coordinates": [
     [
      14.352063,
      46.151369
     ],
     [
      14.351708,
      46.151523
     ],
     [
      14.350186,
      46.152193
     ],
     [
      14.349876,
      46.152326
     ],
     [
      14.34925,
      46.15258
     ],
     [
      14.348877,
      46.152703
     ],
     [
      14.348295,
      46.152876
     ],
     [
      14.347673,
      46.153016
     ],
     [
      14.347329,
      46.153083
     ],
     [
      14.3471,
      46.153141
     ],
     [
      14.346379,
      46.153429
     ],
     [
      14.345654,
      46.153599
     ],
     [
      14.345338,
      46.153678
     ],
     [
      14.345019,
      46.153734
     ],
     [
      14.344879,
      46.153743
     ],
     [
      14.344688,
      46.153777
     ],
     [
      14.344587,
      46.153829
     ],
     [
      14.344235,
      46.153939
     ],
     [
      14.344074,
      46.154006
     ],
     [
      14.343856,
      46.154137
     ],
     [
      14.343604,
      46.154294
     ],
     [
      14.343459,
      46.154375
     ],
     [
      14.3433,
      46.154441
     ],
     [
      14.34306,
      46.154515
     ],
     [
      14.342617,
      46.154637
     ],
     [
      14.342109,
      46.154745
     ],
     [
      14.341622,
      46.154765
     ]
    ]
   }
  },
  {
   "type": "Feature",
   "properties": {
    "kind": "closure",
    "name": "Ženske elite: km 12–13 (Sora)",
    "note": "Kratkotrajna zapora ob prehodu kolesarjev (policija, do ~30 min). Čas iz uradne časovnice.",
    "start": "2026-10-03T13:50",
    "end": "2026-10-03T14:20",
    "length_m": 886
   },
   "geometry": {
    "type": "LineString",
    "coordinates": [
     [
      14.340632,
      46.154819
     ],
     [
      14.339964,
      46.154871
     ],
     [
      14.339813,
      46.154912
     ],
     [
      14.339612,
      46.154983
     ],
     [
      14.339151,
      46.155131
     ],
     [
      14.339021,
      46.155179
     ],
     [
      14.338847,
      46.155254
     ],
     [
      14.338687,
      46.155363
     ],
     [
      14.337886,
      46.156016
     ],
     [
      14.337761,
      46.156091
     ],
     [
      14.337564,
      46.156185
     ],
     [
      14.337101,
      46.156304
     ],
     [
      14.336989,
      46.156355
     ],
     [
      14.336907,
      46.156417
     ],
     [
      14.336788,
      46.156573
     ],
     [
      14.336675,
      46.156633
     ],
     [
      14.336559,
      46.156708
     ],
     [
      14.336457,
      46.156756
     ],
     [
      14.336374,
      46.156838
     ],
     [
      14.336013,
      46.157293
     ],
     [
      14.335748,
      46.157528
     ],
     [
      14.335423,
      46.157791
     ],
     [
      14.334981,
      46.158346
     ],
     [
      14.334805,
      46.158528
     ],
     [
      14.33461,
      46.158692
     ],
     [
      14.334385,
      46.158848
     ],
     [
      14.334128,
      46.159
     ],
     [
      14.333891,
      46.159114
     ],
     [
      14.333208,
      46.159368
     ],
     [
      14.332668,
      46.159577
     ],
     [
      14.332329,
      46.159739
     ],
     [
      14.332176,
      46.159819
     ]
    ]
   }
  },
  {
   "type": "Feature",
   "properties": {
    "kind": "closure",
    "name": "Ženske elite: km 13–14 (Sora)",
    "note": "Kratkotrajna zapora ob prehodu kolesarjev (policija, do ~30 min). Čas iz uradne časovnice.",
    "start": "2026-10-03T13:52",
    "end": "2026-10-03T14:22",
    "length_m": 921
   },
   "geometry": {
    "type": "LineString",
    "coordinates": [
     [
      14.330769,
      46.160559
     ],
     [
      14.33056,
      46.16063
     ],
     [
      14.330318,
      46.160671
     ],
     [
      14.329653,
      46.160678
     ],
     [
      14.329278,
      46.16075
     ],
     [
      14.328953,
      46.16082
     ],
     [
      14.328811,
      46.160849
     ],
     [
      14.328634,
      46.160894
     ],
     [
      14.328419,
      46.160949
     ],
     [
      14.328068,
      46.161024
     ],
     [
      14.32753,
      46.161094
     ],
     [
      14.327114,
      46.161131
     ],
     [
      14.326727,
      46.161193
     ],
     [
      14.326457,
      46.161252
     ],
     [
      14.326147,
      46.161357
     ],
     [
      14.325602,
      46.161669
     ],
     [
      14.325283,
      46.161837
     ],
     [
      14.324987,
      46.16193
     ],
     [
      14.324827,
      46.161954
     ],
     [
      14.324418,
      46.161979
     ],
     [
      14.324027,
      46.161972
     ],
     [
      14.323528,
      46.161945
     ],
     [
      14.323449,
      46.161941
     ],
     [
      14.323192,
      46.16193
     ],
     [
      14.322671,
      46.161929
     ],
     [
      14.322073,
      46.161977
     ],
     [
      14.321392,
      46.162045
     ],
     [
      14.321148,
      46.162065
     ],
     [
      14.3207,
      46.162102
     ],
     [
      14.320445,
      46.162113
     ],
     [
      14.320065,
      46.162066
     ],
     [
      14.319591,
      46.161999
     ],
     [
      14.319314,
      46.161977
     ]
    ]
   }
  },
  {
   "type": "Feature",
   "properties": {
    "kind": "closure",
    "name": "Ženske elite: km 14–15 (Sora)",
    "note": "Kratkotrajna zapora ob prehodu kolesarjev (policija, do ~30 min). Čas iz uradne časovnice.",
    "start": "2026-10-03T13:53",
    "end": "2026-10-03T14:24",
    "length_m": 933
   },
   "geometry": {
    "type": "LineString",
    "coordinates": [
     [
      14.318979,
      46.161974
     ],
     [
      14.318584,
      46.162029
     ],
     [
      14.318284,
      46.162094
     ],
     [
      14.317814,
      46.162194
     ],
     [
      14.316995,
      46.16233
     ],
     [
      14.316091,
      46.162506
     ],
     [
      14.315318,
      46.162679
     ],
     [
      14.31523,
      46.162699
     ],
     [
      14.315103,
      46.162727
     ],
     [
      14.314875,
      46.162777
     ],
     [
      14.314562,
      46.162845
     ],
     [
      14.314459,
      46.16286
     ],
     [
      14.314283,
      46.162886
     ],
     [
      14.314147,
      46.162907
     ],
     [
      14.313887,
      46.162937
     ],
     [
      14.313751,
      46.16295
     ],
     [
      14.313514,
      46.162961
     ],
     [
      14.313365,
      46.162955
     ],
     [
      14.313215,
      46.162923
     ],
     [
      14.313008,
      46.162826
     ],
     [
      14.312865,
      46.162714
     ],
     [
      14.312695,
      46.162543
     ],
     [
      14.31261,
      46.162485
     ],
     [
      14.312515,
      46.162441
     ],
     [
      14.312286,
      46.162415
     ],
     [
      14.312162,
      46.162411
     ],
     [
      14.312014,
      46.162424
     ],
     [
      14.311874,
      46.162448
     ],
     [
      14.311746,
      46.162456
     ],
     [
      14.311353,
      46.162442
     ],
     [
      14.311261,
      46.162447
     ],
     [
      14.311104,
      46.162471
     ],
     [
      14.31093,
      46.162483
     ],
     [
      14.310829,
      46.16253
     ],
     [
      14.310748,
      46.162592
     ],
     [
      14.310617,
      46.162711
     ],
     [
      14.310485,
      46.162812
     ],
     [
      14.310012,
      46.163235
     ],
     [
      14.309946,
      46.163294
     ],
     [
      14.309846,
      46.163348
     ],
     [
      14.309765,
      46.163393
     ],
     [
      14.309584,
      46.163471
     ],
     [
      14.30923,
      46.163618
     ],
     [
      14.308737,
      46.163826
     ],
     [
      14.30854,
      46.163895
     ],
     [
      14.308336,
      46.163916
     ],
     [
      14.30836,
      46.164025
     ]
    ]
   }
  },
  {
   "type": "Feature",
   "properties": {
    "kind": "closure",
    "name": "Ženske elite: km 15–16 (Škofja loka)",
    "note": "Kratkotrajna zapora ob prehodu kolesarjev (policija, do ~30 min). Čas iz uradne časovnice.",
    "start": "2026-10-03T13:55",
    "end": "2026-10-03T14:25",
    "length_m": 972
   },
   "geometry": {
    "type": "LineString",
    "coordinates": [
     [
      14.3083,
      46.164733
     ],
     [
      14.30827,
      46.16488
     ],
     [
      14.30819,
      46.165159
     ],
     [
      14.308161,
      46.165217
     ],
     [
      14.308086,
      46.16537
     ],
     [
      14.308057,
      46.165464
     ],
     [
      14.308032,
      46.165598
     ],
     [
      14.308039,
      46.166048
     ],
     [
      14.30803,
      46.166204
     ],
     [
      14.30804,
      46.166372
     ],
     [
      14.308055,
      46.166527
     ],
     [
      14.308083,
      46.166757
     ],
     [
      14.308117,
      46.166856
     ],
     [
      14.308169,
      46.166921
     ],
     [
      14.308194,
      46.166942
     ],
     [
      14.308345,
      46.167027
     ],
     [
      14.308421,
      46.167059
     ],
     [
      14.308727,
      46.167147
     ],
     [
      14.309095,
      46.167228
     ],
     [
      14.309381,
      46.167272
     ],
     [
      14.309529,
      46.167287
     ],
     [
      14.309702,
      46.167307
     ],
     [
      14.310514,
      46.167415
     ],
     [
      14.310848,
      46.167463
     ],
     [
      14.311027,
      46.167476
     ],
     [
      14.31112,
      46.167469
     ],
     [
      14.311247,
      46.167439
     ],
     [
      14.311413,
      46.167356
     ],
     [
      14.31148,
      46.167323
     ],
     [
      14.311606,
      46.16729
     ],
     [
      14.311724,
      46.167308
     ],
     [
      14.311799,
      46.167392
     ],
     [
      14.311825,
      46.167452
     ],
     [
      14.311871,
      46.16756
     ],
     [
      14.311609,
      46.167587
     ],
     [
      14.311414,
      46.167608
     ],
     [
      14.310948,
      46.167626
     ],
     [
      14.310757,
      46.167626
     ],
     [
      14.310506,
      46.167626
     ],
     [
      14.309811,
      46.167582
     ],
     [
      14.309595,
      46.16756
     ],
     [
      14.309284,
      46.167512
     ],
     [
      14.309058,
      46.167468
     ],
     [
      14.308786,
      46.167415
     ],
     [
      14.307734,
      46.167153
     ],
     [
      14.307291,
      46.167056
     ],
     [
      14.30716,
      46.167043
     ],
     [
      14.307086,
      46.167044
     ],
     [
      14.306969,
      46.167062
     ],
     [
      14.306756,
      46.167111
     ]
    ]
   }
  },
  {
   "type": "Feature",
   "properties": {
    "kind": "closure",
    "name": "Ženske elite: km 16–17 (Škofja loka)",
    "note": "Kratkotrajna zapora ob prehodu kolesarjev (policija, do ~30 min). Čas iz uradne časovnice.",
    "start": "2026-10-03T13:56",
    "end": "2026-10-03T14:27",
    "length_m": 962
   },
   "geometry": {
    "type": "LineString",
    "coordinates": [
     [
      14.306676,
      46.167131
     ],
     [
      14.306577,
      46.167149
     ],
     [
      14.306425,
      46.167162
     ],
     [
      14.306168,
      46.167146
     ],
     [
      14.305829,
      46.167113
     ],
     [
      14.305715,
      46.167105
     ],
     [
      14.305451,
      46.167093
     ],
     [
      14.305379,
      46.167102
     ],
     [
      14.305309,
      46.167137
     ],
     [
      14.30528,
      46.167191
     ],
     [
      14.305181,
      46.167453
     ],
     [
      14.305098,
      46.167635
     ],
     [
      14.305007,
      46.16779
     ],
     [
      14.304933,
      46.167918
     ],
     [
      14.304898,
      46.167994
     ],
     [
      14.304858,
      46.168053
     ],
     [
      14.304792,
      46.16816
     ],
     [
      14.304719,
      46.168313
     ],
     [
      14.304669,
      46.168435
     ],
     [
      14.30459,
      46.168721
     ],
     [
      14.304572,
      46.169111
     ],
     [
      14.304566,
      46.169238
     ],
     [
      14.304556,
      46.16944
     ],
     [
      14.304568,
      46.169568
     ],
     [
      14.304553,
      46.16967
     ],
     [
      14.30452,
      46.169755
     ],
     [
      14.304454,
      46.169877
     ],
     [
      14.304412,
      46.169926
     ],
     [
      14.304244,
      46.17013
     ],
     [
      14.304024,
      46.170368
     ],
     [
      14.304302,
      46.170675
     ],
     [
      14.304376,
      46.17076
     ],
     [
      14.304474,
      46.170904
     ],
     [
      14.304486,
      46.170921
     ],
     [
      14.304618,
      46.17133
     ],
     [
      14.304629,
      46.171439
     ],
     [
      14.304661,
      46.171814
     ],
     [
      14.304667,
      46.171964
     ],
     [
      14.304674,
      46.172139
     ],
     [
      14.304675,
      46.172237
     ],
     [
      14.304665,
      46.172276
     ],
     [
      14.304641,
      46.172323
     ],
     [
      14.304579,
      46.172398
     ],
     [
      14.30448,
      46.172508
     ],
     [
      14.304441,
      46.172545
     ],
     [
      14.304385,
      46.172634
     ],
     [
      14.30423,
      46.172812
     ],
     [
      14.304184,
      46.17286
     ],
     [
      14.304499,
      46.173002
     ],
     [
      14.304689,
      46.17315
     ],
     [
      14.304953,
      46.173399
     ],
     [
      14.30511,
      46.173482
     ],
     [
      14.305276,
      46.173618
     ],
     [
      14.305487,
      46.173864
     ],
     [
      14.30558,
      46.17395
     ],
     [
      14.305749,
      46.174048
     ]
    ]
   }
  },
  {
   "type": "Feature",
   "properties": {
    "kind": "closure",
    "name": "Ženske elite: km 17–18 (Škofja loka)",
    "note": "Kratkotrajna zapora ob prehodu kolesarjev (policija, do ~30 min). Čas iz uradne časovnice.",
    "start": "2026-10-03T13:58",
    "end": "2026-10-03T14:28",
    "length_m": 959
   },
   "geometry": {
    "type": "LineString",
    "coordinates": [
     [
      14.306166,
      46.174308
     ],
     [
      14.306267,
      46.174363
     ],
     [
      14.306401,
      46.174401
     ],
     [
      14.306555,
      46.17442
     ],
     [
      14.307104,
      46.174421
     ],
     [
      14.307251,
      46.174439
     ],
     [
      14.307384,
      46.174463
     ],
     [
      14.307609,
      46.174534
     ],
     [
      14.308261,
      46.174805
     ],
     [
      14.308463,
      46.1749
     ],
     [
      14.308968,
      46.175224
     ],
     [
      14.30915,
      46.17533
     ],
     [
      14.309346,
      46.175439
     ],
     [
      14.309551,
      46.175578
     ],
     [
      14.309583,
      46.175623
     ],
     [
      14.309724,
      46.175816
     ],
     [
      14.310271,
      46.176405
     ],
     [
      14.311188,
      46.177393
     ],
     [
      14.312118,
      46.178419
     ],
     [
      14.312459,
      46.178797
     ],
     [
      14.312604,
      46.178925
     ],
     [
      14.312913,
      46.179061
     ],
     [
      14.313274,
      46.179344
     ],
     [
      14.313312,
      46.179373
     ],
     [
      14.313482,
      46.179604
     ],
     [
      14.313571,
      46.179706
     ],
     [
      14.313796,
      46.179851
     ],
     [
      14.31404,
      46.179977
     ],
     [
      14.314435,
      46.18022
     ],
     [
      14.314525,
      46.180275
     ],
     [
      14.314534,
      46.180281
     ]
    ]
   }
  },
  {
   "type": "Feature",
   "properties": {
    "kind": "closure",
    "name": "Ženske elite: km 18–19 (Škofja loka)",
    "note": "Kratkotrajna zapora ob prehodu kolesarjev (policija, do ~30 min). Čas iz uradne časovnice.",
    "start": "2026-10-03T13:59",
    "end": "2026-10-03T14:30",
    "length_m": 994
   },
   "geometry": {
    "type": "LineString",
    "coordinates": [
     [
      14.314837,
      46.18053
     ],
     [
      14.314966,
      46.18061
     ],
     [
      14.315126,
      46.180683
     ],
     [
      14.315305,
      46.180746
     ],
     [
      14.315721,
      46.180841
     ],
     [
      14.316025,
      46.180918
     ],
     [
      14.31641,
      46.181067
     ],
     [
      14.316983,
      46.181296
     ],
     [
      14.31794,
      46.181681
     ],
     [
      14.318395,
      46.181849
     ],
     [
      14.319026,
      46.18212
     ],
     [
      14.319139,
      46.182175
     ],
     [
      14.319599,
      46.182398
     ],
     [
      14.31986,
      46.182529
     ],
     [
      14.320205,
      46.182764
     ],
     [
      14.320305,
      46.182864
     ],
     [
      14.320372,
      46.182931
     ],
     [
      14.320534,
      46.183095
     ],
     [
      14.320917,
      46.183404
     ],
     [
      14.321233,
      46.183647
     ],
     [
      14.321271,
      46.183681
     ],
     [
      14.321393,
      46.18379
     ],
     [
      14.321556,
      46.184
     ],
     [
      14.321711,
      46.184224
     ],
     [
      14.321799,
      46.184366
     ],
     [
      14.321834,
      46.184422
     ],
     [
      14.322001,
      46.18467
     ],
     [
      14.322135,
      46.18481
     ],
     [
      14.32266,
      46.185208
     ],
     [
      14.322794,
      46.185259
     ],
     [
      14.322761,
      46.185414
     ],
     [
      14.322743,
      46.185498
     ],
     [
      14.322719,
      46.185784
     ],
     [
      14.322759,
      46.18587
     ],
     [
      14.322722,
      46.186069
     ],
     [
      14.322727,
      46.186165
     ],
     [
      14.322756,
      46.186344
     ],
     [
      14.322786,
      46.186489
     ],
     [
      14.322853,
      46.186741
     ]
    ]
   }
  },
  {
   "type": "Feature",
   "properties": {
    "kind": "closure",
    "name": "Ženske elite: km 19–20 (Sveti duh)",
    "note": "Kratkotrajna zapora ob prehodu kolesarjev (policija, do ~30 min). Čas iz uradne časovnice.",
    "start": "2026-10-03T14:01",
    "end": "2026-10-03T14:32",
    "length_m": 971
   },
   "geometry": {
    "type": "LineString",
    "coordinates": [
     [
      14.322943,
      46.186964
     ],
     [
      14.323038,
      46.187169
     ],
     [
      14.323079,
      46.187255
     ],
     [
      14.32323,
      46.187643
     ],
     [
      14.323308,
      46.187852
     ],
     [
      14.323378,
      46.188037
     ],
     [
      14.323507,
      46.188484
     ],
     [
      14.323793,
      46.189482
     ],
     [
      14.323893,
      46.189916
     ],
     [
      14.323936,
      46.190136
     ],
     [
      14.324004,
      46.190475
     ],
     [
      14.324054,
      46.190819
     ],
     [
      14.324086,
      46.19103
     ],
     [
      14.324186,
      46.191509
     ],
     [
      14.324197,
      46.191548
     ],
     [
      14.32425,
      46.191747
     ],
     [
      14.324365,
      46.19216
     ],
     [
      14.324515,
      46.192647
     ],
     [
      14.324545,
      46.192793
     ],
     [
      14.324565,
      46.192885
     ],
     [
      14.324581,
      46.193063
     ],
     [
      14.32457,
      46.193283
     ],
     [
      14.324507,
      46.193668
     ],
     [
      14.324482,
      46.193794
     ],
     [
      14.324457,
      46.193989
     ],
     [
      14.324468,
      46.194175
     ],
     [
      14.324492,
      46.194293
     ],
     [
      14.324537,
      46.194406
     ],
     [
      14.324613,
      46.19454
     ],
     [
      14.32471,
      46.194667
     ],
     [
      14.324901,
      46.194861
     ],
     [
      14.325036,
      46.194925
     ],
     [
      14.325136,
      46.194983
     ],
     [
      14.325254,
      46.19504
     ],
     [
      14.325431,
      46.195101
     ],
     [
      14.325764,
      46.195183
     ]
    ]
   }
  },
  {
   "type": "Feature",
   "properties": {
    "kind": "closure",
    "name": "Ženske elite: km 20–21 (Sveti duh)",
    "note": "Kratkotrajna zapora ob prehodu kolesarjev (policija, do ~30 min). Čas iz uradne časovnice.",
    "start": "2026-10-03T14:02",
    "end": "2026-10-03T14:33",
    "length_m": 930
   },
   "geometry": {
    "type": "LineString",
    "coordinates": [
     [
      14.325938,
      46.195213
     ],
     [
      14.326423,
      46.195258
     ],
     [
      14.327197,
      46.195298
     ],
     [
      14.328604,
      46.195382
     ],
     [
      14.329529,
      46.195509
     ],
     [
      14.330188,
      46.195629
     ],
     [
      14.330599,
      46.195713
     ],
     [
      14.330711,
      46.195742
     ],
     [
      14.330766,
      46.195762
     ],
     [
      14.33091,
      46.195811
     ],
     [
      14.331086,
      46.195888
     ],
     [
      14.3314,
      46.196066
     ],
     [
      14.331451,
      46.196095
     ],
     [
      14.331532,
      46.196142
     ],
     [
      14.33162,
      46.196189
     ],
     [
      14.331712,
      46.196243
     ],
     [
      14.332037,
      46.196443
     ],
     [
      14.332104,
      46.196503
     ],
     [
      14.332189,
      46.196626
     ],
     [
      14.332244,
      46.196755
     ],
     [
      14.332304,
      46.197085
     ],
     [
      14.33231,
      46.197109
     ],
     [
      14.332336,
      46.197204
     ],
     [
      14.332408,
      46.197583
     ],
     [
      14.332423,
      46.197713
     ],
     [
      14.332437,
      46.197954
     ],
     [
      14.332428,
      46.19815
     ],
     [
      14.332333,
      46.198803
     ],
     [
      14.33232,
      46.198888
     ],
     [
      14.332258,
      46.199283
     ],
     [
      14.332212,
      46.199663
     ],
     [
      14.332199,
      46.200005
     ],
     [
      14.332196,
      46.20026
     ]
    ]
   }
  },
  {
   "type": "Feature",
   "properties": {
    "kind": "closure",
    "name": "Ženske elite: km 21–22 (Sveti duh)",
    "note": "Kratkotrajna zapora ob prehodu kolesarjev (policija, do ~30 min). Čas iz uradne časovnice.",
    "start": "2026-10-03T14:03",
    "end": "2026-10-03T14:35",
    "length_m": 974
   },
   "geometry": {
    "type": "LineString",
    "coordinates": [
     [
      14.33225,
      46.200884
     ],
     [
      14.332263,
      46.201025
     ],
     [
      14.332333,
      46.201431
     ],
     [
      14.332382,
      46.201685
     ],
     [
      14.332447,
      46.201926
     ],
     [
      14.332456,
      46.201969
     ],
     [
      14.332582,
      46.202346
     ],
     [
      14.333086,
      46.203601
     ],
     [
      14.333282,
      46.204126
     ],
     [
      14.33377,
      46.205344
     ],
     [
      14.333893,
      46.205619
     ],
     [
      14.334083,
      46.206005
     ],
     [
      14.334518,
      46.206835
     ],
     [
      14.334675,
      46.207133
     ],
     [
      14.334993,
      46.207736
     ],
     [
      14.335454,
      46.208622
     ],
     [
      14.33558,
      46.208857
     ],
     [
      14.335777,
      46.209221
     ],
     [
      14.335825,
      46.209311
     ]
    ]
   }
  },
  {
   "type": "Feature",
   "properties": {
    "kind": "closure",
    "name": "Ženske elite: km 22–23 (Sveti duh)",
    "note": "Kratkotrajna zapora ob prehodu kolesarjev (policija, do ~30 min). Čas iz uradne časovnice.",
    "start": "2026-10-03T14:05",
    "end": "2026-10-03T14:37",
    "length_m": 964
   },
   "geometry": {
    "type": "LineString",
    "coordinates": [
     [
      14.335996,
      46.209636
     ],
     [
      14.336124,
      46.209882
     ],
     [
      14.336189,
      46.210011
     ],
     [
      14.336324,
      46.21028
     ],
     [
      14.336413,
      46.210458
     ],
     [
      14.336583,
      46.2108
     ],
     [
      14.336704,
      46.211057
     ],
     [
      14.336851,
      46.21137
     ],
     [
      14.336978,
      46.211641
     ],
     [
      14.337195,
      46.21213
     ],
     [
      14.337334,
      46.212545
     ],
     [
      14.337428,
      46.212865
     ],
     [
      14.337658,
      46.213793
     ],
     [
      14.337846,
      46.214505
     ],
     [
      14.337975,
      46.215046
     ],
     [
      14.337989,
      46.215105
     ],
     [
      14.338011,
      46.215195
     ],
     [
      14.338022,
      46.215242
     ],
     [
      14.338092,
      46.215536
     ],
     [
      14.338098,
      46.21557
     ],
     [
      14.338173,
      46.215868
     ],
     [
      14.338322,
      46.216457
     ],
     [
      14.338352,
      46.216579
     ],
     [
      14.338677,
      46.217894
     ],
     [
      14.338726,
      46.218126
     ]
    ]
   }
  },
  {
   "type": "Feature",
   "properties": {
    "kind": "closure",
    "name": "Ženske elite: km 23–24 (Sveti duh)",
    "note": "Kratkotrajna zapora ob prehodu kolesarjev (policija, do ~30 min). Čas iz uradne časovnice.",
    "start": "2026-10-03T14:06",
    "end": "2026-10-03T14:38",
    "length_m": 933
   },
   "geometry": {
    "type": "LineString",
    "coordinates": [
     [
      14.338875,
      46.2187
     ],
     [
      14.338991,
      46.219154
     ],
     [
      14.339188,
      46.219855
     ],
     [
      14.339326,
      46.220201
     ],
     [
      14.33946,
      46.22047
     ],
     [
      14.339641,
      46.22073
     ],
     [
      14.339755,
      46.220868
     ],
     [
      14.339899,
      46.221042
     ],
     [
      14.340345,
      46.221459
     ],
     [
      14.340407,
      46.221447
     ],
     [
      14.340471,
      46.221455
     ],
     [
      14.340522,
      46.221481
     ],
     [
      14.340551,
      46.221521
     ],
     [
      14.340552,
      46.221564
     ],
     [
      14.340527,
      46.221603
     ],
     [
      14.340479,
      46.221631
     ],
     [
      14.340417,
      46.221642
     ],
     [
      14.340354,
      46.221633
     ],
     [
      14.340304,
      46.221606
     ],
     [
      14.34013,
      46.221728
     ],
     [
      14.339759,
      46.222031
     ],
     [
      14.339567,
      46.222196
     ],
     [
      14.33935,
      46.222399
     ],
     [
      14.33914,
      46.222589
     ],
     [
      14.338806,
      46.222893
     ],
     [
      14.338007,
      46.223673
     ],
     [
      14.337498,
      46.224215
     ],
     [
      14.337338,
      46.224385
     ],
     [
      14.337165,
      46.22462
     ],
     [
      14.337129,
      46.224689
     ],
     [
      14.337093,
      46.224791
     ],
     [
      14.337045,
      46.22503
     ],
     [
      14.33705,
      46.225123
     ],
     [
      14.33715,
      46.22564
     ],
     [
      14.337198,
      46.225877
     ]
    ]
   }
  },
  {
   "type": "Feature",
   "properties": {
    "kind": "closure",
    "name": "Ženske elite: km 24–25 (Zg. Bitnje)",
    "note": "Kratkotrajna zapora ob prehodu kolesarjev (policija, do ~30 min). Čas iz uradne časovnice.",
    "start": "2026-10-03T14:07",
    "end": "2026-10-03T14:40",
    "length_m": 966
   },
   "geometry": {
    "type": "LineString",
    "coordinates": [
     [
      14.337254,
      46.226226
     ],
     [
      14.337288,
      46.22634
     ],
     [
      14.337318,
      46.226488
     ],
     [
      14.337371,
      46.226647
     ],
     [
      14.33754,
      46.226951
     ],
     [
      14.337654,
      46.227084
     ],
     [
      14.338639,
      46.228047
     ],
     [
      14.339191,
      46.228602
     ],
     [
      14.33934,
      46.22876
     ],
     [
      14.339696,
      46.229151
     ],
     [
      14.339832,
      46.229303
     ],
     [
      14.339886,
      46.229364
     ],
     [
      14.340122,
      46.22961
     ],
     [
      14.34022,
      46.229694
     ],
     [
      14.340335,
      46.229774
     ],
     [
      14.34037,
      46.229795
     ],
     [
      14.340559,
      46.229873
     ],
     [
      14.340738,
      46.229925
     ],
     [
      14.340921,
      46.229959
     ],
     [
      14.341123,
      46.229986
     ],
     [
      14.341455,
      46.230032
     ],
     [
      14.341742,
      46.230098
     ],
     [
      14.341978,
      46.230166
     ],
     [
      14.342284,
      46.230283
     ],
     [
      14.342548,
      46.230378
     ],
     [
      14.342663,
      46.230408
     ],
     [
      14.342834,
      46.230446
     ],
     [
      14.343016,
      46.230478
     ],
     [
      14.343431,
      46.230532
     ],
     [
      14.343612,
      46.230565
     ],
     [
      14.343753,
      46.2306
     ],
     [
      14.343919,
      46.230647
     ],
     [
      14.344054,
      46.230695
     ],
     [
      14.344257,
      46.230781
     ],
     [
      14.344403,
      46.230834
     ],
     [
      14.344569,
      46.230883
     ],
     [
      14.344742,
      46.230923
     ],
     [
      14.34482,
      46.230938
     ],
     [
      14.344883,
      46.23093
     ],
     [
      14.345004,
      46.230953
     ],
     [
      14.345092,
      46.230962
     ],
     [
      14.345182,
      46.230958
     ],
     [
      14.345237,
      46.23094
     ],
     [
      14.345304,
      46.230933
     ],
     [
      14.345356,
      46.23094
     ],
     [
      14.345401,
      46.230959
     ],
     [
      14.345428,
      46.230994
     ],
     [
      14.345436,
      46.231016
     ],
     [
      14.34558,
      46.231075
     ],
     [
      14.345678,
      46.231103
     ],
     [
      14.345723,
      46.231136
     ],
     [
      14.345955,
      46.231205
     ],
     [
      14.34623,
      46.23131
     ],
     [
      14.346295,
      46.231336
     ],
     [
      14.34633,
      46.23135
     ]
    ]
   }
  },
  {
   "type": "Feature",
   "properties": {
    "kind": "closure",
    "name": "Ženske elite: km 25–26 (Zg. Bitnje)",
    "note": "Kratkotrajna zapora ob prehodu kolesarjev (policija, do ~30 min). Čas iz uradne časovnice.",
    "start": "2026-10-03T14:09",
    "end": "2026-10-03T14:41",
    "length_m": 954
   },
   "geometry": {
    "type": "LineString",
    "coordinates": [
     [
      14.346921,
      46.231612
     ],
     [
      14.347035,
      46.231677
     ],
     [
      14.347341,
      46.231787
     ],
     [
      14.347479,
      46.231823
     ],
     [
      14.348386,
      46.232104
     ],
     [
      14.349846,
      46.232583
     ],
     [
      14.350825,
      46.232911
     ],
     [
      14.351027,
      46.23297
     ],
     [
      14.351142,
      46.232981
     ],
     [
      14.351255,
      46.232977
     ],
     [
      14.351386,
      46.232957
     ],
     [
      14.351493,
      46.232909
     ],
     [
      14.351587,
      46.232841
     ],
     [
      14.3517,
      46.232742
     ],
     [
      14.351783,
      46.232656
     ],
     [
      14.352175,
      46.232226
     ],
     [
      14.352598,
      46.231769
     ],
     [
      14.352635,
      46.231732
     ],
     [
      14.352696,
      46.231682
     ],
     [
      14.35273,
      46.231654
     ],
     [
      14.352769,
      46.231633
     ],
     [
      14.352849,
      46.231626
     ],
     [
      14.352934,
      46.231632
     ],
     [
      14.352973,
      46.231645
     ],
     [
      14.353079,
      46.231697
     ],
     [
      14.352955,
      46.231863
     ],
     [
      14.35293,
      46.231896
     ],
     [
      14.352687,
      46.232206
     ],
     [
      14.352521,
      46.232405
     ],
     [
      14.352286,
      46.232642
     ],
     [
      14.352023,
      46.232869
     ],
     [
      14.35174,
      46.233076
     ],
     [
      14.351436,
      46.233257
     ],
     [
      14.350663,
      46.233669
     ],
     [
      14.350202,
      46.233944
     ],
     [
      14.349912,
      46.234121
     ]
    ]
   }
  },
  {
   "type": "Feature",
   "properties": {
    "kind": "closure",
    "name": "Ženske elite: km 26–27 (Stražišče)",
    "note": "Kratkotrajna zapora ob prehodu kolesarjev (policija, do ~30 min). Čas iz uradne časovnice.",
    "start": "2026-10-03T14:10",
    "end": "2026-10-03T14:43",
    "length_m": 879
   },
   "geometry": {
    "type": "LineString",
    "coordinates": [
     [
      14.34968,
      46.234273
     ],
     [
      14.349483,
      46.234404
     ],
     [
      14.349258,
      46.23458
     ],
     [
      14.348855,
      46.234948
     ],
     [
      14.348721,
      46.23509
     ],
     [
      14.348634,
      46.235201
     ],
     [
      14.348582,
      46.235298
     ],
     [
      14.348547,
      46.235389
     ],
     [
      14.348539,
      46.235555
     ],
     [
      14.348574,
      46.235726
     ],
     [
      14.348623,
      46.23582
     ],
     [
      14.348835,
      46.236196
     ],
     [
      14.34892,
      46.236337
     ],
     [
      14.349105,
      46.236646
     ],
     [
      14.349276,
      46.236815
     ],
     [
      14.349415,
      46.237073
     ],
     [
      14.349716,
      46.237267
     ],
     [
      14.349829,
      46.237319
     ],
     [
      14.349997,
      46.237369
     ],
     [
      14.350191,
      46.237421
     ],
     [
      14.350289,
      46.237446
     ],
     [
      14.350474,
      46.237492
     ],
     [
      14.350687,
      46.23757
     ],
     [
      14.351219,
      46.237664
     ],
     [
      14.351237,
      46.237667
     ],
     [
      14.35321,
      46.238112
     ],
     [
      14.353343,
      46.238141
     ],
     [
      14.353356,
      46.238114
     ],
     [
      14.35338,
      46.238091
     ],
     [
      14.353414,
      46.238075
     ],
     [
      14.353453,
      46.238066
     ],
     [
      14.353495,
      46.238066
     ],
     [
      14.353536,
      46.238076
     ],
     [
      14.35357,
      46.238095
     ],
     [
      14.353594,
      46.23812
     ],
     [
      14.353604,
      46.238149
     ],
     [
      14.3536,
      46.23818
     ],
     [
      14.353582,
      46.238207
     ],
     [
      14.353551,
      46.238229
     ],
     [
      14.353572,
      46.238342
     ],
     [
      14.353562,
      46.238599
     ],
     [
      14.353595,
      46.238771
     ],
     [
      14.353645,
      46.238958
     ],
     [
      14.353878,
      46.239605
     ],
     [
      14.353888,
      46.239633
     ]
    ]
   }
  },
  {
   "type": "Feature",
   "properties": {
    "kind": "closure",
    "name": "Ženske elite: km 27–28 (Stražišče)",
    "note": "Kratkotrajna zapora ob prehodu kolesarjev (policija, do ~30 min). Čas iz uradne časovnice.",
    "start": "2026-10-03T14:12",
    "end": "2026-10-03T14:45",
    "length_m": 907
   },
   "geometry": {
    "type": "LineString",
    "coordinates": [
     [
      14.354305,
      46.240715
     ],
     [
      14.354438,
      46.241016
     ],
     [
      14.354482,
      46.241143
     ],
     [
      14.354512,
      46.241198
     ],
     [
      14.354581,
      46.241277
     ],
     [
      14.35463,
      46.241315
     ],
     [
      14.354706,
      46.241344
     ],
     [
      14.354835,
      46.241362
     ],
     [
      14.355135,
      46.241376
     ],
     [
      14.355368,
      46.241396
     ],
     [
      14.355457,
      46.241418
     ],
     [
      14.355549,
      46.241455
     ],
     [
      14.355603,
      46.24149
     ],
     [
      14.355675,
      46.241578
     ],
     [
      14.355686,
      46.241677
     ],
     [
      14.355679,
      46.241757
     ],
     [
      14.355662,
      46.241782
     ],
     [
      14.355502,
      46.242028
     ],
     [
      14.355274,
      46.242384
     ],
     [
      14.355252,
      46.242417
     ],
     [
      14.355244,
      46.242428
     ],
     [
      14.355179,
      46.242524
     ],
     [
      14.354934,
      46.242938
     ],
     [
      14.354835,
      46.243127
     ],
     [
      14.354808,
      46.243189
     ],
     [
      14.354797,
      46.243218
     ],
     [
      14.354685,
      46.243538
     ],
     [
      14.354589,
      46.24392
     ],
     [
      14.35462,
      46.243951
     ],
     [
      14.354622,
      46.243971
     ],
     [
      14.35463,
      46.244051
     ],
     [
      14.354646,
      46.244103
     ],
     [
      14.354676,
      46.24413
     ],
     [
      14.35469,
      46.244164
     ],
     [
      14.354688,
      46.244198
     ],
     [
      14.354668,
      46.24423
     ],
     [
      14.354717,
      46.24436
     ],
     [
      14.354736,
      46.24444
     ],
     [
      14.354746,
      46.244527
     ],
     [
      14.354749,
      46.244563
     ],
     [
      14.354723,
      46.244585
     ],
     [
      14.354768,
      46.245074
     ],
     [
      14.354784,
      46.2452
     ],
     [
      14.35489,
      46.245245
     ],
     [
      14.355033,
      46.245302
     ],
     [
      14.355495,
      46.245462
     ],
     [
      14.35572,
      46.245543
     ],
     [
      14.356186,
      46.245713
     ],
     [
      14.357049,
      46.246027
     ],
     [
      14.357092,
      46.246043
     ],
     [
      14.357613,
      46.246232
     ],
     [
      14.357731,
      46.24629
     ],
     [
      14.357759,
      46.246277
     ],
     [
      14.357824,
      46.246269
     ],
     [
      14.357857,
      46.246274
     ],
     [
      14.35789,
      46.246288
     ],
     [
      14.357928,
      46.246326
     ],
     [
      14.358088,
      46.24638
     ],
     [
      14.35815,
      46.2464
     ],
     [
      14.358162,
      46.246426
     ],
     [
      14.358491,
      46.246533
     ]
    ]
   }
  },
  {
   "type": "Feature",
   "properties": {
    "kind": "closure",
    "name": "Ženske elite: km 28–29 (Stražišče)",
    "note": "Kratkotrajna zapora ob prehodu kolesarjev (policija, do ~30 min). Čas iz uradne časovnice.",
    "start": "2026-10-03T14:13",
    "end": "2026-10-03T14:47",
    "length_m": 950
   },
   "geometry": {
    "type": "LineString",
    "coordinates": [
     [
      14.359694,
      46.24697
     ],
     [
      14.359732,
      46.246985
     ],
     [
      14.359868,
      46.247038
     ],
     [
      14.360073,
      46.247127
     ],
     [
      14.360672,
      46.247344
     ],
     [
      14.360737,
      46.247368
     ],
     [
      14.360753,
      46.247373
     ],
     [
      14.36134,
      46.247587
     ],
     [
      14.361497,
      46.247629
     ],
     [
      14.361715,
      46.247522
     ],
     [
      14.361832,
      46.247462
     ],
     [
      14.362353,
      46.247181
     ],
     [
      14.362589,
      46.247057
     ],
     [
      14.363945,
      46.246347
     ],
     [
      14.364113,
      46.24626
     ],
     [
      14.364226,
      46.246197
     ],
     [
      14.364386,
      46.246104
     ],
     [
      14.366143,
      46.245173
     ],
     [
      14.366171,
      46.245158
     ],
     [
      14.366418,
      46.245031
     ],
     [
      14.366532,
      46.244973
     ],
     [
      14.366701,
      46.244891
     ],
     [
      14.367475,
      46.244516
     ],
     [
      14.367988,
      46.244249
     ],
     [
      14.368836,
      46.243788
     ],
     [
      14.368965,
      46.243717
     ],
     [
      14.369723,
      46.243312
     ]
    ]
   }
  },
  {
   "type": "Feature",
   "properties": {
    "kind": "closure",
    "name": "Ženske elite: km 29–30 (Stražišče)",
    "note": "Kratkotrajna zapora ob prehodu kolesarjev (policija, do ~30 min). Čas iz uradne časovnice.",
    "start": "2026-10-03T14:15",
    "end": "2026-10-03T14:49",
    "length_m": 970
   },
   "geometry": {
    "type": "LineString",
    "coordinates": [
     [
      14.370194,
      46.243067
     ],
     [
      14.370487,
      46.242908
     ],
     [
      14.370661,
      46.242816
     ],
     [
      14.370822,
      46.242735
     ],
     [
      14.371448,
      46.242393
     ],
     [
      14.371602,
      46.24231
     ],
     [
      14.371812,
      46.242193
     ],
     [
      14.37197,
      46.242112
     ],
     [
      14.372094,
      46.24205
     ],
     [
      14.37229,
      46.241965
     ],
     [
      14.372523,
      46.241878
     ],
     [
      14.372961,
      46.241748
     ],
     [
      14.373223,
      46.241691
     ],
     [
      14.373362,
      46.241851
     ],
     [
      14.374038,
      46.242594
     ],
     [
      14.374207,
      46.242789
     ],
     [
      14.374461,
      46.243071
     ],
     [
      14.374722,
      46.243364
     ],
     [
      14.37487,
      46.243527
     ],
     [
      14.374929,
      46.243593
     ],
     [
      14.375008,
      46.243683
     ],
     [
      14.37534,
      46.244052
     ],
     [
      14.375487,
      46.244216
     ],
     [
      14.376186,
      46.244998
     ],
     [
      14.376233,
      46.245008
     ],
     [
      14.376279,
      46.245053
     ],
     [
      14.376313,
      46.245082
     ],
     [
      14.376363,
      46.245114
     ],
     [
      14.376431,
      46.245122
     ],
     [
      14.376542,
      46.245075
     ],
     [
      14.37659,
      46.245052
     ],
     [
      14.376648,
      46.24505
     ],
     [
      14.377121,
      46.244767
     ],
     [
      14.37753,
      46.244522
     ],
     [
      14.377864,
      46.244322
     ],
     [
      14.37804,
      46.244216
     ],
     [
      14.378146,
      46.244153
     ],
     [
      14.378315,
      46.244052
     ],
     [
      14.378325,
      46.244016
     ],
     [
      14.378372,
      46.243982
     ],
     [
      14.378453,
      46.243913
     ],
     [
      14.378451,
      46.243858
     ],
     [
      14.378472,
      46.243825
     ],
     [
      14.378527,
      46.243791
     ],
     [
      14.378577,
      46.24378
     ],
     [
      14.378636,
      46.243783
     ],
     [
      14.378669,
      46.243793
     ]
    ]
   }
  },
  {
   "type": "Feature",
   "properties": {
    "kind": "closure",
    "name": "Ženske elite: km 30–31 (Kranj)",
    "note": "Kratkotrajna zapora ob prehodu kolesarjev (policija, do ~30 min). Čas iz uradne časovnice.",
    "start": "2026-10-03T14:17",
    "end": "2026-10-03T14:50",
    "length_m": 990
   },
   "geometry": {
    "type": "LineString",
    "coordinates": [
     [
      14.37879,
      46.24377
     ],
     [
      14.378867,
      46.24375
     ],
     [
      14.37891,
      46.24376
     ],
     [
      14.379194,
      46.24367
     ],
     [
      14.379853,
      46.243484
     ],
     [
      14.38011,
      46.243407
     ],
     [
      14.380545,
      46.243277
     ],
     [
      14.380555,
      46.243233
     ],
     [
      14.380718,
      46.243173
     ],
     [
      14.380557,
      46.242994
     ],
     [
      14.380508,
      46.242942
     ],
     [
      14.380179,
      46.242571
     ],
     [
      14.380043,
      46.242371
     ],
     [
      14.379979,
      46.242279
     ],
     [
      14.379881,
      46.2421
     ],
     [
      14.379837,
      46.242034
     ],
     [
      14.379813,
      46.242009
     ],
     [
      14.379747,
      46.241955
     ],
     [
      14.379664,
      46.241919
     ],
     [
      14.379596,
      46.241857
     ],
     [
      14.379582,
      46.241788
     ],
     [
      14.379597,
      46.241733
     ],
     [
      14.379654,
      46.241662
     ],
     [
      14.379684,
      46.241635
     ],
     [
      14.379702,
      46.241555
     ],
     [
      14.379693,
      46.241507
     ],
     [
      14.379648,
      46.24142
     ],
     [
      14.379637,
      46.241351
     ],
     [
      14.379266,
      46.240933
     ],
     [
      14.379157,
      46.240816
     ],
     [
      14.378139,
      46.239731
     ],
     [
      14.376253,
      46.237766
     ],
     [
      14.376085,
      46.237593
     ],
     [
      14.375488,
      46.236985
     ],
     [
      14.375371,
      46.236867
     ]
    ]
   }
  },
  {
   "type": "Feature",
   "properties": {
    "kind": "closure",
    "name": "Ženske elite: km 31–32 (Kranj)",
    "note": "Kratkotrajna zapora ob prehodu kolesarjev (policija, do ~30 min). Čas iz uradne časovnice.",
    "start": "2026-10-03T14:17",
    "end": "2026-10-03T14:52",
    "length_m": 912
   },
   "geometry": {
    "type": "LineString",
    "coordinates": [
     [
      14.374897,
      46.236355
     ],
     [
      14.374557,
      46.235998
     ],
     [
      14.374169,
      46.235584
     ],
     [
      14.37403,
      46.235425
     ],
     [
      14.373807,
      46.235197
     ],
     [
      14.373155,
      46.234532
     ],
     [
      14.372893,
      46.234271
     ],
     [
      14.372174,
      46.233614
     ],
     [
      14.371661,
      46.233179
     ],
     [
      14.371212,
      46.232822
     ],
     [
      14.37064,
      46.232401
     ],
     [
      14.370175,
      46.232099
     ],
     [
      14.369438,
      46.231623
     ],
     [
      14.369296,
      46.231531
     ],
     [
      14.369177,
      46.231483
     ],
     [
      14.368803,
      46.231268
     ],
     [
      14.368519,
      46.231108
     ],
     [
      14.368292,
      46.230978
     ],
     [
      14.367837,
      46.230734
     ],
     [
      14.367433,
      46.230537
     ],
     [
      14.367218,
      46.230446
     ],
     [
      14.367313,
      46.23038
     ],
     [
      14.367365,
      46.230269
     ]
    ]
   }
  },
  {
   "type": "Feature",
   "properties": {
    "kind": "closure",
    "name": "Ženske elite: km 32–33 (Kranj)",
    "note": "Kratkotrajna zapora ob prehodu kolesarjev (policija, do ~30 min). Čas iz uradne časovnice.",
    "start": "2026-10-03T14:19",
    "end": "2026-10-03T14:53",
    "length_m": 984
   },
   "geometry": {
    "type": "LineString",
    "coordinates": [
     [
      14.367775,
      46.230019
     ],
     [
      14.367931,
      46.22996
     ],
     [
      14.368117,
      46.229881
     ],
     [
      14.36822,
      46.229837
     ],
     [
      14.368472,
      46.229726
     ],
     [
      14.368779,
      46.229574
     ],
     [
      14.368922,
      46.229491
     ],
     [
      14.369088,
      46.229373
     ],
     [
      14.369207,
      46.229288
     ],
     [
      14.369221,
      46.229276
     ],
     [
      14.369395,
      46.22914
     ],
     [
      14.36956,
      46.228977
     ],
     [
      14.370001,
      46.228444
     ],
     [
      14.370206,
      46.228218
     ],
     [
      14.370523,
      46.227937
     ],
     [
      14.370602,
      46.227871
     ],
     [
      14.370742,
      46.227777
     ],
     [
      14.370958,
      46.227668
     ],
     [
      14.371175,
      46.227572
     ],
     [
      14.371375,
      46.227484
     ],
     [
      14.371785,
      46.227339
     ],
     [
      14.371838,
      46.227321
     ],
     [
      14.372312,
      46.22716
     ],
     [
      14.372575,
      46.227064
     ],
     [
      14.372984,
      46.226899
     ],
     [
      14.373408,
      46.226707
     ],
     [
      14.374268,
      46.226246
     ],
     [
      14.37491,
      46.22588
     ],
     [
      14.375296,
      46.225661
     ],
     [
      14.375754,
      46.225415
     ],
     [
      14.375846,
      46.225367
     ],
     [
      14.376373,
      46.225071
     ],
     [
      14.376611,
      46.224947
     ],
     [
      14.376912,
      46.224778
     ],
     [
      14.376985,
      46.224736
     ],
     [
      14.377503,
      46.224422
     ]
    ]
   }
  },
  {
   "type": "Feature",
   "properties": {
    "kind": "closure",
    "name": "Ženske elite: km 33–34 (Kranj)",
    "note": "Kratkotrajna zapora ob prehodu kolesarjev (policija, do ~30 min). Čas iz uradne časovnice.",
    "start": "2026-10-03T14:20",
    "end": "2026-10-03T14:55",
    "length_m": 916
   },
   "geometry": {
    "type": "LineString",
    "coordinates": [
     [
      14.378292,
      46.223928
     ],
     [
      14.378761,
      46.223605
     ],
     [
      14.37909,
      46.223378
     ],
     [
      14.379882,
      46.222836
     ],
     [
      14.380377,
      46.222511
     ],
     [
      14.38055,
      46.222405
     ],
     [
      14.38087,
      46.222227
     ],
     [
      14.380943,
      46.222187
     ],
     [
      14.381436,
      46.221911
     ],
     [
      14.381662,
      46.221771
     ],
     [
      14.381885,
      46.221605
     ],
     [
      14.382057,
      46.22146
     ],
     [
      14.382313,
      46.221225
     ],
     [
      14.38234,
      46.221201
     ],
     [
      14.382623,
      46.220919
     ],
     [
      14.382925,
      46.220627
     ],
     [
      14.383285,
      46.220276
     ],
     [
      14.383355,
      46.220207
     ],
     [
      14.383589,
      46.219982
     ],
     [
      14.384623,
      46.21898
     ],
     [
      14.384872,
      46.218749
     ],
     [
      14.385144,
      46.218494
     ],
     [
      14.385229,
      46.218423
     ],
     [
      14.385363,
      46.218325
     ],
     [
      14.38555,
      46.218221
     ],
     [
      14.385588,
      46.218207
     ],
     [
      14.385728,
      46.218165
     ],
     [
      14.385953,
      46.218099
     ],
     [
      14.386133,
      46.218016
     ],
     [
      14.386214,
      46.217965
     ],
     [
      14.38629,
      46.217898
     ]
    ]
   }
  },
  {
   "type": "Feature",
   "properties": {
    "kind": "closure",
    "name": "Ženske elite: km 34–35 (Kranj)",
    "note": "Kratkotrajna zapora ob prehodu kolesarjev (policija, do ~30 min). Čas iz uradne časovnice.",
    "start": "2026-10-03T14:21",
    "end": "2026-10-03T14:57",
    "length_m": 983
   },
   "geometry": {
    "type": "LineString",
    "coordinates": [
     [
      14.386364,
      46.217816
     ],
     [
      14.386442,
      46.217724
     ],
     [
      14.386493,
      46.217646
     ],
     [
      14.386534,
      46.217564
     ],
     [
      14.386579,
      46.217391
     ],
     [
      14.386602,
      46.217299
     ],
     [
      14.386692,
      46.21704
     ],
     [
      14.386832,
      46.21677
     ],
     [
      14.386926,
      46.216649
     ],
     [
      14.387223,
      46.216266
     ],
     [
      14.387455,
      46.21595
     ],
     [
      14.387556,
      46.21578
     ],
     [
      14.38761,
      46.215617
     ],
     [
      14.387614,
      46.215603
     ],
     [
      14.387615,
      46.215598
     ],
     [
      14.387664,
      46.215419
     ],
     [
      14.387754,
      46.215152
     ],
     [
      14.387765,
      46.215121
     ],
     [
      14.387849,
      46.21498
     ],
     [
      14.387964,
      46.214853
     ],
     [
      14.388092,
      46.214761
     ],
     [
      14.388218,
      46.214708
     ],
     [
      14.38836,
      46.214668
     ],
     [
      14.388573,
      46.214638
     ],
     [
      14.389073,
      46.21463
     ],
     [
      14.38927,
      46.214616
     ],
     [
      14.389486,
      46.21458
     ],
     [
      14.389767,
      46.214524
     ],
     [
      14.389848,
      46.214511
     ],
     [
      14.390117,
      46.214477
     ],
     [
      14.390625,
      46.214453
     ],
     [
      14.390902,
      46.214441
     ],
     [
      14.391286,
      46.214385
     ],
     [
      14.391619,
      46.214307
     ],
     [
      14.392097,
      46.214156
     ],
     [
      14.392411,
      46.214006
     ],
     [
      14.392584,
      46.213915
     ],
     [
      14.392673,
      46.213855
     ],
     [
      14.393213,
      46.213505
     ],
     [
      14.393443,
      46.213384
     ],
     [
      14.393791,
      46.213231
     ],
     [
      14.394279,
      46.213033
     ],
     [
      14.394798,
      46.21274
     ],
     [
      14.394951,
      46.212654
     ],
     [
      14.39518,
      46.212554
     ]
    ]
   }
  },
  {
   "type": "Feature",
   "properties": {
    "kind": "closure",
    "name": "Ženske elite: km 35–36 (Kranj)",
    "note": "Kratkotrajna zapora ob prehodu kolesarjev (policija, do ~30 min). Čas iz uradne časovnice.",
    "start": "2026-10-03T14:23",
    "end": "2026-10-03T14:58",
    "length_m": 944
   },
   "geometry": {
    "type": "LineString",
    "coordinates": [
     [
      14.395688,
      46.212386
     ],
     [
      14.396091,
      46.212267
     ],
     [
      14.396275,
      46.212201
     ],
     [
      14.396384,
      46.212151
     ],
     [
      14.396481,
      46.212098
     ],
     [
      14.396572,
      46.212029
     ],
     [
      14.396797,
      46.211818
     ],
     [
      14.397139,
      46.211593
     ],
     [
      14.397444,
      46.211375
     ],
     [
      14.397795,
      46.211103
     ],
     [
      14.397964,
      46.210937
     ],
     [
      14.39801,
      46.210891
     ],
     [
      14.398106,
      46.210788
     ],
     [
      14.398291,
      46.210568
     ],
     [
      14.398637,
      46.210102
     ],
     [
      14.39879,
      46.209872
     ],
     [
      14.398827,
      46.209813
     ],
     [
      14.399014,
      46.209577
     ],
     [
      14.399117,
      46.20947
     ],
     [
      14.399188,
      46.209391
     ],
     [
      14.399379,
      46.209176
     ],
     [
      14.399472,
      46.209059
     ],
     [
      14.399537,
      46.208961
     ],
     [
      14.399622,
      46.208828
     ],
     [
      14.399954,
      46.208161
     ],
     [
      14.400078,
      46.207949
     ],
     [
      14.400108,
      46.207903
     ],
     [
      14.400505,
      46.207312
     ],
     [
      14.401475,
      46.205931
     ],
     [
      14.401948,
      46.205234
     ]
    ]
   }
  },
  {
   "type": "Feature",
   "properties": {
    "kind": "closure",
    "name": "Ženske elite: km 36–37 (Kranj)",
    "note": "Kratkotrajna zapora ob prehodu kolesarjev (policija, do ~30 min). Čas iz uradne časovnice.",
    "start": "2026-10-03T14:24",
    "end": "2026-10-03T15:00",
    "length_m": 979
   },
   "geometry": {
    "type": "LineString",
    "coordinates": [
     [
      14.402201,
      46.204918
     ],
     [
      14.402388,
      46.204705
     ],
     [
      14.402591,
      46.204494
     ],
     [
      14.403347,
      46.20374
     ],
     [
      14.403509,
      46.203612
     ],
     [
      14.403675,
      46.203506
     ],
     [
      14.403795,
      46.203433
     ],
     [
      14.403923,
      46.203366
     ],
     [
      14.404102,
      46.203284
     ],
     [
      14.404707,
      46.203039
     ],
     [
      14.404901,
      46.202944
     ],
     [
      14.405062,
      46.202838
     ],
     [
      14.405328,
      46.20263
     ],
     [
      14.405527,
      46.202487
     ],
     [
      14.405903,
      46.202272
     ],
     [
      14.406171,
      46.202099
     ],
     [
      14.406957,
      46.201555
     ],
     [
      14.406979,
      46.201538
     ],
     [
      14.407257,
      46.201305
     ],
     [
      14.407669,
      46.200894
     ],
     [
      14.407786,
      46.20076
     ],
     [
      14.407889,
      46.200628
     ],
     [
      14.407959,
      46.200475
     ],
     [
      14.408049,
      46.200137
     ],
     [
      14.408062,
      46.200086
     ],
     [
      14.408076,
      46.200034
     ],
     [
      14.408144,
      46.19976
     ],
     [
      14.408158,
      46.199686
     ],
     [
      14.408195,
      46.199506
     ],
     [
      14.40827,
      46.199263
     ],
     [
      14.408301,
      46.199185
     ],
     [
      14.40837,
      46.199076
     ],
     [
      14.408413,
      46.199008
     ],
     [
      14.408532,
      46.19889
     ],
     [
      14.408975,
      46.198497
     ],
     [
      14.409238,
      46.198265
     ],
     [
      14.409273,
      46.198236
     ],
     [
      14.409395,
      46.198084
     ],
     [
      14.409479,
      46.197964
     ]
    ]
   }
  },
  {
   "type": "Feature",
   "properties": {
    "kind": "closure",
    "name": "Ženske elite: km 37–38 (Kranj)",
    "note": "Kratkotrajna zapora ob prehodu kolesarjev (policija, do ~30 min). Čas iz uradne časovnice.",
    "start": "2026-10-03T14:26",
    "end": "2026-10-03T15:02",
    "length_m": 850
   },
   "geometry": {
    "type": "LineString",
    "coordinates": [
     [
      14.40983,
      46.197464
     ],
     [
      14.409888,
      46.19738
     ],
     [
      14.410166,
      46.196973
     ],
     [
      14.410277,
      46.196757
     ],
     [
      14.410328,
      46.196607
     ],
     [
      14.410365,
      46.196495
     ],
     [
      14.4104,
      46.196423
     ],
     [
      14.410438,
      46.196366
     ],
     [
      14.410668,
      46.195997
     ],
     [
      14.41077,
      46.195834
     ],
     [
      14.410944,
      46.195558
     ],
     [
      14.410986,
      46.195492
     ],
     [
      14.41106,
      46.195377
     ],
     [
      14.411182,
      46.195189
     ],
     [
      14.411236,
      46.195089
     ],
     [
      14.411334,
      46.194875
     ],
     [
      14.411414,
      46.194668
     ],
     [
      14.41143,
      46.194621
     ],
     [
      14.411488,
      46.194483
     ],
     [
      14.411713,
      46.194181
     ],
     [
      14.412006,
      46.19384
     ],
     [
      14.412247,
      46.19359
     ],
     [
      14.412657,
      46.193236
     ],
     [
      14.41304,
      46.192884
     ],
     [
      14.413307,
      46.192564
     ],
     [
      14.413385,
      46.192447
     ],
     [
      14.413523,
      46.192185
     ],
     [
      14.413789,
      46.191556
     ],
     [
      14.413962,
      46.191153
     ],
     [
      14.414073,
      46.190948
     ],
     [
      14.41425,
      46.190672
     ],
     [
      14.41435,
      46.190517
     ]
    ]
   }
  },
  {
   "type": "Feature",
   "properties": {
    "kind": "closure",
    "name": "Ženske elite: km 38–39 (Kranj)",
    "note": "Kratkotrajna zapora ob prehodu kolesarjev (policija, do ~30 min). Čas iz uradne časovnice.",
    "start": "2026-10-03T14:27",
    "end": "2026-10-03T15:03",
    "length_m": 912
   },
   "geometry": {
    "type": "LineString",
    "coordinates": [
     [
      14.41508,
      46.18953
     ],
     [
      14.415318,
      46.189161
     ],
     [
      14.415512,
      46.188783
     ],
     [
      14.415805,
      46.188161
     ],
     [
      14.415831,
      46.188112
     ],
     [
      14.416824,
      46.186459
     ],
     [
      14.417253,
      46.185726
     ],
     [
      14.417458,
      46.185343
     ],
     [
      14.417611,
      46.185054
     ],
     [
      14.417879,
      46.184552
     ],
     [
      14.41828,
      46.183734
     ],
     [
      14.418659,
      46.182941
     ],
     [
      14.41876,
      46.182686
     ],
     [
      14.418862,
      46.182321
     ],
     [
      14.4189,
      46.182087
     ],
     [
      14.418928,
      46.181762
     ]
    ]
   }
  },
  {
   "type": "Feature",
   "properties": {
    "kind": "closure",
    "name": "Ženske elite: km 39–40 (Kranj)",
    "note": "Kratkotrajna zapora ob prehodu kolesarjev (policija, do ~30 min). Čas iz uradne časovnice.",
    "start": "2026-10-03T14:29",
    "end": "2026-10-03T15:05",
    "length_m": 895
   },
   "geometry": {
    "type": "LineString",
    "coordinates": [
     [
      14.418957,
      46.180441
     ],
     [
      14.419006,
      46.180039
     ],
     [
      14.419053,
      46.179873
     ],
     [
      14.419169,
      46.179696
     ],
     [
      14.419361,
      46.179491
     ],
     [
      14.419455,
      46.179425
     ],
     [
      14.419689,
      46.179312
     ],
     [
      14.419951,
      46.179217
     ],
     [
      14.420275,
      46.179145
     ],
     [
      14.421479,
      46.178939
     ],
     [
      14.421751,
      46.178873
     ],
     [
      14.421998,
      46.1788
     ],
     [
      14.422257,
      46.178703
     ],
     [
      14.422572,
      46.178559
     ],
     [
      14.422836,
      46.178419
     ],
     [
      14.423097,
      46.17825
     ],
     [
      14.423415,
      46.178007
     ],
     [
      14.42366,
      46.177795
     ],
     [
      14.424014,
      46.17749
     ],
     [
      14.424937,
      46.176718
     ],
     [
      14.425436,
      46.176278
     ],
     [
      14.425797,
      46.175977
     ],
     [
      14.426238,
      46.175613
     ],
     [
      14.426444,
      46.175465
     ],
     [
      14.426668,
      46.17533
     ],
     [
      14.427019,
      46.175147
     ]
    ]
   }
  },
  {
   "type": "Feature",
   "properties": {
    "kind": "closure",
    "name": "Ženske elite: km 40–41 (Kranj)",
    "note": "Kratkotrajna zapora ob prehodu kolesarjev (policija, do ~30 min). Čas iz uradne časovnice.",
    "start": "2026-10-03T14:30",
    "end": "2026-10-03T15:07",
    "length_m": 957
   },
   "geometry": {
    "type": "LineString",
    "coordinates": [
     [
      14.427514,
      46.17493
     ],
     [
      14.428137,
      46.174681
     ],
     [
      14.428492,
      46.174514
     ],
     [
      14.428825,
      46.174314
     ],
     [
      14.429136,
      46.174087
     ],
     [
      14.429312,
      46.173929
     ],
     [
      14.429712,
      46.173479
     ],
     [
      14.430074,
      46.173051
     ],
     [
      14.43044,
      46.172669
     ],
     [
      14.430696,
      46.172416
     ],
     [
      14.430842,
      46.172292
     ],
     [
      14.431191,
      46.171886
     ],
     [
      14.431558,
      46.171481
     ],
     [
      14.431736,
      46.171267
     ],
     [
      14.431846,
      46.171159
     ],
     [
      14.432011,
      46.171076
     ],
     [
      14.432137,
      46.171039
     ],
     [
      14.432433,
      46.170972
     ],
     [
      14.432619,
      46.170908
     ],
     [
      14.432708,
      46.170863
     ],
     [
      14.432773,
      46.170819
     ],
     [
      14.43359,
      46.169714
     ],
     [
      14.433651,
      46.169603
     ],
     [
      14.433708,
      46.169462
     ],
     [
      14.433725,
      46.169253
     ],
     [
      14.433704,
      46.168974
     ],
     [
      14.433705,
      46.168848
     ],
     [
      14.433705,
      46.16882
     ],
     [
      14.433706,
      46.168724
     ],
     [
      14.433835,
      46.168694
     ],
     [
      14.433871,
      46.168673
     ],
     [
      14.433966,
      46.168615
     ],
     [
      14.434165,
      46.168433
     ],
     [
      14.434365,
      46.168251
     ],
     [
      14.434443,
      46.16818
     ]
    ]
   }
  },
  {
   "type": "Feature",
   "properties": {
    "kind": "closure",
    "name": "Ženske elite: km 41–42 (Valburga)",
    "note": "Kratkotrajna zapora ob prehodu kolesarjev (policija, do ~30 min). Čas iz uradne časovnice.",
    "start": "2026-10-03T14:32",
    "end": "2026-10-03T15:08",
    "length_m": 973
   },
   "geometry": {
    "type": "LineString",
    "coordinates": [
     [
      14.434637,
      46.168025
     ],
     [
      14.434801,
      46.167928
     ],
     [
      14.435077,
      46.167823
     ],
     [
      14.435371,
      46.167741
     ],
     [
      14.435576,
      46.167692
     ],
     [
      14.435738,
      46.167687
     ],
     [
      14.435845,
      46.167704
     ],
     [
      14.435919,
      46.167725
     ],
     [
      14.436006,
      46.167768
     ],
     [
      14.436072,
      46.167811
     ],
     [
      14.436229,
      46.167948
     ],
     [
      14.436372,
      46.168091
     ],
     [
      14.436439,
      46.168149
     ],
     [
      14.436515,
      46.168213
     ],
     [
      14.436733,
      46.168353
     ],
     [
      14.437115,
      46.168525
     ],
     [
      14.437278,
      46.168592
     ],
     [
      14.437584,
      46.168711
     ],
     [
      14.437773,
      46.168785
     ],
     [
      14.438182,
      46.168965
     ],
     [
      14.438569,
      46.16913
     ],
     [
      14.43878,
      46.169219
     ],
     [
      14.439013,
      46.169343
     ],
     [
      14.439136,
      46.169424
     ],
     [
      14.439391,
      46.169591
     ],
     [
      14.439617,
      46.169716
     ],
     [
      14.440298,
      46.169969
     ],
     [
      14.441174,
      46.170288
     ],
     [
      14.441819,
      46.170561
     ],
     [
      14.442209,
      46.170767
     ],
     [
      14.442423,
      46.170881
     ],
     [
      14.442794,
      46.170992
     ],
     [
      14.443187,
      46.171058
     ],
     [
      14.44342,
      46.171123
     ],
     [
      14.443783,
      46.17128
     ],
     [
      14.443947,
      46.171367
     ],
     [
      14.444223,
      46.171557
     ],
     [
      14.444669,
      46.171899
     ],
     [
      14.444735,
      46.171949
     ],
     [
      14.444981,
      46.172144
     ]
    ]
   }
  },
  {
   "type": "Feature",
   "properties": {
    "kind": "closure",
    "name": "Ženske elite: km 42–43 (Valburga)",
    "note": "Kratkotrajna zapora ob prehodu kolesarjev (policija, do ~30 min). Čas iz uradne časovnice.",
    "start": "2026-10-03T14:33",
    "end": "2026-10-03T15:10",
    "length_m": 970
   },
   "geometry": {
    "type": "LineString",
    "coordinates": [
     [
      14.445238,
      46.172353
     ],
     [
      14.445746,
      46.172838
     ],
     [
      14.445928,
      46.172999
     ],
     [
      14.446161,
      46.173192
     ],
     [
      14.446483,
      46.173392
     ],
     [
      14.446667,
      46.173496
     ],
     [
      14.446979,
      46.173682
     ],
     [
      14.447139,
      46.173794
     ],
     [
      14.447263,
      46.173908
     ],
     [
      14.447372,
      46.174041
     ],
     [
      14.447496,
      46.174218
     ],
     [
      14.447639,
      46.174405
     ],
     [
      14.447867,
      46.174659
     ],
     [
      14.447907,
      46.174698
     ],
     [
      14.448022,
      46.174812
     ],
     [
      14.448189,
      46.174925
     ],
     [
      14.448319,
      46.174994
     ],
     [
      14.44847,
      46.175059
     ],
     [
      14.44877,
      46.175139
     ],
     [
      14.449153,
      46.175176
     ],
     [
      14.449261,
      46.175177
     ],
     [
      14.449553,
      46.175181
     ],
     [
      14.449918,
      46.175161
     ],
     [
      14.450321,
      46.17512
     ],
     [
      14.450771,
      46.175089
     ],
     [
      14.451054,
      46.175084
     ],
     [
      14.451568,
      46.175089
     ],
     [
      14.452013,
      46.175075
     ],
     [
      14.452573,
      46.175058
     ],
     [
      14.452866,
      46.175085
     ],
     [
      14.453168,
      46.175152
     ],
     [
      14.453354,
      46.175214
     ],
     [
      14.453472,
      46.175265
     ],
     [
      14.45363,
      46.175344
     ],
     [
      14.453891,
      46.175517
     ],
     [
      14.454214,
      46.175719
     ],
     [
      14.454401,
      46.175816
     ],
     [
      14.454515,
      46.175867
     ],
     [
      14.455386,
      46.176249
     ]
    ]
   }
  },
  {
   "type": "Feature",
   "properties": {
    "kind": "closure",
    "name": "Ženske elite: km 43–44 (Valburga)",
    "note": "Kratkotrajna zapora ob prehodu kolesarjev (policija, do ~30 min). Čas iz uradne časovnice.",
    "start": "2026-10-03T14:34",
    "end": "2026-10-03T15:11",
    "length_m": 982
   },
   "geometry": {
    "type": "LineString",
    "coordinates": [
     [
      14.455747,
      46.176391
     ],
     [
      14.456186,
      46.176525
     ],
     [
      14.456891,
      46.1767
     ],
     [
      14.457378,
      46.176837
     ],
     [
      14.457542,
      46.176892
     ],
     [
      14.457694,
      46.176961
     ],
     [
      14.458076,
      46.177168
     ],
     [
      14.459151,
      46.177835
     ],
     [
      14.459555,
      46.178034
     ],
     [
      14.45972,
      46.178107
     ],
     [
      14.460268,
      46.178316
     ],
     [
      14.460699,
      46.1785
     ],
     [
      14.460958,
      46.178631
     ],
     [
      14.461125,
      46.178704
     ],
     [
      14.461264,
      46.17875
     ],
     [
      14.461449,
      46.178802
     ],
     [
      14.461881,
      46.178896
     ],
     [
      14.462472,
      46.179015
     ],
     [
      14.463295,
      46.179162
     ],
     [
      14.463522,
      46.179199
     ],
     [
      14.463765,
      46.179234
     ],
     [
      14.464186,
      46.179262
     ],
     [
      14.46456,
      46.179284
     ],
     [
      14.464972,
      46.179326
     ],
     [
      14.465163,
      46.179354
     ],
     [
      14.465596,
      46.179447
     ],
     [
      14.465967,
      46.179531
     ],
     [
      14.466241,
      46.179585
     ],
     [
      14.466611,
      46.179641
     ],
     [
      14.466891,
      46.179654
     ],
     [
      14.467088,
      46.17965
     ],
     [
      14.467305,
      46.179637
     ]
    ]
   }
  },
  {
   "type": "Feature",
   "properties": {
    "kind": "closure",
    "name": "Ženske elite: km 44–45 (Valburga)",
    "note": "Kratkotrajna zapora ob prehodu kolesarjev (policija, do ~30 min). Čas iz uradne časovnice.",
    "start": "2026-10-03T14:36",
    "end": "2026-10-03T15:13",
    "length_m": 953
   },
   "geometry": {
    "type": "LineString",
    "coordinates": [
     [
      14.467434,
      46.179629
     ],
     [
      14.467568,
      46.179621
     ],
     [
      14.467706,
      46.179622
     ],
     [
      14.467855,
      46.179632
     ],
     [
      14.468023,
      46.179674
     ],
     [
      14.468121,
      46.179716
     ],
     [
      14.468186,
      46.179744
     ],
     [
      14.468326,
      46.179822
     ],
     [
      14.468464,
      46.17992
     ],
     [
      14.468591,
      46.180041
     ],
     [
      14.468673,
      46.180095
     ],
     [
      14.468756,
      46.180142
     ],
     [
      14.468926,
      46.180212
     ],
     [
      14.469065,
      46.180256
     ],
     [
      14.469165,
      46.18028
     ],
     [
      14.469422,
      46.180337
     ],
     [
      14.47028,
      46.180481
     ],
     [
      14.470722,
      46.180548
     ],
     [
      14.470918,
      46.180562
     ],
     [
      14.471148,
      46.180582
     ],
     [
      14.471232,
      46.18059
     ],
     [
      14.47133,
      46.180599
     ],
     [
      14.471582,
      46.180622
     ],
     [
      14.472198,
      46.1807
     ],
     [
      14.473506,
      46.180904
     ],
     [
      14.474131,
      46.181042
     ],
     [
      14.474535,
      46.181162
     ],
     [
      14.474939,
      46.181305
     ],
     [
      14.476358,
      46.181809
     ],
     [
      14.476679,
      46.181923
     ],
     [
      14.477821,
      46.18233
     ],
     [
      14.478784,
      46.182686
     ]
    ]
   }
  },
  {
   "type": "Feature",
   "properties": {
    "kind": "closure",
    "name": "Ženske elite: km 45–46 (Valburga)",
    "note": "Kratkotrajna zapora ob prehodu kolesarjev (policija, do ~30 min). Čas iz uradne časovnice.",
    "start": "2026-10-03T14:37",
    "end": "2026-10-03T15:15",
    "length_m": 939
   },
   "geometry": {
    "type": "LineString",
    "coordinates": [
     [
      14.4795,
      46.182976
     ],
     [
      14.480313,
      46.183321
     ],
     [
      14.481598,
      46.183903
     ],
     [
      14.482201,
      46.184144
     ],
     [
      14.482516,
      46.184244
     ],
     [
      14.482618,
      46.184274
     ],
     [
      14.482872,
      46.18435
     ],
     [
      14.483211,
      46.18444
     ],
     [
      14.483352,
      46.184472
     ],
     [
      14.483811,
      46.184565
     ],
     [
      14.484258,
      46.184617
     ],
     [
      14.484672,
      46.184647
     ],
     [
      14.485071,
      46.184658
     ],
     [
      14.485527,
      46.184639
     ],
     [
      14.48573,
      46.184622
     ],
     [
      14.485897,
      46.1846
     ],
     [
      14.486193,
      46.184557
     ],
     [
      14.486589,
      46.184481
     ],
     [
      14.487014,
      46.184365
     ],
     [
      14.487558,
      46.184179
     ],
     [
      14.487892,
      46.18405
     ],
     [
      14.488803,
      46.1837
     ],
     [
      14.489109,
      46.183597
     ],
     [
      14.489402,
      46.183512
     ],
     [
      14.489558,
      46.183473
     ],
     [
      14.489776,
      46.183411
     ],
     [
      14.49066,
      46.183205
     ]
    ]
   }
  },
  {
   "type": "Feature",
   "properties": {
    "kind": "closure",
    "name": "Ženske elite: km 46–47 (Valburga)",
    "note": "Kratkotrajna zapora ob prehodu kolesarjev (policija, do ~30 min). Čas iz uradne časovnice.",
    "start": "2026-10-03T14:39",
    "end": "2026-10-03T15:16",
    "length_m": 974
   },
   "geometry": {
    "type": "LineString",
    "coordinates": [
     [
      14.491296,
      46.183104
     ],
     [
      14.491933,
      46.183033
     ],
     [
      14.492543,
      46.183001
     ],
     [
      14.493165,
      46.182999
     ],
     [
      14.494092,
      46.183059
     ],
     [
      14.494789,
      46.183161
     ],
     [
      14.495169,
      46.183237
     ],
     [
      14.495402,
      46.183284
     ],
     [
      14.496301,
      46.183519
     ],
     [
      14.496832,
      46.183704
     ],
     [
      14.496985,
      46.183758
     ],
     [
      14.497303,
      46.183349
     ],
     [
      14.497434,
      46.183216
     ],
     [
      14.497543,
      46.183117
     ],
     [
      14.497657,
      46.183031
     ],
     [
      14.49781,
      46.182939
     ],
     [
      14.498023,
      46.182848
     ],
     [
      14.49826,
      46.182781
     ],
     [
      14.498512,
      46.18275
     ],
     [
      14.498769,
      46.182729
     ],
     [
      14.499074,
      46.182686
     ],
     [
      14.499309,
      46.182632
     ],
     [
      14.49952,
      46.182571
     ],
     [
      14.499748,
      46.182491
     ],
     [
      14.500189,
      46.182324
     ],
     [
      14.500592,
      46.182169
     ],
     [
      14.501057,
      46.182002
     ],
     [
      14.501305,
      46.181912
     ],
     [
      14.501499,
      46.18183
     ],
     [
      14.501721,
      46.18171
     ],
     [
      14.501901,
      46.181589
     ],
     [
      14.502042,
      46.181469
     ],
     [
      14.502176,
      46.181329
     ],
     [
      14.502286,
      46.181169
     ]
    ]
   }
  },
  {
   "type": "Feature",
   "properties": {
    "kind": "closure",
    "name": "Ženske elite: km 47–48 (Vodice)",
    "note": "Kratkotrajna zapora ob prehodu kolesarjev (policija, do ~30 min). Čas iz uradne časovnice.",
    "start": "2026-10-03T14:40",
    "end": "2026-10-03T15:18",
    "length_m": 989
   },
   "geometry": {
    "type": "LineString",
    "coordinates": [
     [
      14.502389,
      46.180994
     ],
     [
      14.502938,
      46.179981
     ],
     [
      14.503162,
      46.179538
     ],
     [
      14.503249,
      46.179322
     ],
     [
      14.503465,
      46.178663
     ],
     [
      14.503581,
      46.178374
     ],
     [
      14.503707,
      46.178126
     ],
     [
      14.503851,
      46.177874
     ],
     [
      14.503957,
      46.177727
     ],
     [
      14.504122,
      46.177537
     ],
     [
      14.504284,
      46.177401
     ],
     [
      14.504578,
      46.177222
     ],
     [
      14.504802,
      46.177087
     ],
     [
      14.505157,
      46.176893
     ],
     [
      14.505676,
      46.176633
     ],
     [
      14.505865,
      46.176545
     ],
     [
      14.506029,
      46.176479
     ],
     [
      14.506233,
      46.176409
     ],
     [
      14.506463,
      46.176314
     ],
     [
      14.506545,
      46.176247
     ],
     [
      14.506642,
      46.176161
     ],
     [
      14.506746,
      46.176044
     ],
     [
      14.506769,
      46.176012
     ],
     [
      14.506802,
      46.17596
     ],
     [
      14.50685,
      46.175876
     ],
     [
      14.506866,
      46.175828
     ],
     [
      14.506891,
      46.175758
     ],
     [
      14.506913,
      46.175627
     ],
     [
      14.506915,
      46.175442
     ],
     [
      14.506915,
      46.175407
     ],
     [
      14.506915,
      46.175358
     ],
     [
      14.506914,
      46.17491
     ],
     [
      14.506926,
      46.174674
     ],
     [
      14.506977,
      46.174571
     ],
     [
      14.507068,
      46.17446
     ],
     [
      14.50748,
      46.174133
     ],
     [
      14.507804,
      46.173895
     ],
     [
      14.507977,
      46.173793
     ],
     [
      14.508176,
      46.173701
     ],
     [
      14.508243,
      46.173677
     ],
     [
      14.508391,
      46.173624
     ]
    ]
   }
  },
  {
   "type": "Feature",
   "properties": {
    "kind": "closure",
    "name": "Ženske elite: km 48–49 (Vodice)",
    "note": "Kratkotrajna zapora ob prehodu kolesarjev (policija, do ~30 min). Čas iz uradne časovnice.",
    "start": "2026-10-03T14:42",
    "end": "2026-10-03T15:20",
    "length_m": 978
   },
   "geometry": {
    "type": "LineString",
    "coordinates": [
     [
      14.508599,
      46.173549
     ],
     [
      14.508677,
      46.17352
     ],
     [
      14.508751,
      46.173479
     ],
     [
      14.508805,
      46.173438
     ],
     [
      14.508848,
      46.173363
     ],
     [
      14.508883,
      46.173218
     ],
     [
      14.508962,
      46.173019
     ],
     [
      14.508991,
      46.172968
     ],
     [
      14.509251,
      46.172516
     ],
     [
      14.509302,
      46.172406
     ],
     [
      14.509322,
      46.172362
     ],
     [
      14.509394,
      46.172178
     ],
     [
      14.509415,
      46.172132
     ],
     [
      14.509548,
      46.171855
     ],
     [
      14.509979,
      46.171091
     ],
     [
      14.510013,
      46.17103
     ],
     [
      14.510249,
      46.170598
     ],
     [
      14.510344,
      46.170444
     ],
     [
      14.510419,
      46.170341
     ],
     [
      14.510453,
      46.170301
     ],
     [
      14.510686,
      46.170059
     ],
     [
      14.510834,
      46.169937
     ],
     [
      14.511026,
      46.169807
     ],
     [
      14.511134,
      46.169743
     ],
     [
      14.511199,
      46.169704
     ],
     [
      14.511271,
      46.16967
     ],
     [
      14.511618,
      46.1695
     ],
     [
      14.511921,
      46.169315
     ],
     [
      14.512045,
      46.16926
     ],
     [
      14.512192,
      46.169214
     ],
     [
      14.512401,
      46.169165
     ],
     [
      14.512605,
      46.16913
     ],
     [
      14.512845,
      46.169097
     ],
     [
      14.513503,
      46.169063
     ],
     [
      14.513663,
      46.16905
     ],
     [
      14.513788,
      46.169028
     ],
     [
      14.513932,
      46.168996
     ],
     [
      14.514215,
      46.168917
     ],
     [
      14.514402,
      46.16887
     ],
     [
      14.514564,
      46.168845
     ],
     [
      14.514757,
      46.168835
     ],
     [
      14.514871,
      46.168831
     ],
     [
      14.514944,
      46.16883
     ],
     [
      14.515212,
      46.168827
     ],
     [
      14.515959,
      46.168834
     ],
     [
      14.517382,
      46.168873
     ]
    ]
   }
  },
  {
   "type": "Feature",
   "properties": {
    "kind": "closure",
    "name": "Ženske elite: km 49–50 (Vodice)",
    "note": "Kratkotrajna zapora ob prehodu kolesarjev (policija, do ~30 min). Čas iz uradne časovnice.",
    "start": "2026-10-03T14:43",
    "end": "2026-10-03T15:22",
    "length_m": 934
   },
   "geometry": {
    "type": "LineString",
    "coordinates": [
     [
      14.518055,
      46.168891
     ],
     [
      14.518381,
      46.168908
     ],
     [
      14.518697,
      46.168944
     ],
     [
      14.519063,
      46.169014
     ],
     [
      14.519153,
      46.169042
     ],
     [
      14.519824,
      46.169239
     ],
     [
      14.520102,
      46.169317
     ],
     [
      14.520883,
      46.169509
     ],
     [
      14.521164,
      46.169567
     ],
     [
      14.521431,
      46.169616
     ],
     [
      14.522143,
      46.16972
     ],
     [
      14.522283,
      46.169735
     ],
     [
      14.522679,
      46.169782
     ],
     [
      14.523123,
      46.169826
     ],
     [
      14.523559,
      46.169873
     ],
     [
      14.524852,
      46.169973
     ],
     [
      14.52509,
      46.170011
     ],
     [
      14.525346,
      46.170067
     ],
     [
      14.525585,
      46.170132
     ],
     [
      14.525785,
      46.170178
     ],
     [
      14.525837,
      46.170184
     ],
     [
      14.525922,
      46.170194
     ],
     [
      14.526051,
      46.170192
     ],
     [
      14.526391,
      46.170113
     ],
     [
      14.526525,
      46.170076
     ],
     [
      14.526639,
      46.170045
     ],
     [
      14.526953,
      46.169959
     ],
     [
      14.527945,
      46.169707
     ],
     [
      14.528281,
      46.169585
     ],
     [
      14.528967,
      46.169315
     ],
     [
      14.529221,
      46.169239
     ],
     [
      14.529604,
      46.169164
     ]
    ]
   }
  },
  {
   "type": "Feature",
   "properties": {
    "kind": "closure",
    "name": "Ženske elite: km 50–51 (Vodice)",
    "note": "Kratkotrajna zapora ob prehodu kolesarjev (policija, do ~30 min). Čas iz uradne časovnice.",
    "start": "2026-10-03T14:45",
    "end": "2026-10-03T15:23",
    "length_m": 913
   },
   "geometry": {
    "type": "LineString",
    "coordinates": [
     [
      14.530731,
      46.169012
     ],
     [
      14.531075,
      46.168949
     ],
     [
      14.531184,
      46.168928
     ],
     [
      14.531398,
      46.168883
     ],
     [
      14.531534,
      46.168857
     ],
     [
      14.531884,
      46.168787
     ],
     [
      14.53214,
      46.168749
     ],
     [
      14.53216,
      46.168746
     ],
     [
      14.53236,
      46.168722
     ],
     [
      14.533297,
      46.168634
     ],
     [
      14.535589,
      46.168353
     ],
     [
      14.535846,
      46.168335
     ],
     [
      14.536001,
      46.16833
     ],
     [
      14.536657,
      46.168359
     ],
     [
      14.537077,
      46.168359
     ],
     [
      14.537326,
      46.168353
     ],
     [
      14.537616,
      46.168343
     ],
     [
      14.538356,
      46.168292
     ],
     [
      14.538626,
      46.168296
     ],
     [
      14.539101,
      46.16834
     ],
     [
      14.539337,
      46.168355
     ],
     [
      14.539759,
      46.168369
     ],
     [
      14.539987,
      46.168365
     ],
     [
      14.540308,
      46.168326
     ],
     [
      14.540968,
      46.168182
     ],
     [
      14.541192,
      46.168127
     ],
     [
      14.541496,
      46.168073
     ],
     [
      14.541773,
      46.168074
     ],
     [
      14.542003,
      46.168093
     ],
     [
      14.542385,
      46.168176
     ]
    ]
   }
  },
  {
   "type": "Feature",
   "properties": {
    "kind": "closure",
    "name": "Ženske elite: km 51–52 (Vodice)",
    "note": "Kratkotrajna zapora ob prehodu kolesarjev (policija, do ~30 min). Čas iz uradne časovnice.",
    "start": "2026-10-03T14:46",
    "end": "2026-10-03T15:25",
    "length_m": 983
   },
   "geometry": {
    "type": "LineString",
    "coordinates": [
     [
      14.542723,
      46.16828
     ],
     [
      14.54303,
      46.168326
     ],
     [
      14.543405,
      46.168381
     ],
     [
      14.545092,
      46.168642
     ],
     [
      14.546794,
      46.168925
     ],
     [
      14.548563,
      46.169213
     ],
     [
      14.54862,
      46.169227
     ],
     [
      14.548791,
      46.169268
     ],
     [
      14.548948,
      46.169319
     ],
     [
      14.549142,
      46.169409
     ],
     [
      14.549449,
      46.16957
     ],
     [
      14.549903,
      46.169782
     ],
     [
      14.550223,
      46.169939
     ],
     [
      14.551005,
      46.170389
     ],
     [
      14.551532,
      46.170668
     ],
     [
      14.552053,
      46.170943
     ],
     [
      14.552349,
      46.171112
     ],
     [
      14.552599,
      46.171211
     ],
     [
      14.552878,
      46.171279
     ],
     [
      14.553084,
      46.171307
     ],
     [
      14.553263,
      46.171322
     ],
     [
      14.554195,
      46.171318
     ],
     [
      14.554368,
      46.171329
     ]
    ]
   }
  },
  {
   "type": "Feature",
   "properties": {
    "kind": "closure",
    "name": "Ženske elite: km 52–53 (Vodice)",
    "note": "Kratkotrajna zapora ob prehodu kolesarjev (policija, do ~30 min). Čas iz uradne časovnice.",
    "start": "2026-10-03T14:48",
    "end": "2026-10-03T15:27",
    "length_m": 932
   },
   "geometry": {
    "type": "LineString",
    "coordinates": [
     [
      14.555082,
      46.171379
     ],
     [
      14.555304,
      46.171377
     ],
     [
      14.555625,
      46.171359
     ],
     [
      14.55589,
      46.171329
     ],
     [
      14.556122,
      46.171335
     ],
     [
      14.556194,
      46.171344
     ],
     [
      14.556374,
      46.171369
     ],
     [
      14.556582,
      46.171416
     ],
     [
      14.556777,
      46.171465
     ],
     [
      14.556977,
      46.171528
     ],
     [
      14.557136,
      46.171585
     ],
     [
      14.557818,
      46.171898
     ],
     [
      14.558095,
      46.172012
     ],
     [
      14.558276,
      46.172072
     ],
     [
      14.558581,
      46.172135
     ],
     [
      14.558785,
      46.172143
     ],
     [
      14.559435,
      46.172086
     ],
     [
      14.561022,
      46.171967
     ],
     [
      14.561194,
      46.172001
     ],
     [
      14.56125,
      46.172042
     ],
     [
      14.561667,
      46.172567
     ],
     [
      14.561712,
      46.172633
     ],
     [
      14.562661,
      46.173667
     ],
     [
      14.562684,
      46.173693
     ],
     [
      14.562849,
      46.173873
     ],
     [
      14.562882,
      46.17391
     ],
     [
      14.563006,
      46.174052
     ],
     [
      14.563319,
      46.174383
     ],
     [
      14.563447,
      46.174506
     ],
     [
      14.563675,
      46.174669
     ],
     [
      14.563765,
      46.174691
     ],
     [
      14.563849,
      46.174689
     ],
     [
      14.563947,
      46.17467
     ],
     [
      14.564384,
      46.174452
     ],
     [
      14.564631,
      46.17435
     ]
    ]
   }
  },
  {
   "type": "Feature",
   "properties": {
    "kind": "closure",
    "name": "Ženske elite: km 53–54 (Vodice)",
    "note": "Kratkotrajna zapora ob prehodu kolesarjev (policija, do ~30 min). Čas iz uradne časovnice.",
    "start": "2026-10-03T14:49",
    "end": "2026-10-03T15:29",
    "length_m": 988
   },
   "geometry": {
    "type": "LineString",
    "coordinates": [
     [
      14.564918,
      46.174248
     ],
     [
      14.565125,
      46.174184
     ],
     [
      14.565703,
      46.17404
     ],
     [
      14.567091,
      46.173857
     ],
     [
      14.567471,
      46.173816
     ],
     [
      14.567705,
      46.173792
     ],
     [
      14.568506,
      46.173733
     ],
     [
      14.568713,
      46.173756
     ],
     [
      14.568801,
      46.173768
     ],
     [
      14.569172,
      46.173519
     ],
     [
      14.569357,
      46.173386
     ],
     [
      14.569514,
      46.17326
     ],
     [
      14.569747,
      46.173008
     ],
     [
      14.569922,
      46.172734
     ],
     [
      14.569997,
      46.172595
     ],
     [
      14.570119,
      46.172313
     ],
     [
      14.570261,
      46.172034
     ],
     [
      14.570387,
      46.171804
     ],
     [
      14.570607,
      46.171483
     ],
     [
      14.570714,
      46.171347
     ],
     [
      14.570976,
      46.171062
     ],
     [
      14.571316,
      46.170723
     ],
     [
      14.571554,
      46.170497
     ],
     [
      14.571707,
      46.170326
     ],
     [
      14.571829,
      46.170149
     ],
     [
      14.57197,
      46.169918
     ],
     [
      14.572298,
      46.169465
     ],
     [
      14.572526,
      46.169151
     ],
     [
      14.572633,
      46.169002
     ],
     [
      14.572745,
      46.168869
     ],
     [
      14.572886,
      46.168762
     ],
     [
      14.573078,
      46.168647
     ],
     [
      14.573143,
      46.168608
     ],
     [
      14.573239,
      46.168694
     ]
    ]
   }
  },
  {
   "type": "Feature",
   "properties": {
    "kind": "closure",
    "name": "Ženske elite: km 54–55 (Mengeš - Jama)",
    "note": "Kratkotrajna zapora ob prehodu kolesarjev (policija, do ~30 min). Čas iz uradne časovnice.",
    "start": "2026-10-03T14:51",
    "end": "2026-10-03T15:30",
    "length_m": 976
   },
   "geometry": {
    "type": "LineString",
    "coordinates": [
     [
      14.573353,
      46.168809
     ],
     [
      14.573512,
      46.168744
     ],
     [
      14.573642,
      46.168714
     ],
     [
      14.574397,
      46.168584
     ],
     [
      14.574657,
      46.168586
     ],
     [
      14.574921,
      46.168615
     ],
     [
      14.575562,
      46.1687
     ],
     [
      14.575784,
      46.16872
     ],
     [
      14.57593,
      46.168725
     ],
     [
      14.576505,
      46.168707
     ],
     [
      14.576865,
      46.168695
     ],
     [
      14.577146,
      46.16869
     ],
     [
      14.57727,
      46.168693
     ],
     [
      14.577334,
      46.168697
     ],
     [
      14.577627,
      46.168748
     ],
     [
      14.577687,
      46.168758
     ],
     [
      14.577826,
      46.168758
     ],
     [
      14.578068,
      46.168738
     ],
     [
      14.578594,
      46.168656
     ],
     [
      14.578943,
      46.168615
     ],
     [
      14.579079,
      46.168604
     ],
     [
      14.579289,
      46.168588
     ],
     [
      14.579712,
      46.168561
     ],
     [
      14.580039,
      46.168558
     ],
     [
      14.580321,
      46.16858
     ],
     [
      14.580668,
      46.168642
     ],
     [
      14.581029,
      46.168722
     ],
     [
      14.581151,
      46.168744
     ],
     [
      14.581233,
      46.168639
     ],
     [
      14.581363,
      46.168561
     ],
     [
      14.581526,
      46.168521
     ],
     [
      14.581682,
      46.168522
     ],
     [
      14.58183,
      46.168558
     ],
     [
      14.581953,
      46.168626
     ],
     [
      14.582036,
      46.168718
     ],
     [
      14.582178,
      46.168669
     ],
     [
      14.582788,
      46.168459
     ],
     [
      14.583111,
      46.168381
     ],
     [
      14.583393,
      46.168335
     ],
     [
      14.583807,
      46.168288
     ],
     [
      14.584658,
      46.168211
     ],
     [
      14.585477,
      46.168117
     ]
    ]
   }
  },
  {
   "type": "Feature",
   "properties": {
    "kind": "closure",
    "name": "Ženske elite: km 55–56 (Mengeš)",
    "note": "Kratkotrajna zapora ob prehodu kolesarjev (policija, do ~30 min). Čas iz uradne časovnice.",
    "start": "2026-10-03T14:52",
    "end": "2026-10-03T15:32",
    "length_m": 857
   },
   "geometry": {
    "type": "LineString",
    "coordinates": [
     [
      14.587396,
      46.167858
     ],
     [
      14.588174,
      46.167765
     ],
     [
      14.588708,
      46.167686
     ],
     [
      14.589018,
      46.167653
     ],
     [
      14.589272,
      46.167635
     ],
     [
      14.589647,
      46.167618
     ],
     [
      14.590424,
      46.167583
     ],
     [
      14.59168,
      46.167505
     ],
     [
      14.593159,
      46.167387
     ],
     [
      14.593695,
      46.167342
     ],
     [
      14.594032,
      46.167303
     ],
     [
      14.594546,
      46.167241
     ],
     [
      14.59485,
      46.167207
     ],
     [
      14.595183,
      46.167196
     ],
     [
      14.595364,
      46.167242
     ],
     [
      14.595513,
      46.167299
     ],
     [
      14.595643,
      46.167372
     ],
     [
      14.596058,
      46.16779
     ],
     [
      14.596155,
      46.167873
     ],
     [
      14.596331,
      46.167954
     ],
     [
      14.59683,
      46.168136
     ],
     [
      14.597215,
      46.168246
     ],
     [
      14.597378,
      46.168284
     ],
     [
      14.597626,
      46.168312
     ],
     [
      14.597862,
      46.168315
     ]
    ]
   }
  },
  {
   "type": "Feature",
   "properties": {
    "kind": "closure",
    "name": "Ženske elite: km 56–57 (Mengeš - Jarše)",
    "note": "Kratkotrajna zapora ob prehodu kolesarjev (policija, do ~30 min). Čas iz uradne časovnice.",
    "start": "2026-10-03T14:53",
    "end": "2026-10-03T15:33",
    "length_m": 982
   },
   "geometry": {
    "type": "LineString",
    "coordinates": [
     [
      14.598023,
      46.168303
     ],
     [
      14.59825,
      46.168287
     ],
     [
      14.598462,
      46.16827
     ],
     [
      14.598872,
      46.168289
     ],
     [
      14.599056,
      46.168326
     ],
     [
      14.599143,
      46.168348
     ],
     [
      14.599434,
      46.168448
     ],
     [
      14.599626,
      46.168517
     ],
     [
      14.59974,
      46.168562
     ],
     [
      14.600199,
      46.168747
     ],
     [
      14.600564,
      46.168877
     ],
     [
      14.601298,
      46.169091
     ],
     [
      14.601549,
      46.169183
     ],
     [
      14.601843,
      46.169323
     ],
     [
      14.602729,
      46.169823
     ],
     [
      14.604128,
      46.170597
     ],
     [
      14.604555,
      46.170835
     ],
     [
      14.604677,
      46.170903
     ],
     [
      14.606066,
      46.171669
     ],
     [
      14.606587,
      46.171956
     ],
     [
      14.606964,
      46.172165
     ],
     [
      14.607145,
      46.172256
     ],
     [
      14.607378,
      46.172347
     ],
     [
      14.607501,
      46.172384
     ],
     [
      14.607517,
      46.172388
     ],
     [
      14.608152,
      46.172552
     ],
     [
      14.60817,
      46.172556
     ],
     [
      14.608804,
      46.172723
     ]
    ]
   }
  },
  {
   "type": "Feature",
   "properties": {
    "kind": "closure",
    "name": "Ženske elite: km 57–58 (Mengeš - Jarše)",
    "note": "Kratkotrajna zapora ob prehodu kolesarjev (policija, do ~30 min). Čas iz uradne časovnice.",
    "start": "2026-10-03T14:54",
    "end": "2026-10-03T15:35",
    "length_m": 911
   },
   "geometry": {
    "type": "LineString",
    "coordinates": [
     [
      14.609439,
      46.172845
     ],
     [
      14.609658,
      46.172846
     ],
     [
      14.609757,
      46.172846
     ],
     [
      14.60982,
      46.172844
     ],
     [
      14.609855,
      46.172819
     ],
     [
      14.609898,
      46.1728
     ],
     [
      14.609945,
      46.172789
     ],
     [
      14.610014,
      46.17279
     ],
     [
      14.610052,
      46.172802
     ],
     [
      14.610088,
      46.172833
     ],
     [
      14.610092,
      46.172876
     ],
     [
      14.610076,
      46.172905
     ],
     [
      14.610029,
      46.172944
     ],
     [
      14.609962,
      46.172969
     ],
     [
      14.609892,
      46.172975
     ],
     [
      14.609846,
      46.17307
     ],
     [
      14.609751,
      46.173268
     ],
     [
      14.609679,
      46.173443
     ],
     [
      14.609655,
      46.173575
     ],
     [
      14.609655,
      46.173675
     ],
     [
      14.609686,
      46.173969
     ],
     [
      14.609753,
      46.174208
     ],
     [
      14.609821,
      46.174364
     ],
     [
      14.609937,
      46.174609
     ],
     [
      14.610176,
      46.17511
     ],
     [
      14.610219,
      46.175297
     ],
     [
      14.610253,
      46.17564
     ],
     [
      14.610258,
      46.176011
     ],
     [
      14.610262,
      46.1764
     ],
     [
      14.610223,
      46.176747
     ],
     [
      14.610152,
      46.177367
     ],
     [
      14.610109,
      46.177516
     ],
     [
      14.610052,
      46.177631
     ],
     [
      14.609751,
      46.178009
     ],
     [
      14.609684,
      46.178091
     ],
     [
      14.609569,
      46.178269
     ],
     [
      14.609461,
      46.17849
     ],
     [
      14.609385,
      46.178673
     ],
     [
      14.609298,
      46.178927
     ],
     [
      14.608955,
      46.18007
     ],
     [
      14.608908,
      46.18027
     ]
    ]
   }
  },
  {
   "type": "Feature",
   "properties": {
    "kind": "closure",
    "name": "Ženske elite: km 58–59 (Radomlje)",
    "note": "Kratkotrajna zapora ob prehodu kolesarjev (policija, do ~30 min). Čas iz uradne časovnice.",
    "start": "2026-10-03T14:56",
    "end": "2026-10-03T15:37",
    "length_m": 966
   },
   "geometry": {
    "type": "LineString",
    "coordinates": [
     [
      14.608859,
      46.180878
     ],
     [
      14.608777,
      46.181254
     ],
     [
      14.608713,
      46.181544
     ],
     [
      14.608674,
      46.1817
     ],
     [
      14.608657,
      46.181786
     ],
     [
      14.608536,
      46.182165
     ],
     [
      14.608464,
      46.182418
     ],
     [
      14.608339,
      46.182753
     ],
     [
      14.608236,
      46.182917
     ],
     [
      14.608186,
      46.182999
     ],
     [
      14.607997,
      46.18324
     ],
     [
      14.607841,
      46.18338
     ],
     [
      14.60765,
      46.183523
     ],
     [
      14.607411,
      46.183668
     ],
     [
      14.606694,
      46.184016
     ],
     [
      14.60639,
      46.184184
     ],
     [
      14.606194,
      46.184326
     ],
     [
      14.606071,
      46.184431
     ],
     [
      14.605871,
      46.184669
     ],
     [
      14.605801,
      46.18477
     ],
     [
      14.605661,
      46.185015
     ],
     [
      14.605594,
      46.185134
     ],
     [
      14.605485,
      46.185332
     ],
     [
      14.605407,
      46.185474
     ],
     [
      14.605287,
      46.185658
     ],
     [
      14.605005,
      46.186026
     ],
     [
      14.604906,
      46.186158
     ],
     [
      14.604847,
      46.186286
     ],
     [
      14.604786,
      46.18657
     ],
     [
      14.604747,
      46.187108
     ],
     [
      14.60472,
      46.187275
     ],
     [
      14.60471,
      46.187336
     ],
     [
      14.604656,
      46.187615
     ],
     [
      14.604566,
      46.187943
     ],
     [
      14.604493,
      46.188098
     ],
     [
      14.604397,
      46.188261
     ],
     [
      14.604204,
      46.188501
     ],
     [
      14.604114,
      46.188632
     ]
    ]
   }
  },
  {
   "type": "Feature",
   "properties": {
    "kind": "closure",
    "name": "Ženske elite: km 59–60 (Radomlje)",
    "note": "Kratkotrajna zapora ob prehodu kolesarjev (policija, do ~30 min). Čas iz uradne časovnice.",
    "start": "2026-10-03T14:57",
    "end": "2026-10-03T15:38",
    "length_m": 929
   },
   "geometry": {
    "type": "LineString",
    "coordinates": [
     [
      14.603941,
      46.188982
     ],
     [
      14.603759,
      46.189504
     ],
     [
      14.603679,
      46.189669
     ],
     [
      14.60357,
      46.189906
     ],
     [
      14.60342,
      46.190345
     ],
     [
      14.603362,
      46.190475
     ],
     [
      14.603315,
      46.190565
     ],
     [
      14.603247,
      46.190649
     ],
     [
      14.60309,
      46.1908
     ],
     [
      14.60298,
      46.190885
     ],
     [
      14.602887,
      46.190951
     ],
     [
      14.602765,
      46.19106
     ],
     [
      14.602659,
      46.191187
     ],
     [
      14.602595,
      46.191278
     ],
     [
      14.60252,
      46.191423
     ],
     [
      14.60231,
      46.191892
     ],
     [
      14.602124,
      46.192311
     ],
     [
      14.602048,
      46.192483
     ],
     [
      14.602002,
      46.192615
     ],
     [
      14.60195,
      46.192805
     ],
     [
      14.601931,
      46.192995
     ],
     [
      14.601855,
      46.193644
     ],
     [
      14.601824,
      46.193848
     ],
     [
      14.601747,
      46.194195
     ],
     [
      14.601684,
      46.194457
     ],
     [
      14.601641,
      46.194716
     ],
     [
      14.601593,
      46.195094
     ],
     [
      14.601522,
      46.195865
     ],
     [
      14.601499,
      46.196351
     ],
     [
      14.601481,
      46.196615
     ],
     [
      14.601442,
      46.196764
     ],
     [
      14.601381,
      46.196852
     ],
     [
      14.601218,
      46.197029
     ]
    ]
   }
  },
  {
   "type": "Feature",
   "properties": {
    "kind": "closure",
    "name": "Ženske elite: km 60–61 (Radomlje)",
    "note": "Kratkotrajna zapora ob prehodu kolesarjev (policija, do ~30 min). Čas iz uradne časovnice.",
    "start": "2026-10-03T14:59",
    "end": "2026-10-03T15:40",
    "length_m": 950
   },
   "geometry": {
    "type": "LineString",
    "coordinates": [
     [
      14.600618,
      46.197652
     ],
     [
      14.600534,
      46.197757
     ],
     [
      14.600481,
      46.197846
     ],
     [
      14.600464,
      46.197912
     ],
     [
      14.600469,
      46.197977
     ],
     [
      14.600632,
      46.198295
     ],
     [
      14.6008,
      46.198574
     ],
     [
      14.600916,
      46.198766
     ],
     [
      14.600948,
      46.19882
     ],
     [
      14.601063,
      46.199011
     ],
     [
      14.601227,
      46.199299
     ],
     [
      14.601282,
      46.199416
     ],
     [
      14.601295,
      46.199487
     ],
     [
      14.601275,
      46.199581
     ],
     [
      14.601206,
      46.199674
     ],
     [
      14.601141,
      46.19977
     ],
     [
      14.601021,
      46.199841
     ],
     [
      14.60084,
      46.199932
     ],
     [
      14.600829,
      46.199953
     ],
     [
      14.600848,
      46.200006
     ],
     [
      14.600962,
      46.200212
     ],
     [
      14.601053,
      46.200367
     ],
     [
      14.601359,
      46.200891
     ],
     [
      14.601463,
      46.201076
     ],
     [
      14.601641,
      46.201423
     ],
     [
      14.602138,
      46.202256
     ],
     [
      14.602462,
      46.202828
     ],
     [
      14.60305,
      46.203817
     ],
     [
      14.603575,
      46.204723
     ],
     [
      14.603921,
      46.205347
     ],
     [
      14.60404,
      46.205555
     ]
    ]
   }
  },
  {
   "type": "Feature",
   "properties": {
    "kind": "closure",
    "name": "Ženske elite: km 61–62 (Radomlje)",
    "note": "Kratkotrajna zapora ob prehodu kolesarjev (policija, do ~30 min). Čas iz uradne časovnice.",
    "start": "2026-10-03T15:00",
    "end": "2026-10-03T15:41",
    "length_m": 970
   },
   "geometry": {
    "type": "LineString",
    "coordinates": [
     [
      14.604239,
      46.205781
     ],
     [
      14.604335,
      46.205853
     ],
     [
      14.604366,
      46.205855
     ],
     [
      14.604414,
      46.20587
     ],
     [
      14.604466,
      46.205901
     ],
     [
      14.604491,
      46.205927
     ],
     [
      14.604506,
      46.205957
     ],
     [
      14.60451,
      46.206004
     ],
     [
      14.604493,
      46.206046
     ],
     [
      14.604453,
      46.206086
     ],
     [
      14.604468,
      46.206191
     ],
     [
      14.604602,
      46.206512
     ],
     [
      14.605079,
      46.207343
     ],
     [
      14.605297,
      46.207707
     ],
     [
      14.605511,
      46.207998
     ],
     [
      14.605671,
      46.208185
     ],
     [
      14.605722,
      46.208243
     ],
     [
      14.605931,
      46.208477
     ],
     [
      14.606184,
      46.208717
     ],
     [
      14.606561,
      46.209038
     ],
     [
      14.606897,
      46.209321
     ],
     [
      14.607281,
      46.209674
     ],
     [
      14.607669,
      46.210103
     ],
     [
      14.607806,
      46.210273
     ],
     [
      14.607982,
      46.210533
     ],
     [
      14.608139,
      46.210818
     ],
     [
      14.60825,
      46.211078
     ],
     [
      14.608409,
      46.211528
     ],
     [
      14.608442,
      46.211678
     ],
     [
      14.608497,
      46.212215
     ],
     [
      14.608486,
      46.213247
     ],
     [
      14.608482,
      46.213387
     ],
     [
      14.608471,
      46.213719
     ]
    ]
   }
  },
  {
   "type": "Feature",
   "properties": {
    "kind": "closure",
    "name": "Ženske elite: km 62–63 (Radomlje)",
    "note": "Kratkotrajna zapora ob prehodu kolesarjev (policija, do ~30 min). Čas iz uradne časovnice.",
    "start": "2026-10-03T15:02",
    "end": "2026-10-03T15:43",
    "length_m": 989
   },
   "geometry": {
    "type": "LineString",
    "coordinates": [
     [
      14.608471,
      46.213974
     ],
     [
      14.60849,
      46.215038
     ],
     [
      14.608495,
      46.215298
     ],
     [
      14.608506,
      46.215414
     ],
     [
      14.608557,
      46.215735
     ],
     [
      14.608629,
      46.21605
     ],
     [
      14.608802,
      46.216537
     ],
     [
      14.608959,
      46.216914
     ],
     [
      14.609311,
      46.217488
     ],
     [
      14.609877,
      46.218245
     ],
     [
      14.610038,
      46.218519
     ],
     [
      14.610132,
      46.218727
     ],
     [
      14.610193,
      46.218916
     ],
     [
      14.61024,
      46.219212
     ],
     [
      14.610256,
      46.219812
     ],
     [
      14.610287,
      46.220136
     ],
     [
      14.610368,
      46.22046
     ],
     [
      14.610453,
      46.22071
     ],
     [
      14.610629,
      46.221111
     ],
     [
      14.610809,
      46.221412
     ],
     [
      14.610572,
      46.22143
     ],
     [
      14.610219,
      46.221487
     ],
     [
      14.609643,
      46.221571
     ],
     [
      14.609077,
      46.221657
     ]
    ]
   }
  },
  {
   "type": "Feature",
   "properties": {
    "kind": "closure",
    "name": "Ženske elite: km 63–64 (Radomlje)",
    "note": "Kratkotrajna zapora ob prehodu kolesarjev (policija, do ~30 min). Čas iz uradne časovnice.",
    "start": "2026-10-03T15:03",
    "end": "2026-10-03T15:46",
    "length_m": 896
   },
   "geometry": {
    "type": "LineString",
    "coordinates": [
     [
      14.608331,
      46.221811
     ],
     [
      14.608009,
      46.221916
     ],
     [
      14.607912,
      46.221949
     ],
     [
      14.607407,
      46.222161
     ],
     [
      14.607298,
      46.222187
     ],
     [
      14.607219,
      46.222144
     ],
     [
      14.606896,
      46.221968
     ],
     [
      14.606833,
      46.221926
     ],
     [
      14.606546,
      46.221725
     ],
     [
      14.606433,
      46.221638
     ],
     [
      14.606301,
      46.22152
     ],
     [
      14.606227,
      46.22145
     ],
     [
      14.606045,
      46.2215
     ],
     [
      14.605941,
      46.221504
     ],
     [
      14.605881,
      46.221492
     ],
     [
      14.605728,
      46.221444
     ],
     [
      14.605327,
      46.221307
     ],
     [
      14.605037,
      46.221212
     ],
     [
      14.604756,
      46.221097
     ],
     [
      14.6047,
      46.221072
     ],
     [
      14.60459,
      46.221021
     ],
     [
      14.604394,
      46.220917
     ],
     [
      14.604209,
      46.220804
     ],
     [
      14.604178,
      46.220785
     ],
     [
      14.603974,
      46.220635
     ],
     [
      14.603395,
      46.220168
     ],
     [
      14.603371,
      46.220148
     ],
     [
      14.603041,
      46.219919
     ],
     [
      14.602775,
      46.219775
     ],
     [
      14.602646,
      46.219712
     ],
     [
      14.602296,
      46.219523
     ],
     [
      14.602095,
      46.219395
     ],
     [
      14.601886,
      46.219243
     ],
     [
      14.601815,
      46.21919
     ],
     [
      14.601752,
      46.219142
     ],
     [
      14.601525,
      46.218956
     ],
     [
      14.60129,
      46.218711
     ],
     [
      14.600996,
      46.21839
     ],
     [
      14.600873,
      46.218299
     ],
     [
      14.600719,
      46.218208
     ],
     [
      14.600517,
      46.218126
     ],
     [
      14.600075,
      46.217968
     ],
     [
      14.600023,
      46.217945
     ],
     [
      14.599919,
      46.217894
     ],
     [
      14.599491,
      46.217625
     ]
    ]
   }
  },
  {
   "type": "Feature",
   "properties": {
    "kind": "closure",
    "name": "Ženske elite: km 64–65 (Podgorje)",
    "note": "Kratkotrajna zapora ob prehodu kolesarjev (policija, do ~30 min). Čas iz uradne časovnice.",
    "start": "2026-10-03T15:05",
    "end": "2026-10-03T15:47",
    "length_m": 951
   },
   "geometry": {
    "type": "LineString",
    "coordinates": [
     [
      14.598767,
      46.217142
     ],
     [
      14.598491,
      46.216938
     ],
     [
      14.598071,
      46.216644
     ],
     [
      14.597687,
      46.216389
     ],
     [
      14.597149,
      46.216058
     ],
     [
      14.59699,
      46.215949
     ],
     [
      14.596672,
      46.215666
     ],
     [
      14.59627,
      46.215232
     ],
     [
      14.595968,
      46.214909
     ],
     [
      14.595645,
      46.214619
     ],
     [
      14.59538,
      46.214418
     ],
     [
      14.594944,
      46.214124
     ],
     [
      14.594218,
      46.213671
     ],
     [
      14.59389,
      46.213466
     ],
     [
      14.593677,
      46.21334
     ],
     [
      14.593176,
      46.213053
     ],
     [
      14.592588,
      46.212733
     ],
     [
      14.592452,
      46.212648
     ],
     [
      14.592134,
      46.212417
     ],
     [
      14.591787,
      46.212163
     ],
     [
      14.591552,
      46.212001
     ],
     [
      14.591256,
      46.211812
     ],
     [
      14.590935,
      46.211613
     ],
     [
      14.59076,
      46.211516
     ],
     [
      14.590348,
      46.211304
     ],
     [
      14.590012,
      46.211143
     ]
    ]
   }
  },
  {
   "type": "Feature",
   "properties": {
    "kind": "closure",
    "name": "Ženske elite: km 65–66 (Podgorje)",
    "note": "Kratkotrajna zapora ob prehodu kolesarjev (policija, do ~30 min). Čas iz uradne časovnice.",
    "start": "2026-10-03T15:06",
    "end": "2026-10-03T15:48",
    "length_m": 911
   },
   "geometry": {
    "type": "LineString",
    "coordinates": [
     [
      14.589195,
      46.210655
     ],
     [
      14.588163,
      46.21009
     ],
     [
      14.587932,
      46.209958
     ],
     [
      14.587455,
      46.209666
     ],
     [
      14.586868,
      46.20932
     ],
     [
      14.585702,
      46.208687
     ],
     [
      14.585297,
      46.208474
     ],
     [
      14.583945,
      46.207794
     ],
     [
      14.58341,
      46.207514
     ],
     [
      14.582985,
      46.207305
     ],
     [
      14.582556,
      46.207083
     ],
     [
      14.581706,
      46.206666
     ],
     [
      14.581468,
      46.206541
     ],
     [
      14.581431,
      46.206522
     ],
     [
      14.581055,
      46.206322
     ],
     [
      14.58071,
      46.206139
     ],
     [
      14.579821,
      46.205636
     ]
    ]
   }
  },
  {
   "type": "Feature",
   "properties": {
    "kind": "closure",
    "name": "Ženske elite: km 66–67 (Podgorje)",
    "note": "Kratkotrajna zapora ob prehodu kolesarjev (policija, do ~30 min). Čas iz uradne časovnice.",
    "start": "2026-10-03T15:08",
    "end": "2026-10-03T15:50",
    "length_m": 980
   },
   "geometry": {
    "type": "LineString",
    "coordinates": [
     [
      14.579432,
      46.205389
     ],
     [
      14.579251,
      46.205264
     ],
     [
      14.578508,
      46.204723
     ],
     [
      14.578021,
      46.204378
     ],
     [
      14.577947,
      46.204312
     ],
     [
      14.577468,
      46.203871
     ],
     [
      14.577227,
      46.203654
     ],
     [
      14.576989,
      46.203462
     ],
     [
      14.576683,
      46.20326
     ],
     [
      14.576643,
      46.203236
     ],
     [
      14.576184,
      46.202948
     ],
     [
      14.57614,
      46.202975
     ],
     [
      14.576067,
      46.202991
     ],
     [
      14.576024,
      46.20299
     ],
     [
      14.575986,
      46.202982
     ],
     [
      14.575947,
      46.202966
     ],
     [
      14.575918,
      46.202945
     ],
     [
      14.575887,
      46.202897
     ],
     [
      14.575885,
      46.202861
     ],
     [
      14.57592,
      46.202798
     ],
     [
      14.575883,
      46.202763
     ],
     [
      14.575727,
      46.202658
     ],
     [
      14.575501,
      46.202459
     ],
     [
      14.575314,
      46.202261
     ],
     [
      14.574647,
      46.201482
     ],
     [
      14.574421,
      46.201246
     ],
     [
      14.574006,
      46.200902
     ],
     [
      14.573808,
      46.200732
     ],
     [
      14.573661,
      46.200569
     ],
     [
      14.573505,
      46.200383
     ],
     [
      14.573401,
      46.200279
     ],
     [
      14.573279,
      46.200167
     ],
     [
      14.573168,
      46.200083
     ],
     [
      14.573042,
      46.200009
     ],
     [
      14.5729,
      46.199938
     ],
     [
      14.572506,
      46.199787
     ],
     [
      14.572047,
      46.199641
     ],
     [
      14.571759,
      46.199561
     ],
     [
      14.571217,
      46.199427
     ],
     [
      14.570788,
      46.19934
     ]
    ]
   }
  },
  {
   "type": "Feature",
   "properties": {
    "kind": "closure",
    "name": "Ženske elite: km 67–68 (Podgorje)",
    "note": "Kratkotrajna zapora ob prehodu kolesarjev (policija, do ~30 min). Čas iz uradne časovnice.",
    "start": "2026-10-03T15:09",
    "end": "2026-10-03T15:52",
    "length_m": 942
   },
   "geometry": {
    "type": "LineString",
    "coordinates": [
     [
      14.570348,
      46.199261
     ],
     [
      14.569646,
      46.199136
     ],
     [
      14.568459,
      46.198891
     ],
     [
      14.568236,
      46.198839
     ],
     [
      14.568084,
      46.198797
     ],
     [
      14.567912,
      46.198744
     ],
     [
      14.56769,
      46.198665
     ],
     [
      14.567444,
      46.198572
     ],
     [
      14.567309,
      46.198519
     ],
     [
      14.566533,
      46.198212
     ],
     [
      14.566392,
      46.198464
     ],
     [
      14.566315,
      46.198622
     ],
     [
      14.566245,
      46.198894
     ],
     [
      14.566158,
      46.199333
     ],
     [
      14.56615,
      46.199379
     ],
     [
      14.566123,
      46.199478
     ],
     [
      14.566079,
      46.199571
     ],
     [
      14.565953,
      46.199793
     ],
     [
      14.565882,
      46.199965
     ],
     [
      14.565795,
      46.200229
     ],
     [
      14.56577,
      46.200283
     ],
     [
      14.565273,
      46.200208
     ],
     [
      14.564995,
      46.200177
     ],
     [
      14.564875,
      46.200177
     ],
     [
      14.564766,
      46.200187
     ],
     [
      14.564645,
      46.200217
     ],
     [
      14.564475,
      46.200286
     ],
     [
      14.564409,
      46.200308
     ],
     [
      14.564332,
      46.200324
     ],
     [
      14.564243,
      46.200314
     ],
     [
      14.564095,
      46.200264
     ],
     [
      14.563716,
      46.200067
     ],
     [
      14.563605,
      46.199988
     ],
     [
      14.563359,
      46.20009
     ],
     [
      14.563018,
      46.200378
     ],
     [
      14.562663,
      46.200641
     ],
     [
      14.562584,
      46.20071
     ],
     [
      14.56251,
      46.200804
     ],
     [
      14.56247,
      46.20089
     ],
     [
      14.562444,
      46.200947
     ],
     [
      14.562401,
      46.201013
     ],
     [
      14.562355,
      46.201037
     ],
     [
      14.562147,
      46.201111
     ],
     [
      14.561858,
      46.201193
     ],
     [
      14.561776,
      46.201216
     ]
    ]
   }
  },
  {
   "type": "Feature",
   "properties": {
    "kind": "closure",
    "name": "Ženske elite: km 68–69 (Križ)",
    "note": "Kratkotrajna zapora ob prehodu kolesarjev (policija, do ~30 min). Čas iz uradne časovnice.",
    "start": "2026-10-03T15:10",
    "end": "2026-10-03T15:53",
    "length_m": 991
   },
   "geometry": {
    "type": "LineString",
    "coordinates": [
     [
      14.561407,
      46.201323
     ],
     [
      14.561261,
      46.201378
     ],
     [
      14.561084,
      46.20145
     ],
     [
      14.560676,
      46.20162
     ],
     [
      14.560433,
      46.201699
     ],
     [
      14.560126,
      46.201798
     ],
     [
      14.559744,
      46.20196
     ],
     [
      14.559527,
      46.202063
     ],
     [
      14.559301,
      46.202174
     ],
     [
      14.558985,
      46.202328
     ],
     [
      14.558827,
      46.202366
     ],
     [
      14.558607,
      46.202389
     ],
     [
      14.558154,
      46.202414
     ],
     [
      14.557449,
      46.20243
     ],
     [
      14.557174,
      46.202448
     ],
     [
      14.556936,
      46.20248
     ],
     [
      14.5562,
      46.202595
     ],
     [
      14.55503,
      46.202733
     ],
     [
      14.554354,
      46.20284
     ],
     [
      14.554076,
      46.202899
     ],
     [
      14.553572,
      46.203042
     ],
     [
      14.552942,
      46.203242
     ],
     [
      14.552693,
      46.20332
     ],
     [
      14.552383,
      46.203425
     ],
     [
      14.552235,
      46.203485
     ],
     [
      14.551728,
      46.203725
     ],
     [
      14.551483,
      46.203845
     ],
     [
      14.550964,
      46.204044
     ],
     [
      14.550775,
      46.204103
     ],
     [
      14.550521,
      46.204164
     ],
     [
      14.55002,
      46.204271
     ],
     [
      14.549882,
      46.204307
     ],
     [
      14.54978,
      46.204334
     ],
     [
      14.549549,
      46.204416
     ]
    ]
   }
  },
  {
   "type": "Feature",
   "properties": {
    "kind": "closure",
    "name": "Ženske elite: km 69–70 (Križ)",
    "note": "Kratkotrajna zapora ob prehodu kolesarjev (policija, do ~30 min). Čas iz uradne časovnice.",
    "start": "2026-10-03T15:12",
    "end": "2026-10-03T15:55",
    "length_m": 930
   },
   "geometry": {
    "type": "LineString",
    "coordinates": [
     [
      14.548782,
      46.204721
     ],
     [
      14.548015,
      46.205062
     ],
     [
      14.547166,
      46.205427
     ],
     [
      14.547022,
      46.205492
     ],
     [
      14.546996,
      46.205501
     ],
     [
      14.546495,
      46.205712
     ],
     [
      14.54559,
      46.206079
     ],
     [
      14.544759,
      46.206434
     ],
     [
      14.544256,
      46.206659
     ],
     [
      14.543716,
      46.206899
     ],
     [
      14.543418,
      46.20703
     ],
     [
      14.543291,
      46.207096
     ],
     [
      14.543248,
      46.20717
     ],
     [
      14.543245,
      46.207221
     ],
     [
      14.543265,
      46.207298
     ],
     [
      14.543344,
      46.207413
     ],
     [
      14.543535,
      46.207636
     ],
     [
      14.54367,
      46.207807
     ],
     [
      14.543725,
      46.207895
     ],
     [
      14.543757,
      46.207957
     ],
     [
      14.543759,
      46.208
     ],
     [
      14.543752,
      46.20803
     ],
     [
      14.543735,
      46.208055
     ],
     [
      14.543761,
      46.208061
     ],
     [
      14.543799,
      46.208089
     ],
     [
      14.543806,
      46.208127
     ],
     [
      14.543796,
      46.208145
     ],
     [
      14.543777,
      46.208162
     ],
     [
      14.54375,
      46.208173
     ],
     [
      14.543719,
      46.208177
     ],
     [
      14.543688,
      46.208173
     ],
     [
      14.543661,
      46.208162
     ],
     [
      14.543642,
      46.208146
     ],
     [
      14.543587,
      46.208181
     ],
     [
      14.543502,
      46.208195
     ],
     [
      14.542638,
      46.208175
     ],
     [
      14.542591,
      46.208174
     ],
     [
      14.542501,
      46.208173
     ],
     [
      14.542372,
      46.208177
     ],
     [
      14.542202,
      46.208191
     ],
     [
      14.541453,
      46.208363
     ],
     [
      14.541291,
      46.208461
     ],
     [
      14.541285,
      46.208485
     ],
     [
      14.541267,
      46.208507
     ],
     [
      14.54124,
      46.208523
     ],
     [
      14.541206,
      46.208532
     ],
     [
      14.54117,
      46.208533
     ],
     [
      14.541139,
      46.208526
     ],
     [
      14.541111,
      46.208513
     ],
     [
      14.541091,
      46.208495
     ],
     [
      14.54108,
      46.208473
     ],
     [
      14.54108,
      46.20845
     ],
     [
      14.54096,
      46.208352
     ],
     [
      14.540682,
      46.208212
     ],
     [
      14.540352,
      46.20807
     ],
     [
      14.540337,
      46.208064
     ]
    ]
   }
  },
  {
   "type": "Feature",
   "properties": {
    "kind": "closure",
    "name": "Ženske elite: km 70–71 (Križ)",
    "note": "Kratkotrajna zapora ob prehodu kolesarjev (policija, do ~30 min). Čas iz uradne časovnice.",
    "start": "2026-10-03T15:13",
    "end": "2026-10-03T15:57",
    "length_m": 975
   },
   "geometry": {
    "type": "LineString",
    "coordinates": [
     [
      14.540185,
      46.207984
     ],
     [
      14.540118,
      46.207937
     ],
     [
      14.539967,
      46.207773
     ],
     [
      14.539814,
      46.207569
     ],
     [
      14.53972,
      46.207448
     ],
     [
      14.539662,
      46.207388
     ],
     [
      14.539298,
      46.207022
     ],
     [
      14.539177,
      46.206915
     ],
     [
      14.53894,
      46.206724
     ],
     [
      14.53885,
      46.206673
     ],
     [
      14.538825,
      46.206697
     ],
     [
      14.538791,
      46.206714
     ],
     [
      14.538764,
      46.206792
     ],
     [
      14.538758,
      46.206873
     ],
     [
      14.538874,
      46.206984
     ],
     [
      14.538929,
      46.207082
     ],
     [
      14.538987,
      46.207355
     ],
     [
      14.538992,
      46.207719
     ],
     [
      14.538993,
      46.207746
     ],
     [
      14.539013,
      46.208177
     ],
     [
      14.539001,
      46.208255
     ],
     [
      14.538973,
      46.208332
     ],
     [
      14.538921,
      46.208397
     ],
     [
      14.538855,
      46.20845
     ],
     [
      14.538752,
      46.208504
     ],
     [
      14.538689,
      46.20853
     ],
     [
      14.538575,
      46.208561
     ],
     [
      14.538293,
      46.208607
     ],
     [
      14.53737,
      46.208757
     ],
     [
      14.536888,
      46.208846
     ],
     [
      14.53661,
      46.208904
     ],
     [
      14.536377,
      46.208966
     ],
     [
      14.536192,
      46.209017
     ],
     [
      14.535875,
      46.209161
     ],
     [
      14.535707,
      46.209266
     ],
     [
      14.535379,
      46.20953
     ],
     [
      14.53517,
      46.209723
     ],
     [
      14.534902,
      46.209977
     ],
     [
      14.534463,
      46.210419
     ],
     [
      14.53428,
      46.210604
     ],
     [
      14.534085,
      46.210771
     ],
     [
      14.533725,
      46.211061
     ],
     [
      14.533337,
      46.211337
     ],
     [
      14.533008,
      46.211547
     ]
    ]
   }
  },
  {
   "type": "Feature",
   "properties": {
    "kind": "closure",
    "name": "Ženske elite: km 71–72 (Komenda)",
    "note": "Kratkotrajna zapora ob prehodu kolesarjev (policija, do ~30 min). Čas iz uradne časovnice.",
    "start": "2026-10-03T15:15",
    "end": "2026-10-03T15:59",
    "length_m": 932
   },
   "geometry": {
    "type": "LineString",
    "coordinates": [
     [
      14.532668,
      46.211737
     ],
     [
      14.532617,
      46.211768
     ],
     [
      14.53256,
      46.211821
     ],
     [
      14.532511,
      46.21188
     ],
     [
      14.532449,
      46.212057
     ],
     [
      14.532402,
      46.212155
     ],
     [
      14.532323,
      46.212229
     ],
     [
      14.532088,
      46.212414
     ],
     [
      14.531934,
      46.212543
     ],
     [
      14.531831,
      46.212608
     ],
     [
      14.53151,
      46.212768
     ],
     [
      14.53143,
      46.212802
     ],
     [
      14.531289,
      46.212832
     ],
     [
      14.531189,
      46.212843
     ],
     [
      14.53099,
      46.212828
     ],
     [
      14.530848,
      46.212824
     ],
     [
      14.530726,
      46.212843
     ],
     [
      14.530628,
      46.212868
     ],
     [
      14.530517,
      46.212914
     ],
     [
      14.530401,
      46.212972
     ],
     [
      14.529916,
      46.213307
     ],
     [
      14.529493,
      46.213574
     ],
     [
      14.529146,
      46.213718
     ],
     [
      14.529031,
      46.213751
     ],
     [
      14.528713,
      46.21383
     ],
     [
      14.528458,
      46.213867
     ],
     [
      14.527934,
      46.213933
     ],
     [
      14.52748,
      46.213975
     ],
     [
      14.527248,
      46.21402
     ],
     [
      14.527102,
      46.214069
     ],
     [
      14.526648,
      46.214291
     ],
     [
      14.526511,
      46.214344
     ],
     [
      14.526426,
      46.214377
     ],
     [
      14.526323,
      46.21439
     ],
     [
      14.526114,
      46.214399
     ],
     [
      14.525536,
      46.214398
     ],
     [
      14.525264,
      46.214436
     ],
     [
      14.525085,
      46.214478
     ],
     [
      14.524974,
      46.214524
     ],
     [
      14.524954,
      46.214533
     ],
     [
      14.524822,
      46.214604
     ],
     [
      14.524696,
      46.214715
     ],
     [
      14.524617,
      46.214806
     ],
     [
      14.524576,
      46.214931
     ],
     [
      14.524588,
      46.215048
     ],
     [
      14.524663,
      46.215219
     ],
     [
      14.525176,
      46.216029
     ],
     [
      14.525378,
      46.216335
     ]
    ]
   }
  },
  {
   "type": "Feature",
   "properties": {
    "kind": "closure",
    "name": "Ženske elite: km 72–73 (Komenda)",
    "note": "Kratkotrajna zapora ob prehodu kolesarjev (policija, do ~30 min). Čas iz uradne časovnice.",
    "start": "2026-10-03T15:16",
    "end": "2026-10-03T16:00",
    "length_m": 954
   },
   "geometry": {
    "type": "LineString",
    "coordinates": [
     [
      14.525878,
      46.21703
     ],
     [
      14.525974,
      46.217189
     ],
     [
      14.52598,
      46.217368
     ],
     [
      14.525956,
      46.217472
     ],
     [
      14.525876,
      46.217562
     ],
     [
      14.525757,
      46.217656
     ],
     [
      14.525052,
      46.21817
     ],
     [
      14.524916,
      46.218288
     ],
     [
      14.524741,
      46.218472
     ],
     [
      14.524577,
      46.218711
     ],
     [
      14.524407,
      46.218928
     ],
     [
      14.5242,
      46.219146
     ],
     [
      14.523909,
      46.219417
     ],
     [
      14.523587,
      46.219656
     ],
     [
      14.52334,
      46.219812
     ],
     [
      14.523271,
      46.219853
     ],
     [
      14.52249,
      46.220327
     ],
     [
      14.522111,
      46.220613
     ],
     [
      14.521997,
      46.220751
     ],
     [
      14.521954,
      46.220861
     ],
     [
      14.521955,
      46.220983
     ],
     [
      14.521981,
      46.221044
     ],
     [
      14.522064,
      46.22116
     ],
     [
      14.52212,
      46.221208
     ],
     [
      14.522186,
      46.221253
     ],
     [
      14.522247,
      46.221284
     ],
     [
      14.522923,
      46.221562
     ],
     [
      14.523103,
      46.221671
     ],
     [
      14.523192,
      46.221787
     ],
     [
      14.523224,
      46.22193
     ],
     [
      14.523214,
      46.222026
     ],
     [
      14.523186,
      46.222083
     ],
     [
      14.52293,
      46.222465
     ],
     [
      14.522884,
      46.222607
     ],
     [
      14.522894,
      46.222709
     ],
     [
      14.522913,
      46.222797
     ],
     [
      14.522945,
      46.222901
     ],
     [
      14.522988,
      46.222984
     ],
     [
      14.523056,
      46.223101
     ],
     [
      14.523452,
      46.223533
     ],
     [
      14.523504,
      46.223594
     ],
     [
      14.523649,
      46.22381
     ],
     [
      14.523684,
      46.223928
     ],
     [
      14.523689,
      46.224004
     ]
    ]
   }
  },
  {
   "type": "Feature",
   "properties": {
    "kind": "closure",
    "name": "Ženske elite: km 73–74 (Komenda)",
    "note": "Kratkotrajna zapora ob prehodu kolesarjev (policija, do ~30 min). Čas iz uradne časovnice.",
    "start": "2026-10-03T15:17",
    "end": "2026-10-03T16:02",
    "length_m": 995
   },
   "geometry": {
    "type": "LineString",
    "coordinates": [
     [
      14.523679,
      46.224114
     ],
     [
      14.523652,
      46.224202
     ],
     [
      14.52342,
      46.224653
     ],
     [
      14.523299,
      46.224945
     ],
     [
      14.523119,
      46.225436
     ],
     [
      14.523039,
      46.22563
     ],
     [
      14.522974,
      46.225764
     ],
     [
      14.522753,
      46.226129
     ],
     [
      14.522398,
      46.226746
     ],
     [
      14.522381,
      46.226771
     ],
     [
      14.522296,
      46.2269
     ],
     [
      14.52216,
      46.227039
     ],
     [
      14.522015,
      46.22715
     ],
     [
      14.521761,
      46.227304
     ],
     [
      14.521449,
      46.227511
     ],
     [
      14.521239,
      46.227682
     ],
     [
      14.521189,
      46.227731
     ],
     [
      14.521095,
      46.227828
     ],
     [
      14.521036,
      46.227888
     ],
     [
      14.520783,
      46.228107
     ],
     [
      14.520473,
      46.228313
     ],
     [
      14.520195,
      46.228494
     ],
     [
      14.519324,
      46.229077
     ],
     [
      14.519125,
      46.229245
     ],
     [
      14.51895,
      46.229449
     ],
     [
      14.518778,
      46.229656
     ],
     [
      14.518668,
      46.229763
     ],
     [
      14.518514,
      46.229908
     ],
     [
      14.518307,
      46.23004
     ],
     [
      14.518231,
      46.230098
     ],
     [
      14.517924,
      46.230303
     ],
     [
      14.517768,
      46.230374
     ],
     [
      14.517549,
      46.230463
     ],
     [
      14.517345,
      46.230535
     ],
     [
      14.517156,
      46.230578
     ],
     [
      14.51688,
      46.230622
     ],
     [
      14.51648,
      46.230667
     ],
     [
      14.516163,
      46.23071
     ],
     [
      14.516035,
      46.230733
     ],
     [
      14.515959,
      46.230756
     ]
    ]
   }
  },
  {
   "type": "Feature",
   "properties": {
    "kind": "closure",
    "name": "Ženske elite: km 74–75 (Zalog pri Cerkljah)",
    "note": "Kratkotrajna zapora ob prehodu kolesarjev (policija, do ~30 min). Čas iz uradne časovnice.",
    "start": "2026-10-03T15:19",
    "end": "2026-10-03T16:04",
    "length_m": 826
   },
   "geometry": {
    "type": "LineString",
    "coordinates": [
     [
      14.515827,
      46.230795
     ],
     [
      14.515441,
      46.230973
     ],
     [
      14.515127,
      46.231109
     ],
     [
      14.514912,
      46.231184
     ],
     [
      14.513102,
      46.231589
     ],
     [
      14.512754,
      46.231667
     ],
     [
      14.511589,
      46.231965
     ],
     [
      14.511357,
      46.232026
     ],
     [
      14.511094,
      46.232107
     ],
     [
      14.510886,
      46.232187
     ],
     [
      14.510693,
      46.232276
     ],
     [
      14.510631,
      46.232311
     ],
     [
      14.510497,
      46.232388
     ],
     [
      14.51019,
      46.232595
     ],
     [
      14.509061,
      46.233392
     ],
     [
      14.508825,
      46.233552
     ],
     [
      14.507697,
      46.234321
     ],
     [
      14.507366,
      46.23457
     ],
     [
      14.507083,
      46.23482
     ]
    ]
   }
  },
  {
   "type": "Feature",
   "properties": {
    "kind": "closure",
    "name": "Ženske elite: km 75–76 (Zalog pri Cerkljah)",
    "note": "Kratkotrajna zapora ob prehodu kolesarjev (policija, do ~30 min). Čas iz uradne časovnice.",
    "start": "2026-10-03T15:21",
    "end": "2026-10-03T16:05",
    "length_m": 917
   },
   "geometry": {
    "type": "LineString",
    "coordinates": [
     [
      14.50523,
      46.236568
     ],
     [
      14.504628,
      46.237147
     ],
     [
      14.504145,
      46.237628
     ],
     [
      14.503892,
      46.237958
     ],
     [
      14.503513,
      46.238506
     ],
     [
      14.502254,
      46.240334
     ],
     [
      14.500497,
      46.242887
     ],
     [
      14.500189,
      46.243354
     ],
     [
      14.499977,
      46.243685
     ],
     [
      14.499847,
      46.243944
     ]
    ]
   }
  },
  {
   "type": "Feature",
   "properties": {
    "kind": "closure",
    "name": "Ženske elite: km 76–77 (Zalog pri Cerkljah)",
    "note": "Kratkotrajna zapora ob prehodu kolesarjev (policija, do ~30 min). Čas iz uradne časovnice.",
    "start": "2026-10-03T15:22",
    "end": "2026-10-03T16:07",
    "length_m": 809
   },
   "geometry": {
    "type": "LineString",
    "coordinates": [
     [
      14.499592,
      46.24452
     ],
     [
      14.498782,
      46.246463
     ],
     [
      14.498649,
      46.246816
     ],
     [
      14.498362,
      46.247751
     ],
     [
      14.498292,
      46.247838
     ],
     [
      14.498229,
      46.247874
     ],
     [
      14.498151,
      46.247903
     ],
     [
      14.498034,
      46.247915
     ],
     [
      14.497669,
      46.247906
     ],
     [
      14.497514,
      46.247893
     ],
     [
      14.497413,
      46.247885
     ],
     [
      14.497214,
      46.247848
     ],
     [
      14.496903,
      46.247762
     ],
     [
      14.496585,
      46.247652
     ],
     [
      14.496458,
      46.247652
     ],
     [
      14.496347,
      46.247668
     ],
     [
      14.496213,
      46.247708
     ],
     [
      14.496067,
      46.247769
     ],
     [
      14.49595,
      46.247854
     ],
     [
      14.495816,
      46.247983
     ],
     [
      14.495509,
      46.248316
     ],
     [
      14.495371,
      46.248442
     ],
     [
      14.49512,
      46.2486
     ],
     [
      14.494841,
      46.248707
     ],
     [
      14.494529,
      46.248795
     ],
     [
      14.494449,
      46.248818
     ],
     [
      14.493574,
      46.249024
     ]
    ]
   }
  },
  {
   "type": "Feature",
   "properties": {
    "kind": "closure",
    "name": "Ženske elite: km 77–78 (Zalog pri Cerkljah)",
    "note": "Kratkotrajna zapora ob prehodu kolesarjev (policija, do ~30 min). Čas iz uradne časovnice.",
    "start": "2026-10-03T15:24",
    "end": "2026-10-03T16:08",
    "length_m": 974
   },
   "geometry": {
    "type": "LineString",
    "coordinates": [
     [
      14.491634,
      46.249475
     ],
     [
      14.490933,
      46.249641
     ],
     [
      14.489417,
      46.249999
     ],
     [
      14.488911,
      46.250108
     ],
     [
      14.488409,
      46.250143
     ],
     [
      14.487495,
      46.250162
     ],
     [
      14.486896,
      46.250142
     ],
     [
      14.486759,
      46.250137
     ],
     [
      14.486682,
      46.250123
     ],
     [
      14.486602,
      46.2501
     ],
     [
      14.486452,
      46.250086
     ],
     [
      14.486386,
      46.250091
     ],
     [
      14.486346,
      46.250093
     ],
     [
      14.486325,
      46.250124
     ],
     [
      14.486291,
      46.250148
     ],
     [
      14.486225,
      46.25025
     ],
     [
      14.486076,
      46.250503
     ],
     [
      14.48605,
      46.250675
     ],
     [
      14.486025,
      46.251042
     ],
     [
      14.485994,
      46.251222
     ],
     [
      14.485912,
      46.251638
     ],
     [
      14.485904,
      46.251749
     ],
     [
      14.485904,
      46.251757
     ],
     [
      14.485909,
      46.251834
     ],
     [
      14.485932,
      46.251916
     ],
     [
      14.485972,
      46.251999
     ],
     [
      14.486093,
      46.252185
     ],
     [
      14.486366,
      46.252498
     ],
     [
      14.486568,
      46.25274
     ],
     [
      14.486885,
      46.253119
     ],
     [
      14.486973,
      46.253237
     ],
     [
      14.487009,
      46.253289
     ],
     [
      14.487099,
      46.253488
     ],
     [
      14.487209,
      46.25381
     ],
     [
      14.487339,
      46.25414
     ],
     [
      14.487392,
      46.254265
     ],
     [
      14.487559,
      46.254659
     ],
     [
      14.48761,
      46.254804
     ]
    ]
   }
  },
  {
   "type": "Feature",
   "properties": {
    "kind": "closure",
    "name": "Ženske elite: km 78–79 (Cerklje)",
    "note": "Kratkotrajna zapora ob prehodu kolesarjev (policija, do ~30 min). Čas iz uradne časovnice.",
    "start": "2026-10-03T15:25",
    "end": "2026-10-03T16:10",
    "length_m": 733
   },
   "geometry": {
    "type": "LineString",
    "coordinates": [
     [
      14.487705,
      46.255128
     ],
     [
      14.487905,
      46.25572
     ],
     [
      14.48791,
      46.255846
     ],
     [
      14.487885,
      46.255959
     ],
     [
      14.488017,
      46.256033
     ],
     [
      14.488084,
      46.256108
     ],
     [
      14.488205,
      46.256368
     ],
     [
      14.488326,
      46.256603
     ],
     [
      14.488413,
      46.256733
     ],
     [
      14.488721,
      46.257148
     ],
     [
      14.488766,
      46.257215
     ],
     [
      14.488896,
      46.257408
     ],
     [
      14.489136,
      46.25772
     ],
     [
      14.489197,
      46.257841
     ],
     [
      14.48926,
      46.257968
     ],
     [
      14.489362,
      46.258245
     ],
     [
      14.489413,
      46.258343
     ],
     [
      14.489495,
      46.258444
     ],
     [
      14.48959,
      46.258528
     ],
     [
      14.48976,
      46.258651
     ],
     [
      14.490207,
      46.25893
     ],
     [
      14.490369,
      46.25904
     ],
     [
      14.490469,
      46.259117
     ],
     [
      14.490601,
      46.25925
     ],
     [
      14.490654,
      46.25933
     ],
     [
      14.490789,
      46.259503
     ],
     [
      14.490864,
      46.259586
     ],
     [
      14.490935,
      46.259654
     ],
     [
      14.491042,
      46.259737
     ],
     [
      14.49134,
      46.259938
     ],
     [
      14.491517,
      46.260071
     ],
     [
      14.491698,
      46.260257
     ],
     [
      14.491817,
      46.260435
     ],
     [
      14.492022,
      46.260858
     ]
    ]
   }
  },
  {
   "type": "Feature",
   "properties": {
    "kind": "closure",
    "name": "Ženske elite: nevtralni del Kongresni trg–Šentvid",
    "note": "Spremljana vožnja po Ljubljani (~10.2 km).",
    "start": "2026-10-03T13:10",
    "end": "2026-10-03T13:59",
    "length_m": 10195
   },
   "geometry": {
    "type": "LineString",
    "coordinates": [
     [
      14.503638,
      46.049791
     ],
     [
      14.503688,
      46.049923
     ],
     [
      14.5039,
      46.050464
     ],
     [
      14.503903,
      46.050508
     ],
     [
      14.503885,
      46.050538
     ],
     [
      14.503849,
      46.050559
     ],
     [
      14.503696,
      46.050588
     ],
     [
      14.503081,
      46.050704
     ],
     [
      14.503005,
      46.050725
     ],
     [
      14.502863,
      46.050786
     ],
     [
      14.502712,
      46.05082
     ],
     [
      14.502598,
      46.050847
     ],
     [
      14.502137,
      46.050958
     ],
     [
      14.50191,
      46.051014
     ],
     [
      14.501878,
      46.051022
     ],
     [
      14.501814,
      46.051036
     ],
     [
      14.501586,
      46.051092
     ],
     [
      14.501622,
      46.051174
     ],
     [
      14.501808,
      46.051597
     ],
     [
      14.501972,
      46.051971
     ],
     [
      14.501991,
      46.052012
     ],
     [
      14.50201,
      46.052057
     ],
     [
      14.502079,
      46.052211
     ],
     [
      14.50211,
      46.052281
     ],
     [
      14.502173,
      46.052423
     ],
     [
      14.502262,
      46.052625
     ],
     [
      14.502287,
      46.052683
     ],
     [
      14.502243,
      46.052692
     ],
     [
      14.502213,
      46.052699
     ],
     [
      14.501782,
      46.05279
     ],
     [
      14.501768,
      46.052793
     ],
     [
      14.501369,
      46.052878
     ],
     [
      14.501258,
      46.052902
     ],
     [
      14.50128,
      46.052954
     ],
     [
      14.501291,
      46.052977
     ],
     [
      14.501604,
      46.053707
     ],
     [
      14.501633,
      46.053773
     ],
     [
      14.50167,
      46.05386
     ],
     [
      14.501833,
      46.054239
     ],
     [
      14.501845,
      46.054266
     ],
     [
      14.501858,
      46.054298
     ],
     [
      14.502177,
      46.054862
     ],
     [
      14.502228,
      46.054952
     ],
     [
      14.502323,
      46.05512
     ],
     [
      14.502363,
      46.055197
     ],
     [
      14.5025,
      46.055456
     ],
     [
      14.502525,
      46.055512
     ],
     [
      14.50254,
      46.055564
     ],
     [
      14.502579,
      46.055542
     ],
     [
      14.502586,
      46.055538
     ],
     [
      14.502618,
      46.05552
     ],
     [
      14.502659,
      46.055497
     ],
     [
      14.502965,
      46.055322
     ],
     [
      14.50316,
      46.055226
     ],
     [
      14.503319,
      46.055137
     ],
     [
      14.503437,
      46.055063
     ],
     [
      14.503652,
      46.05493
     ],
     [
      14.503859,
      46.054803
     ],
     [
      14.504197,
      46.054555
     ],
     [
      14.504288,
      46.05448
     ],
     [
      14.504324,
      46.054438
     ],
     [
      14.504346,
      46.054403
     ],
     [
      14.504326,
      46.054351
     ],
     [
      14.504314,
      46.054318
     ],
     [
      14.504357,
      46.05431
     ],
     [
      14.504407,
      46.054298
     ],
     [
      14.504456,
      46.054287
     ],
     [
      14.504515,
      46.054269
     ],
     [
      14.504646,
      46.054222
     ],
     [
      14.504807,
      46.054194
     ],
     [
      14.504856,
      46.054182
     ],
     [
      14.504983,
      46.054143
     ],
     [
      14.505064,
      46.054126
     ],
     [
      14.505645,
      46.054014
     ],
     [
      14.505718,
      46.054017
     ],
     [
      14.505803,
      46.054002
     ],
     [
      14.505869,
      46.053991
     ],
     [
      14.506606,
      46.053852
     ],
     [
      14.506895,
      46.0538
     ],
     [
      14.506936,
      46.053792
     ],
     [
      14.506991,
      46.053781
     ],
     [
      14.507041,
      46.053772
     ],
     [
      14.50706,
      46.053768
     ],
     [
      14.508115,
      46.053565
     ],
     [
      14.508171,
      46.053554
     ],
     [
      14.50819,
      46.053552
     ],
     [
      14.508207,
      46.053552
     ],
     [
      14.508225,
      46.053555
     ],
     [
      14.50819,
      46.053503
     ],
     [
      14.508137,
      46.053444
     ],
     [
      14.508017,
      46.053189
     ],
     [
      14.508003,
      46.053149
     ],
     [
      14.507996,
      46.053104
     ],
     [
      14.508003,
      46.053064
     ],
     [
      14.508021,
      46.053024
     ],
     [
      14.508066,
      46.052948
     ],
     [
      14.508074,
      46.05292
     ],
     [
      14.508076,
      46.052887
     ],
     [
      14.50807,
      46.05285
     ],
     [
      14.508045,
      46.052719
     ],
     [
      14.508019,
      46.052569
     ],
     [
      14.508006,
      46.052495
     ],
     [
      14.507984,
      46.052368
     ],
     [
      14.507964,
      46.052243
     ],
     [
      14.507964,
      46.052218
     ],
     [
      14.507971,
      46.052197
     ],
     [
      14.507986,
      46.052162
     ],
     [
      14.507788,
      46.052106
     ],
     [
      14.507544,
      46.052029
     ],
     [
      14.50744,
      46.05198
     ],
     [
      14.50732,
      46.051908
     ],
     [
      14.507245,
      46.05187
     ],
     [
      14.507164,
      46.051838
     ],
     [
      14.507088,
      46.051808
     ],
     [
      14.506792,
      46.051717
     ],
     [
      14.506531,
      46.051642
     ],
     [
      14.506338,
      46.051584
     ],
     [
      14.506338,
      46.051584
     ],
     [
      14.506531,
      46.051642
     ],
     [
      14.506792,
      46.051717
     ],
     [
      14.507088,
      46.051808
     ],
     [
      14.507164,
      46.051838
     ],
     [
      14.507245,
      46.05187
     ],
     [
      14.50732,
      46.051908
     ],
     [
      14.50744,
      46.05198
     ],
     [
      14.507544,
      46.052029
     ],
     [
      14.507788,
      46.052106
     ],
     [
      14.507986,
      46.052162
     ],
     [
      14.507971,
      46.052197
     ],
     [
      14.507964,
      46.052218
     ],
     [
      14.507964,
      46.052243
     ],
     [
      14.507984,
      46.052368
     ],
     [
      14.508006,
      46.052495
     ],
     [
      14.508019,
      46.052569
     ],
     [
      14.508045,
      46.052719
     ],
     [
      14.50807,
      46.05285
     ],
     [
      14.508076,
      46.052887
     ],
     [
      14.508074,
      46.05292
     ],
     [
      14.508066,
      46.052948
     ],
     [
      14.508021,
      46.053024
     ],
     [
      14.508003,
      46.053064
     ],
     [
      14.507996,
      46.053104
     ],
     [
      14.508003,
      46.053149
     ],
     [
      14.508017,
      46.053189
     ],
     [
      14.508137,
      46.053444
     ],
     [
      14.50819,
      46.053503
     ],
     [
      14.508225,
      46.053555
     ],
     [
      14.508243,
      46.053559
     ],
     [
      14.508266,
      46.053568
     ],
     [
      14.508281,
      46.053577
     ],
     [
      14.508299,
      46.053588
     ],
     [
      14.508332,
      46.053631
     ],
     [
      14.508455,
      46.053783
     ],
     [
      14.508471,
      46.053796
     ],
     [
      14.508509,
      46.053813
     ],
     [
      14.508534,
      46.05382
     ],
     [
      14.508568,
      46.053824
     ],
     [
      14.508616,
      46.053827
     ],
     [
      14.508644,
      46.053833
     ],
     [
      14.508663,
      46.053842
     ],
     [
      14.50868,
      46.053853
     ],
     [
      14.508696,
      46.053865
     ],
     [
      14.508709,
      46.053878
     ],
     [
      14.50872,
      46.053893
     ],
     [
      14.508728,
      46.053908
     ],
     [
      14.508783,
      46.053898
     ],
     [
      14.508823,
      46.053891
     ],
     [
      14.50887,
      46.053881
     ],
     [
      14.509268,
      46.053801
     ],
     [
      14.509298,
      46.053795
     ],
     [
      14.509409,
      46.053772
     ],
     [
      14.509685,
      46.053719
     ],
     [
      14.509844,
      46.053689
     ],
     [
      14.51016,
      46.053627
     ],
     [
      14.510264,
      46.053606
     ],
     [
      14.510428,
      46.053574
     ],
     [
      14.510536,
      46.053555
     ],
     [
      14.510536,
      46.053555
     ],
     [
      14.510428,
      46.053574
     ],
     [
      14.510264,
      46.053606
     ],
     [
      14.51016,
      46.053627
     ],
     [
      14.509844,
      46.053689
     ],
     [
      14.509685,
      46.053719
     ],
     [
      14.509409,
      46.053772
     ],
     [
      14.509298,
      46.053795
     ],
     [
      14.509268,
      46.053801
     ],
     [
      14.50887,
      46.053881
     ],
     [
      14.508823,
      46.053891
     ],
     [
      14.508783,
      46.053898
     ],
     [
      14.508728,
      46.053908
     ],
     [
      14.508661,
      46.053921
     ],
     [
      14.508666,
      46.053941
     ],
     [
      14.508661,
      46.05396
     ],
     [
      14.508648,
      46.053977
     ],
     [
      14.508638,
      46.053985
     ],
     [
      14.508625,
      46.053991
     ],
     [
      14.508612,
      46.053996
     ],
     [
      14.508597,
      46.054049
     ],
     [
      14.508567,
      46.054139
     ],
     [
      14.508513,
      46.054179
     ],
     [
      14.508461,
      46.054207
     ],
     [
      14.508407,
      46.054223
     ],
     [
      14.508342,
      46.054238
     ],
     [
      14.508294,
      46.054247
     ],
     [
      14.508129,
      46.05428
     ],
     [
      14.507932,
      46.054319
     ],
     [
      14.507932,
      46.054319
     ],
     [
      14.507412,
      46.054422
     ],
     [
      14.507344,
      46.054435
     ],
     [
      14.507264,
      46.054452
     ],
     [
      14.507169,
      46.054471
     ],
     [
      14.506658,
      46.054571
     ],
     [
      14.506183,
      46.054665
     ],
     [
      14.506084,
      46.054684
     ],
     [
      14.506018,
      46.054697
     ],
     [
      14.505887,
      46.054724
     ],
     [
      14.505482,
      46.054806
     ],
     [
      14.504991,
      46.054906
     ],
     [
      14.504886,
      46.054927
     ],
     [
      14.504783,
      46.054947
     ],
     [
      14.504742,
      46.054867
     ],
     [
      14.504718,
      46.05482
     ],
     [
      14.504672,
      46.054733
     ],
     [
      14.504625,
      46.054655
     ],
     [
      14.504475,
      46.054425
     ],
     [
      14.504413,
      46.054542
     ],
     [
      14.504378,
      46.054569
     ],
     [
      14.504206,
      46.054672
     ],
     [
      14.504095,
      46.054753
     ],
     [
      14.503946,
      46.05486
     ],
     [
      14.503772,
      46.054971
     ],
     [
      14.503738,
      46.054991
     ],
     [
      14.503534,
      46.055117
     ],
     [
      14.503393,
      46.055198
     ],
     [
      14.503303,
      46.05525
     ],
     [
      14.503068,
      46.055377
     ],
     [
      14.502815,
      46.055526
     ],
     [
      14.502815,
      46.055526
     ],
     [
      14.502893,
      46.055592
     ],
     [
      14.502823,
      46.055634
     ],
     [
      14.502691,
      46.055713
     ],
     [
      14.502649,
      46.055746
     ],
     [
      14.502632,
      46.055759
     ],
     [
      14.502603,
      46.055782
     ],
     [
      14.502548,
      46.055824
     ],
     [
      14.502462,
      46.055884
     ],
     [
      14.502281,
      46.056019
     ],
     [
      14.502054,
      46.056206
     ],
     [
      14.501944,
      46.056309
     ],
     [
      14.501859,
      46.056396
     ],
     [
      14.501829,
      46.056433
     ],
     [
      14.501796,
      46.056497
     ],
     [
      14.501782,
      46.056546
     ],
     [
      14.501781,
      46.056579
     ],
     [
      14.501783,
      46.0566
     ],
     [
      14.501786,
      46.056624
     ],
     [
      14.501733,
      46.056671
     ],
     [
      14.5017,
      46.056701
     ],
     [
      14.501583,
      46.056804
     ],
     [
      14.501556,
      46.056828
     ],
     [
      14.501527,
      46.056853
     ],
     [
      14.501481,
      46.056897
     ],
     [
      14.501458,
      46.056918
     ],
     [
      14.501457,
      46.056927
     ],
     [
      14.501456,
      46.056949
     ],
     [
      14.501421,
      46.056949
     ],
     [
      14.501388,
      46.056953
     ],
     [
      14.501365,
      46.056959
     ],
     [
      14.501342,
      46.056965
     ],
     [
      14.501321,
      46.056972
     ],
     [
      14.5013,
      46.056984
     ],
     [
      14.501275,
      46.057002
     ],
     [
      14.501205,
      46.057066
     ],
     [
      14.500779,
      46.057478
     ],
     [
      14.500377,
      46.057864
     ],
     [
      14.500202,
      46.058027
     ],
     [
      14.499204,
      46.058929
     ],
     [
      14.4986,
      46.059498
     ],
     [
      14.498439,
      46.059673
     ],
     [
      14.498347,
      46.059759
     ],
     [
      14.498338,
      46.059767
     ],
     [
      14.498295,
      46.059811
     ],
     [
      14.498268,
      46.059845
     ],
     [
      14.498241,
      46.059875
     ],
     [
      14.498214,
      46.059901
     ],
     [
      14.498163,
      46.059876
     ],
     [
      14.498064,
      46.059831
     ],
     [
      14.497915,
      46.059758
     ],
     [
      14.497884,
      46.059741
     ],
     [
      14.49781,
      46.059729
     ],
     [
      14.497725,
      46.059683
     ],
     [
      14.497681,
      46.05966
     ],
     [
      14.497778,
      46.059575
     ],
     [
      14.497946,
      46.059412
     ],
     [
      14.498397,
      46.058994
     ],
     [
      14.498495,
      46.058831
     ],
     [
      14.498572,
      46.05871
     ],
     [
      14.498585,
      46.058672
     ],
     [
      14.498593,
      46.058635
     ],
     [
      14.498597,
      46.058572
     ],
     [
      14.498595,
      46.058465
     ],
     [
      14.498591,
      46.058339
     ],
     [
      14.498585,
      46.058137
     ],
     [
      14.498582,
      46.058034
     ],
     [
      14.498581,
      46.058001
     ],
     [
      14.498215,
      46.057973
     ],
     [
      14.498085,
      46.057963
     ],
     [
      14.497493,
      46.05792
     ],
     [
      14.497352,
      46.057909
     ],
     [
      14.497284,
      46.057904
     ],
     [
      14.497284,
      46.057904
     ],
     [
      14.497352,
      46.057909
     ],
     [
      14.497493,
      46.05792
     ],
     [
      14.498085,
      46.057963
     ],
     [
      14.498215,
      46.057973
     ],
     [
      14.498581,
      46.058001
     ],
     [
      14.498582,
      46.058034
     ],
     [
      14.498585,
      46.058137
     ],
     [
      14.498591,
      46.058339
     ],
     [
      14.498595,
      46.058465
     ],
     [
      14.498597,
      46.058572
     ],
     [
      14.498593,
      46.058635
     ],
     [
      14.498585,
      46.058672
     ],
     [
      14.498572,
      46.05871
     ],
     [
      14.498495,
      46.058831
     ],
     [
      14.498397,
      46.058994
     ],
     [
      14.497946,
      46.059412
     ],
     [
      14.497778,
      46.059575
     ],
     [
      14.49792,
      46.05963
     ],
     [
      14.497979,
      46.059658
     ],
     [
      14.498049,
      46.059599
     ],
     [
      14.498064,
      46.059586
     ],
     [
      14.498122,
      46.059592
     ],
     [
      14.49815,
      46.059586
     ],
     [
      14.498169,
      46.059577
     ],
     [
      14.498211,
      46.059531
     ],
     [
      14.498246,
      46.059553
     ],
     [
      14.498327,
      46.0596
     ],
     [
      14.498389,
      46.059638
     ],
     [
      14.498439,
      46.059673
     ],
     [
      14.498347,
      46.059759
     ],
     [
      14.498338,
      46.059767
     ],
     [
      14.498295,
      46.059811
     ],
     [
      14.498268,
      46.059845
     ],
     [
      14.498241,
      46.059875
     ],
     [
      14.498214,
      46.059901
     ],
     [
      14.497993,
      46.060076
     ],
     [
      14.497903,
      46.060151
     ],
     [
      14.497753,
      46.060266
     ],
     [
      14.497705,
      46.060303
     ],
     [
      14.497602,
      46.060368
     ],
     [
      14.497494,
      46.060423
     ],
     [
      14.497374,
      46.060521
     ],
     [
      14.496991,
      46.060837
     ],
     [
      14.496744,
      46.061044
     ],
     [
      14.496704,
      46.06108
     ],
     [
      14.496661,
      46.061121
     ],
     [
      14.496651,
      46.061135
     ],
     [
      14.496632,
      46.061151
     ],
     [
      14.496621,
      46.061166
     ],
     [
      14.496566,
      46.061223
     ],
     [
      14.496427,
      46.061371
     ],
     [
      14.496246,
      46.061575
     ],
     [
      14.496183,
      46.061655
     ],
     [
      14.496167,
      46.061677
     ],
     [
      14.496113,
      46.061727
     ],
     [
      14.49608,
      46.061747
     ],
     [
      14.495499,
      46.062553
     ],
     [
      14.495492,
      46.062582
     ],
     [
      14.495384,
      46.062731
     ],
     [
      14.495308,
      46.062826
     ],
     [
      14.495265,
      46.062881
     ],
     [
      14.495064,
      46.063168
     ],
     [
      14.495023,
      46.063228
     ],
     [
      14.49498,
      46.06331
     ],
     [
      14.494909,
      46.063422
     ],
     [
      14.494852,
      46.063521
     ],
     [
      14.494782,
      46.063652
     ],
     [
      14.494737,
      46.06375
     ],
     [
      14.494645,
      46.063969
     ],
     [
      14.494546,
      46.064254
     ],
     [
      14.494545,
      46.06438
     ],
     [
      14.494543,
      46.064469
     ],
     [
      14.494543,
      46.064481
     ],
     [
      14.494536,
      46.064526
     ],
     [
      14.494529,
      46.06457
     ],
     [
      14.494521,
      46.064581
     ],
     [
      14.494508,
      46.064597
     ],
     [
      14.494486,
      46.064615
     ],
     [
      14.494457,
      46.064631
     ],
     [
      14.494443,
      46.06464
     ],
     [
      14.494431,
      46.064651
     ],
     [
      14.494372,
      46.064749
     ],
     [
      14.494305,
      46.064859
     ],
     [
      14.494291,
      46.064883
     ],
     [
      14.494182,
      46.065029
     ],
     [
      14.494101,
      46.06515
     ],
     [
      14.494095,
      46.065158
     ],
     [
      14.494067,
      46.0652
     ],
     [
      14.494039,
      46.065242
     ],
     [
      14.494017,
      46.06527
     ],
     [
      14.493989,
      46.065306
     ],
     [
      14.493811,
      46.065479
     ],
     [
      14.493692,
      46.065615
     ],
     [
      14.493562,
      46.065752
     ],
     [
      14.493256,
      46.06607
     ],
     [
      14.4931,
      46.06623
     ],
     [
      14.493056,
      46.066262
     ],
     [
      14.492835,
      46.066488
     ],
     [
      14.492667,
      46.066663
     ],
     [
      14.492513,
      46.066828
     ],
     [
      14.492505,
      46.066853
     ],
     [
      14.492266,
      46.06713
     ],
     [
      14.492247,
      46.067159
     ],
     [
      14.492234,
      46.067185
     ],
     [
      14.492231,
      46.067193
     ],
     [
      14.492225,
      46.067212
     ],
     [
      14.492221,
      46.067231
     ],
     [
      14.49222,
      46.067251
     ],
     [
      14.492222,
      46.067277
     ],
     [
      14.492228,
      46.067296
     ],
     [
      14.492236,
      46.067311
     ],
     [
      14.49225,
      46.067331
     ],
     [
      14.492201,
      46.067348
     ],
     [
      14.49217,
      46.067361
     ],
     [
      14.49214,
      46.067374
     ],
     [
      14.492098,
      46.067413
     ],
     [
      14.492067,
      46.067445
     ],
     [
      14.49199,
      46.067517
     ],
     [
      14.491895,
      46.06762
     ],
     [
      14.491881,
      46.067657
     ],
     [
      14.491855,
      46.067668
     ],
     [
      14.491822,
      46.067688
     ],
     [
      14.491791,
      46.067709
     ],
     [
      14.491679,
      46.067794
     ],
     [
      14.491637,
      46.067832
     ],
     [
      14.491551,
      46.067915
     ],
     [
      14.491355,
      46.068117
     ],
     [
      14.491305,
      46.068163
     ],
     [
      14.491263,
      46.068205
     ],
     [
      14.4912,
      46.068265
     ],
     [
      14.49105,
      46.068416
     ],
     [
      14.491009,
      46.068443
     ],
     [
      14.490818,
      46.068636
     ],
     [
      14.490774,
      46.068725
     ],
     [
      14.490715,
      46.068827
     ],
     [
      14.490685,
      46.068865
     ],
     [
      14.490497,
      46.069063
     ],
     [
      14.490324,
      46.069243
     ],
     [
      14.490286,
      46.069281
     ],
     [
      14.490255,
      46.069305
     ],
     [
      14.490214,
      46.069332
     ],
     [
      14.4901,
      46.069399
     ],
     [
      14.489834,
      46.069672
     ],
     [
      14.48982,
      46.069702
     ],
     [
      14.489762,
      46.069764
     ],
     [
      14.489449,
      46.070092
     ],
     [
      14.488914,
      46.07066
     ],
     [
      14.488831,
      46.070752
     ],
     [
      14.488791,
      46.070794
     ],
     [
      14.488751,
      46.070836
     ],
     [
      14.488457,
      46.071141
     ],
     [
      14.488109,
      46.071528
     ],
     [
      14.488104,
      46.071536
     ],
     [
      14.487734,
      46.071935
     ],
     [
      14.487579,
      46.072103
     ],
     [
      14.487442,
      46.072123
     ],
     [
      14.487223,
      46.072361
     ],
     [
      14.487081,
      46.072514
     ],
     [
      14.486921,
      46.072687
     ],
     [
      14.486542,
      46.0731
     ],
     [
      14.486167,
      46.073503
     ],
     [
      14.486117,
      46.073557
     ],
     [
      14.486126,
      46.073612
     ],
     [
      14.486151,
      46.073687
     ],
     [
      14.486113,
      46.073724
     ],
     [
      14.486087,
      46.07375
     ],
     [
      14.486017,
      46.073819
     ],
     [
      14.485961,
      46.073877
     ],
     [
      14.485944,
      46.073895
     ],
     [
      14.485925,
      46.073914
     ],
     [
      14.485688,
      46.074139
     ],
     [
      14.485616,
      46.074203
     ],
     [
      14.485459,
      46.074341
     ],
     [
      14.485412,
      46.074393
     ],
     [
      14.48537,
      46.074433
     ],
     [
      14.485343,
      46.074454
     ],
     [
      14.485291,
      46.074495
     ],
     [
      14.485241,
      46.07453
     ],
     [
      14.485192,
      46.074571
     ],
     [
      14.484984,
      46.074744
     ],
     [
      14.484908,
      46.074809
     ],
     [
      14.484831,
      46.074875
     ],
     [
      14.484743,
      46.074949
     ],
     [
      14.484709,
      46.074972
     ],
     [
      14.484676,
      46.074996
     ],
     [
      14.484644,
      46.075017
     ],
     [
      14.484607,
      46.07504
     ],
     [
      14.484586,
      46.075054
     ],
     [
      14.484548,
      46.075084
     ],
     [
      14.484203,
      46.075372
     ],
     [
      14.484154,
      46.075412
     ],
     [
      14.4841,
      46.075459
     ],
     [
      14.483875,
      46.075655
     ],
     [
      14.48379,
      46.075729
     ],
     [
      14.483756,
      46.075761
     ],
     [
      14.483646,
      46.075863
     ],
     [
      14.483603,
      46.075904
     ],
     [
      14.48341,
      46.076092
     ],
     [
      14.483251,
      46.076258
     ],
     [
      14.483188,
      46.076334
     ],
     [
      14.483172,
      46.076357
     ],
     [
      14.483155,
      46.076391
     ],
     [
      14.483148,
      46.076414
     ],
     [
      14.483138,
      46.076443
     ],
     [
      14.483136,
      46.076481
     ],
     [
      14.483112,
      46.076498
     ],
     [
      14.483079,
      46.07652
     ],
     [
      14.48305,
      46.076539
     ],
     [
      14.48304,
      46.076546
     ],
     [
      14.483007,
      46.076593
     ],
     [
      14.482977,
      46.076631
     ],
     [
      14.482961,
      46.07665
     ],
     [
      14.482923,
      46.076696
     ],
     [
      14.4829,
      46.076723
     ],
     [
      14.482889,
      46.076735
     ],
     [
      14.482867,
      46.076759
     ],
     [
      14.482846,
      46.07678
     ],
     [
      14.482823,
      46.076803
     ],
     [
      14.482813,
      46.076814
     ],
     [
      14.482724,
      46.076926
     ],
     [
      14.482543,
      46.077169
     ],
     [
      14.482427,
      46.077333
     ],
     [
      14.482233,
      46.077618
     ],
     [
      14.482072,
      46.077887
     ],
     [
      14.481996,
      46.078013
     ],
     [
      14.481788,
      46.078363
     ],
     [
      14.48177,
      46.078397
     ],
     [
      14.481763,
      46.078421
     ],
     [
      14.48176,
      46.07844
     ],
     [
      14.481759,
      46.078467
     ],
     [
      14.481764,
      46.078504
     ],
     [
      14.481774,
      46.078538
     ],
     [
      14.48179,
      46.078582
     ],
     [
      14.481698,
      46.078601
     ],
     [
      14.481667,
      46.078608
     ],
     [
      14.481629,
      46.078616
     ],
     [
      14.481602,
      46.078621
     ],
     [
      14.481585,
      46.078626
     ],
     [
      14.481577,
      46.078629
     ],
     [
      14.481557,
      46.078641
     ],
     [
      14.481547,
      46.078648
     ],
     [
      14.481541,
      46.078654
     ],
     [
      14.481515,
      46.078686
     ],
     [
      14.481467,
      46.078734
     ],
     [
      14.481447,
      46.078756
     ],
     [
      14.481147,
      46.079191
     ],
     [
      14.481137,
      46.079214
     ],
     [
      14.481123,
      46.079259
     ],
     [
      14.48111,
      46.079299
     ],
     [
      14.481105,
      46.079324
     ],
     [
      14.481106,
      46.079341
     ],
     [
      14.48111,
      46.079356
     ],
     [
      14.481115,
      46.07937
     ],
     [
      14.481124,
      46.079387
     ],
     [
      14.481141,
      46.079411
     ],
     [
      14.481158,
      46.079433
     ],
     [
      14.481192,
      46.07948
     ],
     [
      14.481135,
      46.079498
     ],
     [
      14.481096,
      46.079513
     ],
     [
      14.481059,
      46.07953
     ],
     [
      14.481018,
      46.079556
     ],
     [
      14.48098,
      46.079586
     ],
     [
      14.480948,
      46.079617
     ],
     [
      14.480878,
      46.079706
     ],
     [
      14.480851,
      46.07974
     ],
     [
      14.480777,
      46.079828
     ],
     [
      14.480444,
      46.080245
     ],
     [
      14.480184,
      46.080571
     ],
     [
      14.480142,
      46.080624
     ],
     [
      14.47981,
      46.081087
     ],
     [
      14.479765,
      46.081153
     ],
     [
      14.479723,
      46.081213
     ],
     [
      14.479059,
      46.082173
     ],
     [
      14.479019,
      46.082232
     ],
     [
      14.478976,
      46.082297
     ],
     [
      14.478782,
      46.082574
     ],
     [
      14.47876,
      46.082603
     ],
     [
      14.478747,
      46.082617
     ],
     [
      14.478729,
      46.082632
     ],
     [
      14.478708,
      46.082646
     ],
     [
      14.478679,
      46.082662
     ],
     [
      14.47866,
      46.082677
     ],
     [
      14.478644,
      46.082695
     ],
     [
      14.478615,
      46.082735
     ],
     [
      14.478571,
      46.0828
     ],
     [
      14.478553,
      46.08283
     ],
     [
      14.478543,
      46.082858
     ],
     [
      14.478514,
      46.082973
     ],
     [
      14.47848,
      46.083102
     ],
     [
      14.478441,
      46.083157
     ],
     [
      14.478402,
      46.083213
     ],
     [
      14.478367,
      46.083238
     ],
     [
      14.478307,
      46.083297
     ],
     [
      14.478246,
      46.08336
     ],
     [
      14.478131,
      46.083509
     ],
     [
      14.478008,
      46.083665
     ],
     [
      14.477973,
      46.083703
     ],
     [
      14.477892,
      46.083788
     ],
     [
      14.477814,
      46.083879
     ],
     [
      14.4777,
      46.08401
     ],
     [
      14.477674,
      46.084033
     ],
     [
      14.477649,
      46.084055
     ],
     [
      14.477625,
      46.084073
     ],
     [
      14.477475,
      46.084235
     ],
     [
      14.477345,
      46.084367
     ],
     [
      14.477244,
      46.084466
     ],
     [
      14.477189,
      46.084538
     ],
     [
      14.477091,
      46.084632
     ],
     [
      14.476966,
      46.084754
     ],
     [
      14.476914,
      46.084804
     ],
     [
      14.476879,
      46.084837
     ],
     [
      14.476451,
      46.085248
     ],
     [
      14.476145,
      46.085542
     ],
     [
      14.47609,
      46.085576
     ],
     [
      14.476009,
      46.085624
     ],
     [
      14.475978,
      46.08565
     ],
     [
      14.475952,
      46.085677
     ],
     [
      14.475913,
      46.085732
     ],
     [
      14.475867,
      46.085807
     ],
     [
      14.475464,
      46.086196
     ],
     [
      14.475382,
      46.086287
     ],
     [
      14.475343,
      46.086332
     ],
     [
      14.47478,
      46.08691
     ],
     [
      14.47476,
      46.086931
     ],
     [
      14.474717,
      46.086968
     ],
     [
      14.474667,
      46.087012
     ],
     [
      14.474454,
      46.087247
     ],
     [
      14.474182,
      46.087548
     ],
     [
      14.474103,
      46.087635
     ],
     [
      14.474067,
      46.087679
     ],
     [
      14.474052,
      46.087705
     ],
     [
      14.474041,
      46.08773
     ],
     [
      14.474032,
      46.087756
     ],
     [
      14.474018,
      46.087795
     ],
     [
      14.474,
      46.087864
     ],
     [
      14.473995,
      46.087881
     ],
     [
      14.473935,
      46.087949
     ],
     [
      14.473903,
      46.087982
     ],
     [
      14.473846,
      46.088034
     ],
     [
      14.473838,
      46.088066
     ],
     [
      14.47383,
      46.088093
     ],
     [
      14.473817,
      46.088109
     ],
     [
      14.473802,
      46.088119
     ],
     [
      14.473771,
      46.088124
     ],
     [
      14.473746,
      46.088131
     ],
     [
      14.473712,
      46.088142
     ],
     [
      14.473674,
      46.088158
     ],
     [
      14.473622,
      46.088195
     ],
     [
      14.473564,
      46.088248
     ],
     [
      14.472317,
      46.089653
     ],
     [
      14.472187,
      46.089799
     ],
     [
      14.471753,
      46.090296
     ],
     [
      14.471701,
      46.090374
     ],
     [
      14.471649,
      46.090449
     ],
     [
      14.471604,
      46.090512
     ],
     [
      14.47159,
      46.090525
     ],
     [
      14.471474,
      46.090627
     ],
     [
      14.471453,
      46.090651
     ],
     [
      14.471108,
      46.091038
     ],
     [
      14.469403,
      46.092956
     ],
     [
      14.469367,
      46.093003
     ],
     [
      14.469342,
      46.093048
     ],
     [
      14.469321,
      46.093094
     ],
     [
      14.469278,
      46.0932
     ],
     [
      14.46924,
      46.093238
     ],
     [
      14.46918,
      46.093298
     ],
     [
      14.469087,
      46.093366
     ],
     [
      14.469046,
      46.093396
     ],
     [
      14.468989,
      46.093444
     ],
     [
      14.468969,
      46.093465
     ],
     [
      14.468758,
      46.093704
     ],
     [
      14.468735,
      46.093731
     ],
     [
      14.468699,
      46.093766
     ],
     [
      14.468637,
      46.093825
     ],
     [
      14.468611,
      46.09385
     ],
     [
      14.46859,
      46.093873
     ],
     [
      14.468328,
      46.094155
     ],
     [
      14.468196,
      46.094291
     ],
     [
      14.468041,
      46.094446
     ],
     [
      14.467603,
      46.09486
     ],
     [
      14.467532,
      46.094925
     ],
     [
      14.467513,
      46.094938
     ],
     [
      14.467492,
      46.094952
     ],
     [
      14.467461,
      46.094967
     ],
     [
      14.467418,
      46.094983
     ],
     [
      14.467385,
      46.095001
     ],
     [
      14.467359,
      46.095021
     ],
     [
      14.467053,
      46.095284
     ],
     [
      14.466758,
      46.095528
     ],
     [
      14.466419,
      46.095788
     ],
     [
      14.46617,
      46.095974
     ],
     [
      14.466056,
      46.096056
     ],
     [
      14.466013,
      46.09609
     ],
     [
      14.465946,
      46.096159
     ],
     [
      14.465884,
      46.096242
     ],
     [
      14.465881,
      46.096261
     ],
     [
      14.465885,
      46.096283
     ],
     [
      14.4659,
      46.096309
     ],
     [
      14.465923,
      46.096337
     ],
     [
      14.465969,
      46.09638
     ],
     [
      14.466228,
      46.096628
     ],
     [
      14.466269,
      46.096664
     ],
     [
      14.466337,
      46.09671
     ],
     [
      14.466324,
      46.096716
     ],
     [
      14.466248,
      46.096748
     ],
     [
      14.466167,
      46.096785
     ],
     [
      14.466139,
      46.096812
     ],
     [
      14.466118,
      46.096842
     ],
     [
      14.46599,
      46.096917
     ],
     [
      14.465569,
      46.097163
     ],
     [
      14.465277,
      46.097332
     ],
     [
      14.465062,
      46.097454
     ],
     [
      14.464671,
      46.09765
     ],
     [
      14.464398,
      46.09779
     ],
     [
      14.46435,
      46.09783
     ],
     [
      14.464294,
      46.09789
     ],
     [
      14.464097,
      46.097987
     ],
     [
      14.463814,
      46.098124
     ],
     [
      14.463628,
      46.098216
     ],
     [
      14.463516,
      46.09827
     ],
     [
      14.463565,
      46.098324
     ],
     [
      14.463636,
      46.098403
     ],
     [
      14.463657,
      46.09843
     ],
     [
      14.463677,
      46.098457
     ],
     [
      14.46369,
      46.098479
     ],
     [
      14.463699,
      46.098501
     ],
     [
      14.463718,
      46.098583
     ],
     [
      14.463714,
      46.098591
     ],
     [
      14.4637,
      46.098733
     ],
     [
      14.463689,
      46.098788
     ],
     [
      14.463681,
      46.098813
     ],
     [
      14.46367,
      46.098849
     ],
     [
      14.463632,
      46.098927
     ],
     [
      14.463327,
      46.099453
     ],
     [
      14.463284,
      46.099541
     ],
     [
      14.462981,
      46.100036
     ],
     [
      14.462932,
      46.100118
     ],
     [
      14.462768,
      46.100392
     ],
     [
      14.462698,
      46.100529
     ],
     [
      14.46266,
      46.100621
     ],
     [
      14.462611,
      46.100791
     ],
     [
      14.462563,
      46.100994
     ],
     [
      14.46246,
      46.101437
     ],
     [
      14.462426,
      46.101502
     ],
     [
      14.462369,
      46.101518
     ],
     [
      14.462319,
      46.101527
     ],
     [
      14.462254,
      46.101534
     ],
     [
      14.462099,
      46.101551
     ],
     [
      14.461978,
      46.101565
     ],
     [
      14.461863,
      46.101581
     ],
     [
      14.461746,
      46.101606
     ],
     [
      14.461649,
      46.101631
     ],
     [
      14.461512,
      46.101679
     ],
     [
      14.461384,
      46.101736
     ],
     [
      14.461042,
      46.101899
     ],
     [
      14.460862,
      46.101981
     ],
     [
      14.460614,
      46.102094
     ],
     [
      14.460182,
      46.102295
     ],
     [
      14.459958,
      46.102077
     ],
     [
      14.459635,
      46.101758
     ],
     [
      14.459625,
      46.101726
     ],
     [
      14.459651,
      46.10167
     ],
     [
      14.458961,
      46.100988
     ],
     [
      14.458924,
      46.100954
     ],
     [
      14.458993,
      46.100919
     ],
     [
      14.459137,
      46.100837
     ],
     [
      14.459152,
      46.100753
     ],
     [
      14.459073,
      46.10069
     ]
    ]
   }
  },
  {
   "type": "Feature",
   "properties": {
    "kind": "closure",
    "name": "Moški elite: km 0–1 (Ljubljana - Šentvid)",
    "note": "Kratkotrajna zapora ob prehodu kolesarjev (policija, do ~30 min). Čas iz uradne časovnice.",
    "start": "2026-10-04T12:34",
    "end": "2026-10-04T13:00",
    "length_m": 968
   },
   "geometry": {
    "type": "LineString",
    "coordinates": [
     [
      14.459238,
      46.100608
     ],
     [
      14.458944,
      46.100767
     ],
     [
      14.458943,
      46.100767
     ],
     [
      14.458855,
      46.100814
     ],
     [
      14.458429,
      46.101073
     ],
     [
      14.458172,
      46.10123
     ],
     [
      14.457983,
      46.101352
     ],
     [
      14.456452,
      46.1023
     ],
     [
      14.455584,
      46.102841
     ],
     [
      14.45511,
      46.103134
     ],
     [
      14.454672,
      46.103438
     ],
     [
      14.454481,
      46.103583
     ],
     [
      14.454149,
      46.103849
     ],
     [
      14.454,
      46.103978
     ],
     [
      14.453972,
      46.104002
     ],
     [
      14.453884,
      46.104137
     ],
     [
      14.453345,
      46.104681
     ],
     [
      14.453303,
      46.104724
     ],
     [
      14.453151,
      46.104882
     ],
     [
      14.452775,
      46.10528
     ],
     [
      14.452682,
      46.105395
     ],
     [
      14.452297,
      46.105823
     ],
     [
      14.452086,
      46.10613
     ],
     [
      14.451829,
      46.106476
     ],
     [
      14.451733,
      46.106591
     ],
     [
      14.451575,
      46.106759
     ],
     [
      14.451449,
      46.106881
     ],
     [
      14.45133,
      46.106984
     ],
     [
      14.451106,
      46.107156
     ]
    ]
   }
  },
  {
   "type": "Feature",
   "properties": {
    "kind": "closure",
    "name": "Moški elite: km 1–2 (Ljubljana - Šentvid)",
    "note": "Kratkotrajna zapora ob prehodu kolesarjev (policija, do ~30 min). Čas iz uradne časovnice.",
    "start": "2026-10-04T12:35",
    "end": "2026-10-04T13:01",
    "length_m": 870
   },
   "geometry": {
    "type": "LineString",
    "coordinates": [
     [
      14.450791,
      46.107384
     ],
     [
      14.450457,
      46.107614
     ],
     [
      14.450104,
      46.107832
     ],
     [
      14.449746,
      46.108027
     ],
     [
      14.449554,
      46.108109
     ],
     [
      14.449396,
      46.108172
     ],
     [
      14.449318,
      46.108201
     ],
     [
      14.449223,
      46.108238
     ],
     [
      14.449114,
      46.10831
     ],
     [
      14.44857,
      46.108509
     ],
     [
      14.448344,
      46.108576
     ],
     [
      14.448087,
      46.108699
     ],
     [
      14.447997,
      46.108744
     ],
     [
      14.447664,
      46.10894
     ],
     [
      14.447423,
      46.109098
     ],
     [
      14.447178,
      46.109271
     ],
     [
      14.446972,
      46.109436
     ],
     [
      14.446722,
      46.109672
     ],
     [
      14.446411,
      46.110004
     ],
     [
      14.44612,
      46.110334
     ],
     [
      14.445855,
      46.110651
     ],
     [
      14.445792,
      46.110738
     ],
     [
      14.444654,
      46.112365
     ],
     [
      14.44447,
      46.112616
     ],
     [
      14.444437,
      46.112662
     ],
     [
      14.443936,
      46.113377
     ]
    ]
   }
  },
  {
   "type": "Feature",
   "properties": {
    "kind": "closure",
    "name": "Moški elite: km 2–3 (Ljubljana - Šentvid)",
    "note": "Kratkotrajna zapora ob prehodu kolesarjev (policija, do ~30 min). Čas iz uradne časovnice.",
    "start": "2026-10-04T12:36",
    "end": "2026-10-04T13:03",
    "length_m": 918
   },
   "geometry": {
    "type": "LineString",
    "coordinates": [
     [
      14.443103,
      46.114591
     ],
     [
      14.443009,
      46.11474
     ],
     [
      14.442843,
      46.115006
     ],
     [
      14.442396,
      46.115807
     ],
     [
      14.442328,
      46.115928
     ],
     [
      14.442187,
      46.11618
     ],
     [
      14.442015,
      46.116487
     ],
     [
      14.441634,
      46.117171
     ],
     [
      14.441472,
      46.117454
     ],
     [
      14.441208,
      46.117856
     ],
     [
      14.440235,
      46.119271
     ],
     [
      14.440146,
      46.119401
     ],
     [
      14.440025,
      46.119578
     ],
     [
      14.44001,
      46.119601
     ],
     [
      14.439964,
      46.119673
     ],
     [
      14.439868,
      46.11982
     ],
     [
      14.439623,
      46.120182
     ],
     [
      14.439489,
      46.120376
     ],
     [
      14.43909,
      46.120956
     ],
     [
      14.438617,
      46.121651
     ],
     [
      14.438445,
      46.12194
     ],
     [
      14.43841,
      46.122014
     ],
     [
      14.438337,
      46.122189
     ]
    ]
   }
  },
  {
   "type": "Feature",
   "properties": {
    "kind": "closure",
    "name": "Moški elite: km 3–4 (Medno)",
    "note": "Kratkotrajna zapora ob prehodu kolesarjev (policija, do ~30 min). Čas iz uradne časovnice.",
    "start": "2026-10-04T12:37",
    "end": "2026-10-04T13:04",
    "length_m": 940
   },
   "geometry": {
    "type": "LineString",
    "coordinates": [
     [
      14.437992,
      46.123107
     ],
     [
      14.4379,
      46.123295
     ],
     [
      14.437797,
      46.123487
     ],
     [
      14.437693,
      46.123646
     ],
     [
      14.437553,
      46.123843
     ],
     [
      14.437362,
      46.124065
     ],
     [
      14.436928,
      46.124528
     ],
     [
      14.436703,
      46.124781
     ],
     [
      14.436495,
      46.125033
     ],
     [
      14.43629,
      46.125321
     ],
     [
      14.435951,
      46.125847
     ],
     [
      14.435783,
      46.126106
     ],
     [
      14.435703,
      46.126229
     ],
     [
      14.435581,
      46.126397
     ],
     [
      14.435448,
      46.126555
     ],
     [
      14.435306,
      46.126695
     ],
     [
      14.435018,
      46.126941
     ],
     [
      14.434794,
      46.127088
     ],
     [
      14.434437,
      46.127287
     ],
     [
      14.433992,
      46.127485
     ],
     [
      14.433618,
      46.127616
     ],
     [
      14.433182,
      46.127744
     ],
     [
      14.432851,
      46.12782
     ],
     [
      14.432423,
      46.127894
     ],
     [
      14.432084,
      46.127936
     ],
     [
      14.431802,
      46.127954
     ],
     [
      14.431537,
      46.127961
     ],
     [
      14.430132,
      46.127968
     ],
     [
      14.429836,
      46.127968
     ],
     [
      14.429487,
      46.127969
     ]
    ]
   }
  },
  {
   "type": "Feature",
   "properties": {
    "kind": "closure",
    "name": "Moški elite: km 4–5 (Medno)",
    "note": "Kratkotrajna zapora ob prehodu kolesarjev (policija, do ~30 min). Čas iz uradne časovnice.",
    "start": "2026-10-04T12:38",
    "end": "2026-10-04T13:06",
    "length_m": 915
   },
   "geometry": {
    "type": "LineString",
    "coordinates": [
     [
      14.42905,
      46.127986
     ],
     [
      14.428893,
      46.127999
     ],
     [
      14.428742,
      46.128024
     ],
     [
      14.428426,
      46.128114
     ],
     [
      14.428301,
      46.128162
     ],
     [
      14.428123,
      46.12825
     ],
     [
      14.427962,
      46.128343
     ],
     [
      14.427818,
      46.128432
     ],
     [
      14.427473,
      46.128637
     ],
     [
      14.426145,
      46.12944
     ],
     [
      14.425899,
      46.129586
     ],
     [
      14.425584,
      46.12978
     ],
     [
      14.423566,
      46.130981
     ],
     [
      14.423327,
      46.131124
     ],
     [
      14.422254,
      46.131771
     ],
     [
      14.421498,
      46.132226
     ],
     [
      14.420992,
      46.132531
     ],
     [
      14.420818,
      46.132635
     ],
     [
      14.420362,
      46.132904
     ],
     [
      14.419907,
      46.133189
     ]
    ]
   }
  },
  {
   "type": "Feature",
   "properties": {
    "kind": "closure",
    "name": "Moški elite: km 5–6 (Medno)",
    "note": "Kratkotrajna zapora ob prehodu kolesarjev (policija, do ~30 min). Čas iz uradne časovnice.",
    "start": "2026-10-04T12:39",
    "end": "2026-10-04T13:08",
    "length_m": 984
   },
   "geometry": {
    "type": "LineString",
    "coordinates": [
     [
      14.419254,
      46.133621
     ],
     [
      14.419098,
      46.133753
     ],
     [
      14.418933,
      46.133911
     ],
     [
      14.418781,
      46.134071
     ],
     [
      14.418598,
      46.134262
     ],
     [
      14.418309,
      46.134571
     ],
     [
      14.418073,
      46.13484
     ],
     [
      14.418003,
      46.13492
     ],
     [
      14.417917,
      46.135015
     ],
     [
      14.417895,
      46.135042
     ],
     [
      14.417795,
      46.13516
     ],
     [
      14.417642,
      46.135342
     ],
     [
      14.417442,
      46.135598
     ],
     [
      14.417006,
      46.136219
     ],
     [
      14.416946,
      46.136312
     ],
     [
      14.416785,
      46.136532
     ],
     [
      14.416734,
      46.136602
     ],
     [
      14.416517,
      46.136897
     ],
     [
      14.416353,
      46.137084
     ],
     [
      14.416222,
      46.1372
     ],
     [
      14.416034,
      46.137354
     ],
     [
      14.415816,
      46.137509
     ],
     [
      14.415494,
      46.1377
     ],
     [
      14.415324,
      46.137785
     ],
     [
      14.415111,
      46.137878
     ],
     [
      14.415041,
      46.137904
     ],
     [
      14.41498,
      46.137926
     ],
     [
      14.414854,
      46.137971
     ],
     [
      14.413841,
      46.138316
     ],
     [
      14.413396,
      46.138468
     ],
     [
      14.413058,
      46.138563
     ],
     [
      14.41287,
      46.138612
     ],
     [
      14.412785,
      46.138547
     ],
     [
      14.412662,
      46.138407
     ],
     [
      14.412611,
      46.138337
     ],
     [
      14.412566,
      46.138274
     ],
     [
      14.412458,
      46.138213
     ],
     [
      14.412385,
      46.138201
     ],
     [
      14.412306,
      46.13821
     ],
     [
      14.411937,
      46.138348
     ],
     [
      14.411876,
      46.138371
     ],
     [
      14.411557,
      46.13849
     ],
     [
      14.411357,
      46.138568
     ],
     [
      14.411295,
      46.13859
     ],
     [
      14.410971,
      46.138707
     ],
     [
      14.410853,
      46.138747
     ],
     [
      14.410832,
      46.138753
     ],
     [
      14.410668,
      46.138809
     ],
     [
      14.410576,
      46.13884
     ]
    ]
   }
  },
  {
   "type": "Feature",
   "properties": {
    "kind": "closure",
    "name": "Moški elite: km 6–7 (Medvode)",
    "note": "Kratkotrajna zapora ob prehodu kolesarjev (policija, do ~30 min). Čas iz uradne časovnice.",
    "start": "2026-10-04T12:41",
    "end": "2026-10-04T13:09",
    "length_m": 967
   },
   "geometry": {
    "type": "LineString",
    "coordinates": [
     [
      14.410219,
      46.138943
     ],
     [
      14.409958,
      46.138994
     ],
     [
      14.409747,
      46.139025
     ],
     [
      14.409572,
      46.139078
     ],
     [
      14.408106,
      46.13963
     ],
     [
      14.407572,
      46.139818
     ],
     [
      14.407026,
      46.139985
     ],
     [
      14.406497,
      46.140161
     ],
     [
      14.406047,
      46.140331
     ],
     [
      14.405618,
      46.140516
     ],
     [
      14.404983,
      46.140813
     ],
     [
      14.404675,
      46.140968
     ],
     [
      14.404457,
      46.141122
     ],
     [
      14.404355,
      46.141237
     ],
     [
      14.404171,
      46.141602
     ],
     [
      14.404066,
      46.14172
     ],
     [
      14.403968,
      46.141791
     ],
     [
      14.403826,
      46.14185
     ],
     [
      14.403689,
      46.141879
     ],
     [
      14.40358,
      46.141889
     ],
     [
      14.403477,
      46.141888
     ],
     [
      14.403373,
      46.141872
     ],
     [
      14.403276,
      46.141852
     ],
     [
      14.403038,
      46.141801
     ],
     [
      14.402918,
      46.14179
     ],
     [
      14.402834,
      46.141788
     ],
     [
      14.401929,
      46.141852
     ],
     [
      14.401355,
      46.141906
     ],
     [
      14.400402,
      46.142044
     ],
     [
      14.400087,
      46.142071
     ],
     [
      14.399601,
      46.142058
     ],
     [
      14.399196,
      46.142038
     ]
    ]
   }
  },
  {
   "type": "Feature",
   "properties": {
    "kind": "closure",
    "name": "Moški elite: km 7–8 (Medvode)",
    "note": "Kratkotrajna zapora ob prehodu kolesarjev (policija, do ~30 min). Čas iz uradne časovnice.",
    "start": "2026-10-04T12:42",
    "end": "2026-10-04T13:11",
    "length_m": 992
   },
   "geometry": {
    "type": "LineString",
    "coordinates": [
     [
      14.398885,
      46.142021
     ],
     [
      14.39883,
      46.142032
     ],
     [
      14.398539,
      46.142093
     ],
     [
      14.397668,
      46.142235
     ],
     [
      14.397445,
      46.142269
     ],
     [
      14.397326,
      46.142281
     ],
     [
      14.397188,
      46.142278
     ],
     [
      14.3971,
      46.142273
     ],
     [
      14.396861,
      46.142263
     ],
     [
      14.396585,
      46.142254
     ],
     [
      14.396355,
      46.142251
     ],
     [
      14.396138,
      46.142253
     ],
     [
      14.395939,
      46.142274
     ],
     [
      14.395167,
      46.142384
     ],
     [
      14.395075,
      46.142399
     ],
     [
      14.3949,
      46.142435
     ],
     [
      14.394552,
      46.142521
     ],
     [
      14.394377,
      46.142544
     ],
     [
      14.394252,
      46.142557
     ],
     [
      14.393997,
      46.142554
     ],
     [
      14.393652,
      46.142585
     ],
     [
      14.393385,
      46.14264
     ],
     [
      14.392921,
      46.142743
     ],
     [
      14.392701,
      46.142765
     ],
     [
      14.392447,
      46.142773
     ],
     [
      14.392233,
      46.14277
     ],
     [
      14.391268,
      46.142735
     ],
     [
      14.390576,
      46.142699
     ],
     [
      14.390031,
      46.142685
     ],
     [
      14.389701,
      46.142676
     ],
     [
      14.389507,
      46.142682
     ],
     [
      14.389285,
      46.142688
     ],
     [
      14.38905,
      46.142694
     ],
     [
      14.38825,
      46.142723
     ],
     [
      14.387928,
      46.142727
     ],
     [
      14.387628,
      46.142697
     ],
     [
      14.387011,
      46.142623
     ],
     [
      14.386527,
      46.142536
     ],
     [
      14.386215,
      46.14246
     ]
    ]
   }
  },
  {
   "type": "Feature",
   "properties": {
    "kind": "closure",
    "name": "Moški elite: km 8–9 (Medvode)",
    "note": "Kratkotrajna zapora ob prehodu kolesarjev (policija, do ~30 min). Čas iz uradne časovnice.",
    "start": "2026-10-04T12:44",
    "end": "2026-10-04T13:12",
    "length_m": 883
   },
   "geometry": {
    "type": "LineString",
    "coordinates": [
     [
      14.384988,
      46.142169
     ],
     [
      14.384652,
      46.142115
     ],
     [
      14.384585,
      46.142105
     ],
     [
      14.384321,
      46.142066
     ],
     [
      14.38405,
      46.142037
     ],
     [
      14.383455,
      46.141984
     ],
     [
      14.383309,
      46.141958
     ],
     [
      14.383002,
      46.141912
     ],
     [
      14.382827,
      46.141913
     ],
     [
      14.38271,
      46.141929
     ],
     [
      14.382598,
      46.141942
     ],
     [
      14.382442,
      46.141984
     ],
     [
      14.381909,
      46.142138
     ],
     [
      14.381438,
      46.142224
     ],
     [
      14.380886,
      46.142297
     ],
     [
      14.380744,
      46.142318
     ],
     [
      14.380379,
      46.142336
     ],
     [
      14.379805,
      46.142337
     ],
     [
      14.37956,
      46.14237
     ],
     [
      14.379292,
      46.142414
     ],
     [
      14.378791,
      46.142485
     ],
     [
      14.378452,
      46.142485
     ],
     [
      14.378223,
      46.142478
     ],
     [
      14.377896,
      46.142425
     ],
     [
      14.377723,
      46.142381
     ],
     [
      14.377486,
      46.142337
     ],
     [
      14.377328,
      46.142323
     ],
     [
      14.377197,
      46.142338
     ],
     [
      14.376947,
      46.142354
     ],
     [
      14.376698,
      46.142348
     ],
     [
      14.37655,
      46.142331
     ],
     [
      14.376076,
      46.142179
     ],
     [
      14.376009,
      46.142169
     ],
     [
      14.375714,
      46.142125
     ],
     [
      14.375419,
      46.14208
     ],
     [
      14.375218,
      46.142041
     ],
     [
      14.375006,
      46.141992
     ],
     [
      14.374665,
      46.141865
     ],
     [
      14.37425,
      46.141721
     ],
     [
      14.374133,
      46.141696
     ],
     [
      14.374077,
      46.141691
     ],
     [
      14.373897,
      46.141687
     ]
    ]
   }
  },
  {
   "type": "Feature",
   "properties": {
    "kind": "closure",
    "name": "Moški elite: km 9–10 (Medvode)",
    "note": "Kratkotrajna zapora ob prehodu kolesarjev (policija, do ~30 min). Čas iz uradne časovnice.",
    "start": "2026-10-04T12:45",
    "end": "2026-10-04T13:14",
    "length_m": 955
   },
   "geometry": {
    "type": "LineString",
    "coordinates": [
     [
      14.373456,
      46.141755
     ],
     [
      14.373089,
      46.141858
     ],
     [
      14.372948,
      46.141928
     ],
     [
      14.37283,
      46.142008
     ],
     [
      14.372746,
      46.142094
     ],
     [
      14.372655,
      46.142186
     ],
     [
      14.372601,
      46.142225
     ],
     [
      14.372475,
      46.142317
     ],
     [
      14.372388,
      46.142368
     ],
     [
      14.372075,
      46.142522
     ],
     [
      14.371753,
      46.142633
     ],
     [
      14.371406,
      46.142766
     ],
     [
      14.370943,
      46.142926
     ],
     [
      14.370941,
      46.142927
     ],
     [
      14.370628,
      46.143028
     ],
     [
      14.370187,
      46.143211
     ],
     [
      14.369734,
      46.143367
     ],
     [
      14.369181,
      46.14359
     ],
     [
      14.368861,
      46.143711
     ],
     [
      14.368314,
      46.143885
     ],
     [
      14.367935,
      46.143995
     ],
     [
      14.367379,
      46.144143
     ],
     [
      14.366346,
      46.14441
     ],
     [
      14.365971,
      46.144552
     ],
     [
      14.365475,
      46.144735
     ],
     [
      14.365161,
      46.144817
     ],
     [
      14.364513,
      46.144958
     ],
     [
      14.363531,
      46.145232
     ],
     [
      14.362453,
      46.14555
     ]
    ]
   }
  },
  {
   "type": "Feature",
   "properties": {
    "kind": "closure",
    "name": "Moški elite: km 10–11 (Sora)",
    "note": "Kratkotrajna zapora ob prehodu kolesarjev (policija, do ~30 min). Čas iz uradne časovnice.",
    "start": "2026-10-04T12:47",
    "end": "2026-10-04T13:15",
    "length_m": 956
   },
   "geometry": {
    "type": "LineString",
    "coordinates": [
     [
      14.362088,
      46.1457
     ],
     [
      14.361683,
      46.145965
     ],
     [
      14.361522,
      46.146076
     ],
     [
      14.361359,
      46.146163
     ],
     [
      14.361226,
      46.146211
     ],
     [
      14.360919,
      46.146303
     ],
     [
      14.360126,
      46.146466
     ],
     [
      14.358872,
      46.146698
     ],
     [
      14.358288,
      46.146836
     ],
     [
      14.35761,
      46.147041
     ],
     [
      14.35744,
      46.147089
     ],
     [
      14.357089,
      46.147197
     ],
     [
      14.356895,
      46.147258
     ],
     [
      14.356589,
      46.147335
     ],
     [
      14.356457,
      46.147352
     ],
     [
      14.356198,
      46.147366
     ],
     [
      14.356129,
      46.147458
     ],
     [
      14.355936,
      46.147863
     ],
     [
      14.355827,
      46.148185
     ],
     [
      14.355755,
      46.148364
     ],
     [
      14.355698,
      46.148476
     ],
     [
      14.355467,
      46.148711
     ],
     [
      14.355236,
      46.148903
     ],
     [
      14.355024,
      46.149066
     ],
     [
      14.354933,
      46.149168
     ],
     [
      14.354868,
      46.149386
     ],
     [
      14.354849,
      46.149483
     ],
     [
      14.354849,
      46.149671
     ],
     [
      14.354897,
      46.149831
     ],
     [
      14.354909,
      46.149942
     ],
     [
      14.354859,
      46.150042
     ],
     [
      14.354811,
      46.1501
     ],
     [
      14.354714,
      46.150188
     ],
     [
      14.354555,
      46.150301
     ],
     [
      14.354237,
      46.150448
     ],
     [
      14.353471,
      46.150761
     ]
    ]
   }
  },
  {
   "type": "Feature",
   "properties": {
    "kind": "closure",
    "name": "Moški elite: km 11–12 (Sora)",
    "note": "Kratkotrajna zapora ob prehodu kolesarjev (policija, do ~30 min). Čas iz uradne časovnice.",
    "start": "2026-10-04T12:48",
    "end": "2026-10-04T13:17",
    "length_m": 899
   },
   "geometry": {
    "type": "LineString",
    "coordinates": [
     [
      14.352063,
      46.151369
     ],
     [
      14.351708,
      46.151523
     ],
     [
      14.350186,
      46.152193
     ],
     [
      14.349876,
      46.152326
     ],
     [
      14.34925,
      46.15258
     ],
     [
      14.348877,
      46.152703
     ],
     [
      14.348295,
      46.152876
     ],
     [
      14.347673,
      46.153016
     ],
     [
      14.347329,
      46.153083
     ],
     [
      14.3471,
      46.153141
     ],
     [
      14.346379,
      46.153429
     ],
     [
      14.345654,
      46.153599
     ],
     [
      14.345338,
      46.153678
     ],
     [
      14.345019,
      46.153734
     ],
     [
      14.344879,
      46.153743
     ],
     [
      14.344688,
      46.153777
     ],
     [
      14.344587,
      46.153829
     ],
     [
      14.344235,
      46.153939
     ],
     [
      14.344074,
      46.154006
     ],
     [
      14.343856,
      46.154137
     ],
     [
      14.343604,
      46.154294
     ],
     [
      14.343459,
      46.154375
     ],
     [
      14.3433,
      46.154441
     ],
     [
      14.34306,
      46.154515
     ],
     [
      14.342617,
      46.154637
     ],
     [
      14.342109,
      46.154745
     ],
     [
      14.341622,
      46.154765
     ]
    ]
   }
  },
  {
   "type": "Feature",
   "properties": {
    "kind": "closure",
    "name": "Moški elite: km 12–13 (Sora)",
    "note": "Kratkotrajna zapora ob prehodu kolesarjev (policija, do ~30 min). Čas iz uradne časovnice.",
    "start": "2026-10-04T12:49",
    "end": "2026-10-04T13:19",
    "length_m": 886
   },
   "geometry": {
    "type": "LineString",
    "coordinates": [
     [
      14.340632,
      46.154819
     ],
     [
      14.339964,
      46.154871
     ],
     [
      14.339813,
      46.154912
     ],
     [
      14.339612,
      46.154983
     ],
     [
      14.339151,
      46.155131
     ],
     [
      14.339021,
      46.155179
     ],
     [
      14.338847,
      46.155254
     ],
     [
      14.338687,
      46.155363
     ],
     [
      14.337886,
      46.156016
     ],
     [
      14.337761,
      46.156091
     ],
     [
      14.337564,
      46.156185
     ],
     [
      14.337101,
      46.156304
     ],
     [
      14.336989,
      46.156355
     ],
     [
      14.336907,
      46.156417
     ],
     [
      14.336788,
      46.156573
     ],
     [
      14.336675,
      46.156633
     ],
     [
      14.336559,
      46.156708
     ],
     [
      14.336457,
      46.156756
     ],
     [
      14.336374,
      46.156838
     ],
     [
      14.336013,
      46.157293
     ],
     [
      14.335748,
      46.157528
     ],
     [
      14.335423,
      46.157791
     ],
     [
      14.334981,
      46.158346
     ],
     [
      14.334805,
      46.158528
     ],
     [
      14.33461,
      46.158692
     ],
     [
      14.334385,
      46.158848
     ],
     [
      14.334128,
      46.159
     ],
     [
      14.333891,
      46.159114
     ],
     [
      14.333208,
      46.159368
     ],
     [
      14.332668,
      46.159577
     ],
     [
      14.332329,
      46.159739
     ],
     [
      14.332176,
      46.159819
     ]
    ]
   }
  },
  {
   "type": "Feature",
   "properties": {
    "kind": "closure",
    "name": "Moški elite: km 13–14 (Sora)",
    "note": "Kratkotrajna zapora ob prehodu kolesarjev (policija, do ~30 min). Čas iz uradne časovnice.",
    "start": "2026-10-04T12:51",
    "end": "2026-10-04T13:20",
    "length_m": 899
   },
   "geometry": {
    "type": "LineString",
    "coordinates": [
     [
      14.330769,
      46.160559
     ],
     [
      14.33056,
      46.16063
     ],
     [
      14.330318,
      46.160671
     ],
     [
      14.329653,
      46.160678
     ],
     [
      14.329278,
      46.16075
     ],
     [
      14.328953,
      46.16082
     ],
     [
      14.328811,
      46.160849
     ],
     [
      14.328634,
      46.160894
     ],
     [
      14.328419,
      46.160949
     ],
     [
      14.328068,
      46.161024
     ],
     [
      14.32753,
      46.161094
     ],
     [
      14.327114,
      46.161131
     ],
     [
      14.326727,
      46.161193
     ],
     [
      14.326457,
      46.161252
     ],
     [
      14.326147,
      46.161357
     ],
     [
      14.325602,
      46.161669
     ],
     [
      14.325283,
      46.161837
     ],
     [
      14.324987,
      46.16193
     ],
     [
      14.324827,
      46.161954
     ],
     [
      14.324418,
      46.161979
     ],
     [
      14.324027,
      46.161972
     ],
     [
      14.323528,
      46.161945
     ],
     [
      14.323449,
      46.161941
     ],
     [
      14.323192,
      46.16193
     ],
     [
      14.322671,
      46.161929
     ],
     [
      14.322073,
      46.161977
     ],
     [
      14.321392,
      46.162045
     ],
     [
      14.321148,
      46.162065
     ],
     [
      14.3207,
      46.162102
     ],
     [
      14.320445,
      46.162113
     ],
     [
      14.320065,
      46.162066
     ],
     [
      14.319591,
      46.161999
     ]
    ]
   }
  },
  {
   "type": "Feature",
   "properties": {
    "kind": "closure",
    "name": "Moški elite: km 14–15 (Sora)",
    "note": "Kratkotrajna zapora ob prehodu kolesarjev (policija, do ~30 min). Čas iz uradne časovnice.",
    "start": "2026-10-04T12:52",
    "end": "2026-10-04T13:22",
    "length_m": 959
   },
   "geometry": {
    "type": "LineString",
    "coordinates": [
     [
      14.319314,
      46.161977
     ],
     [
      14.318979,
      46.161974
     ],
     [
      14.318584,
      46.162029
     ],
     [
      14.318284,
      46.162094
     ],
     [
      14.317814,
      46.162194
     ],
     [
      14.316995,
      46.16233
     ],
     [
      14.316091,
      46.162506
     ],
     [
      14.315318,
      46.162679
     ],
     [
      14.31523,
      46.162699
     ],
     [
      14.315103,
      46.162727
     ],
     [
      14.314875,
      46.162777
     ],
     [
      14.314562,
      46.162845
     ],
     [
      14.314459,
      46.16286
     ],
     [
      14.314283,
      46.162886
     ],
     [
      14.314147,
      46.162907
     ],
     [
      14.313887,
      46.162937
     ],
     [
      14.313751,
      46.16295
     ],
     [
      14.313514,
      46.162961
     ],
     [
      14.313365,
      46.162955
     ],
     [
      14.313215,
      46.162923
     ],
     [
      14.313008,
      46.162826
     ],
     [
      14.312865,
      46.162714
     ],
     [
      14.312695,
      46.162543
     ],
     [
      14.31261,
      46.162485
     ],
     [
      14.312515,
      46.162441
     ],
     [
      14.312286,
      46.162415
     ],
     [
      14.312162,
      46.162411
     ],
     [
      14.312014,
      46.162424
     ],
     [
      14.311874,
      46.162448
     ],
     [
      14.311746,
      46.162456
     ],
     [
      14.311353,
      46.162442
     ],
     [
      14.311261,
      46.162447
     ],
     [
      14.311104,
      46.162471
     ],
     [
      14.31093,
      46.162483
     ],
     [
      14.310829,
      46.16253
     ],
     [
      14.310748,
      46.162592
     ],
     [
      14.310617,
      46.162711
     ],
     [
      14.310485,
      46.162812
     ],
     [
      14.310012,
      46.163235
     ],
     [
      14.309946,
      46.163294
     ],
     [
      14.309846,
      46.163348
     ],
     [
      14.309765,
      46.163393
     ],
     [
      14.309584,
      46.163471
     ],
     [
      14.30923,
      46.163618
     ],
     [
      14.308737,
      46.163826
     ],
     [
      14.30854,
      46.163895
     ],
     [
      14.308336,
      46.163916
     ],
     [
      14.30836,
      46.164025
     ]
    ]
   }
  },
  {
   "type": "Feature",
   "properties": {
    "kind": "closure",
    "name": "Moški elite: km 15–16 (Škofja loka)",
    "note": "Kratkotrajna zapora ob prehodu kolesarjev (policija, do ~30 min). Čas iz uradne časovnice.",
    "start": "2026-10-04T12:54",
    "end": "2026-10-04T13:23",
    "length_m": 955
   },
   "geometry": {
    "type": "LineString",
    "coordinates": [
     [
      14.3083,
      46.164733
     ],
     [
      14.30827,
      46.16488
     ],
     [
      14.30819,
      46.165159
     ],
     [
      14.308161,
      46.165217
     ],
     [
      14.308086,
      46.16537
     ],
     [
      14.308057,
      46.165464
     ],
     [
      14.308032,
      46.165598
     ],
     [
      14.308039,
      46.166048
     ],
     [
      14.30803,
      46.166204
     ],
     [
      14.30804,
      46.166372
     ],
     [
      14.308055,
      46.166527
     ],
     [
      14.308083,
      46.166757
     ],
     [
      14.308117,
      46.166856
     ],
     [
      14.308169,
      46.166921
     ],
     [
      14.308194,
      46.166942
     ],
     [
      14.308345,
      46.167027
     ],
     [
      14.308421,
      46.167059
     ],
     [
      14.308727,
      46.167147
     ],
     [
      14.309095,
      46.167228
     ],
     [
      14.309381,
      46.167272
     ],
     [
      14.309529,
      46.167287
     ],
     [
      14.309702,
      46.167307
     ],
     [
      14.310514,
      46.167415
     ],
     [
      14.310848,
      46.167463
     ],
     [
      14.311027,
      46.167476
     ],
     [
      14.31112,
      46.167469
     ],
     [
      14.311247,
      46.167439
     ],
     [
      14.311413,
      46.167356
     ],
     [
      14.31148,
      46.167323
     ],
     [
      14.311606,
      46.16729
     ],
     [
      14.311724,
      46.167308
     ],
     [
      14.311799,
      46.167392
     ],
     [
      14.311825,
      46.167452
     ],
     [
      14.311871,
      46.16756
     ],
     [
      14.311609,
      46.167587
     ],
     [
      14.311414,
      46.167608
     ],
     [
      14.310948,
      46.167626
     ],
     [
      14.310757,
      46.167626
     ],
     [
      14.310506,
      46.167626
     ],
     [
      14.309811,
      46.167582
     ],
     [
      14.309595,
      46.16756
     ],
     [
      14.309284,
      46.167512
     ],
     [
      14.309058,
      46.167468
     ],
     [
      14.308786,
      46.167415
     ],
     [
      14.307734,
      46.167153
     ],
     [
      14.307291,
      46.167056
     ],
     [
      14.30716,
      46.167043
     ],
     [
      14.307086,
      46.167044
     ],
     [
      14.306969,
      46.167062
     ]
    ]
   }
  },
  {
   "type": "Feature",
   "properties": {
    "kind": "closure",
    "name": "Moški elite: km 16–17 (Škofja loka)",
    "note": "Kratkotrajna zapora ob prehodu kolesarjev (policija, do ~30 min). Čas iz uradne časovnice.",
    "start": "2026-10-04T12:54",
    "end": "2026-10-04T13:25",
    "length_m": 968
   },
   "geometry": {
    "type": "LineString",
    "coordinates": [
     [
      14.306756,
      46.167111
     ],
     [
      14.306676,
      46.167131
     ],
     [
      14.306577,
      46.167149
     ],
     [
      14.306425,
      46.167162
     ],
     [
      14.306168,
      46.167146
     ],
     [
      14.305829,
      46.167113
     ],
     [
      14.305715,
      46.167105
     ],
     [
      14.305451,
      46.167093
     ],
     [
      14.305379,
      46.167102
     ],
     [
      14.305309,
      46.167137
     ],
     [
      14.30528,
      46.167191
     ],
     [
      14.305181,
      46.167453
     ],
     [
      14.305098,
      46.167635
     ],
     [
      14.305007,
      46.16779
     ],
     [
      14.304933,
      46.167918
     ],
     [
      14.304898,
      46.167994
     ],
     [
      14.304858,
      46.168053
     ],
     [
      14.304792,
      46.16816
     ],
     [
      14.304719,
      46.168313
     ],
     [
      14.304669,
      46.168435
     ],
     [
      14.30459,
      46.168721
     ],
     [
      14.304572,
      46.169111
     ],
     [
      14.304566,
      46.169238
     ],
     [
      14.304556,
      46.16944
     ],
     [
      14.304568,
      46.169568
     ],
     [
      14.304553,
      46.16967
     ],
     [
      14.30452,
      46.169755
     ],
     [
      14.304454,
      46.169877
     ],
     [
      14.304412,
      46.169926
     ],
     [
      14.304244,
      46.17013
     ],
     [
      14.304024,
      46.170368
     ],
     [
      14.304302,
      46.170675
     ],
     [
      14.304376,
      46.17076
     ],
     [
      14.304474,
      46.170904
     ],
     [
      14.304486,
      46.170921
     ],
     [
      14.304618,
      46.17133
     ],
     [
      14.304629,
      46.171439
     ],
     [
      14.304661,
      46.171814
     ],
     [
      14.304667,
      46.171964
     ],
     [
      14.304674,
      46.172139
     ],
     [
      14.304675,
      46.172237
     ],
     [
      14.304665,
      46.172276
     ],
     [
      14.304641,
      46.172323
     ],
     [
      14.304579,
      46.172398
     ],
     [
      14.30448,
      46.172508
     ],
     [
      14.304441,
      46.172545
     ],
     [
      14.304385,
      46.172634
     ],
     [
      14.30423,
      46.172812
     ],
     [
      14.304184,
      46.17286
     ],
     [
      14.304499,
      46.173002
     ],
     [
      14.304689,
      46.17315
     ],
     [
      14.304953,
      46.173399
     ],
     [
      14.30511,
      46.173482
     ],
     [
      14.305276,
      46.173618
     ],
     [
      14.305487,
      46.173864
     ],
     [
      14.30558,
      46.17395
     ],
     [
      14.305749,
      46.174048
     ]
    ]
   }
  },
  {
   "type": "Feature",
   "properties": {
    "kind": "closure",
    "name": "Moški elite: km 17–18 (Škofja loka)",
    "note": "Kratkotrajna zapora ob prehodu kolesarjev (policija, do ~30 min). Čas iz uradne časovnice.",
    "start": "2026-10-04T12:56",
    "end": "2026-10-04T13:26",
    "length_m": 959
   },
   "geometry": {
    "type": "LineString",
    "coordinates": [
     [
      14.306166,
      46.174308
     ],
     [
      14.306267,
      46.174363
     ],
     [
      14.306401,
      46.174401
     ],
     [
      14.306555,
      46.17442
     ],
     [
      14.307104,
      46.174421
     ],
     [
      14.307251,
      46.174439
     ],
     [
      14.307384,
      46.174463
     ],
     [
      14.307609,
      46.174534
     ],
     [
      14.308261,
      46.174805
     ],
     [
      14.308463,
      46.1749
     ],
     [
      14.308968,
      46.175224
     ],
     [
      14.30915,
      46.17533
     ],
     [
      14.309346,
      46.175439
     ],
     [
      14.309551,
      46.175578
     ],
     [
      14.309583,
      46.175623
     ],
     [
      14.309724,
      46.175816
     ],
     [
      14.310271,
      46.176405
     ],
     [
      14.311188,
      46.177393
     ],
     [
      14.312118,
      46.178419
     ],
     [
      14.312459,
      46.178797
     ],
     [
      14.312604,
      46.178925
     ],
     [
      14.312913,
      46.179061
     ],
     [
      14.313274,
      46.179344
     ],
     [
      14.313312,
      46.179373
     ],
     [
      14.313482,
      46.179604
     ],
     [
      14.313571,
      46.179706
     ],
     [
      14.313796,
      46.179851
     ],
     [
      14.31404,
      46.179977
     ],
     [
      14.314435,
      46.18022
     ],
     [
      14.314525,
      46.180275
     ],
     [
      14.314534,
      46.180281
     ]
    ]
   }
  },
  {
   "type": "Feature",
   "properties": {
    "kind": "closure",
    "name": "Moški elite: km 18–19 (Škofja loka)",
    "note": "Kratkotrajna zapora ob prehodu kolesarjev (policija, do ~30 min). Čas iz uradne časovnice.",
    "start": "2026-10-04T12:57",
    "end": "2026-10-04T13:28",
    "length_m": 966
   },
   "geometry": {
    "type": "LineString",
    "coordinates": [
     [
      14.314837,
      46.18053
     ],
     [
      14.314966,
      46.18061
     ],
     [
      14.315126,
      46.180683
     ],
     [
      14.315305,
      46.180746
     ],
     [
      14.315721,
      46.180841
     ],
     [
      14.316025,
      46.180918
     ],
     [
      14.31641,
      46.181067
     ],
     [
      14.316983,
      46.181296
     ],
     [
      14.31794,
      46.181681
     ],
     [
      14.318395,
      46.181849
     ],
     [
      14.319026,
      46.18212
     ],
     [
      14.319139,
      46.182175
     ],
     [
      14.319599,
      46.182398
     ],
     [
      14.31986,
      46.182529
     ],
     [
      14.320205,
      46.182764
     ],
     [
      14.320305,
      46.182864
     ],
     [
      14.320372,
      46.182931
     ],
     [
      14.320534,
      46.183095
     ],
     [
      14.320917,
      46.183404
     ],
     [
      14.321233,
      46.183647
     ],
     [
      14.321271,
      46.183681
     ],
     [
      14.321393,
      46.18379
     ],
     [
      14.321556,
      46.184
     ],
     [
      14.321711,
      46.184224
     ],
     [
      14.321799,
      46.184366
     ],
     [
      14.321834,
      46.184422
     ],
     [
      14.322001,
      46.18467
     ],
     [
      14.322135,
      46.18481
     ],
     [
      14.32266,
      46.185208
     ],
     [
      14.322794,
      46.185259
     ],
     [
      14.322761,
      46.185414
     ],
     [
      14.322743,
      46.185498
     ],
     [
      14.322719,
      46.185784
     ],
     [
      14.322759,
      46.18587
     ],
     [
      14.322722,
      46.186069
     ],
     [
      14.322727,
      46.186165
     ],
     [
      14.322756,
      46.186344
     ],
     [
      14.322786,
      46.186489
     ]
    ]
   }
  },
  {
   "type": "Feature",
   "properties": {
    "kind": "closure",
    "name": "Moški elite: km 19–20 (Sveti duh)",
    "note": "Kratkotrajna zapora ob prehodu kolesarjev (policija, do ~30 min). Čas iz uradne časovnice.",
    "start": "2026-10-04T12:59",
    "end": "2026-10-04T13:29",
    "length_m": 969
   },
   "geometry": {
    "type": "LineString",
    "coordinates": [
     [
      14.322853,
      46.186741
     ],
     [
      14.322943,
      46.186964
     ],
     [
      14.323038,
      46.187169
     ],
     [
      14.323079,
      46.187255
     ],
     [
      14.32323,
      46.187643
     ],
     [
      14.323308,
      46.187852
     ],
     [
      14.323378,
      46.188037
     ],
     [
      14.323507,
      46.188484
     ],
     [
      14.323793,
      46.189482
     ],
     [
      14.323893,
      46.189916
     ],
     [
      14.323936,
      46.190136
     ],
     [
      14.324004,
      46.190475
     ],
     [
      14.324054,
      46.190819
     ],
     [
      14.324086,
      46.19103
     ],
     [
      14.324186,
      46.191509
     ],
     [
      14.324197,
      46.191548
     ],
     [
      14.32425,
      46.191747
     ],
     [
      14.324365,
      46.19216
     ],
     [
      14.324515,
      46.192647
     ],
     [
      14.324545,
      46.192793
     ],
     [
      14.324565,
      46.192885
     ],
     [
      14.324581,
      46.193063
     ],
     [
      14.32457,
      46.193283
     ],
     [
      14.324507,
      46.193668
     ],
     [
      14.324482,
      46.193794
     ],
     [
      14.324457,
      46.193989
     ],
     [
      14.324468,
      46.194175
     ],
     [
      14.324492,
      46.194293
     ],
     [
      14.324537,
      46.194406
     ],
     [
      14.324613,
      46.19454
     ],
     [
      14.32471,
      46.194667
     ],
     [
      14.324901,
      46.194861
     ],
     [
      14.325036,
      46.194925
     ],
     [
      14.325136,
      46.194983
     ],
     [
      14.325254,
      46.19504
     ],
     [
      14.325431,
      46.195101
     ]
    ]
   }
  },
  {
   "type": "Feature",
   "properties": {
    "kind": "closure",
    "name": "Moški elite: km 20–21 (Sveti duh)",
    "note": "Kratkotrajna zapora ob prehodu kolesarjev (policija, do ~30 min). Čas iz uradne časovnice.",
    "start": "2026-10-04T13:00",
    "end": "2026-10-04T13:31",
    "length_m": 944
   },
   "geometry": {
    "type": "LineString",
    "coordinates": [
     [
      14.325764,
      46.195183
     ],
     [
      14.325938,
      46.195213
     ],
     [
      14.326423,
      46.195258
     ],
     [
      14.327197,
      46.195298
     ],
     [
      14.328604,
      46.195382
     ],
     [
      14.329529,
      46.195509
     ],
     [
      14.330188,
      46.195629
     ],
     [
      14.330599,
      46.195713
     ],
     [
      14.330711,
      46.195742
     ],
     [
      14.330766,
      46.195762
     ],
     [
      14.33091,
      46.195811
     ],
     [
      14.331086,
      46.195888
     ],
     [
      14.3314,
      46.196066
     ],
     [
      14.331451,
      46.196095
     ],
     [
      14.331532,
      46.196142
     ],
     [
      14.33162,
      46.196189
     ],
     [
      14.331712,
      46.196243
     ],
     [
      14.332037,
      46.196443
     ],
     [
      14.332104,
      46.196503
     ],
     [
      14.332189,
      46.196626
     ],
     [
      14.332244,
      46.196755
     ],
     [
      14.332304,
      46.197085
     ],
     [
      14.33231,
      46.197109
     ],
     [
      14.332336,
      46.197204
     ],
     [
      14.332408,
      46.197583
     ],
     [
      14.332423,
      46.197713
     ],
     [
      14.332437,
      46.197954
     ],
     [
      14.332428,
      46.19815
     ],
     [
      14.332333,
      46.198803
     ],
     [
      14.33232,
      46.198888
     ],
     [
      14.332258,
      46.199283
     ],
     [
      14.332212,
      46.199663
     ],
     [
      14.332199,
      46.200005
     ],
     [
      14.332196,
      46.20026
     ]
    ]
   }
  },
  {
   "type": "Feature",
   "properties": {
    "kind": "closure",
    "name": "Moški elite: km 21–22 (Sveti duh)",
    "note": "Kratkotrajna zapora ob prehodu kolesarjev (policija, do ~30 min). Čas iz uradne časovnice.",
    "start": "2026-10-04T13:01",
    "end": "2026-10-04T13:32",
    "length_m": 963
   },
   "geometry": {
    "type": "LineString",
    "coordinates": [
     [
      14.33225,
      46.200884
     ],
     [
      14.332263,
      46.201025
     ],
     [
      14.332333,
      46.201431
     ],
     [
      14.332382,
      46.201685
     ],
     [
      14.332447,
      46.201926
     ],
     [
      14.332456,
      46.201969
     ],
     [
      14.332582,
      46.202346
     ],
     [
      14.333086,
      46.203601
     ],
     [
      14.333282,
      46.204126
     ],
     [
      14.33377,
      46.205344
     ],
     [
      14.333893,
      46.205619
     ],
     [
      14.334083,
      46.206005
     ],
     [
      14.334518,
      46.206835
     ],
     [
      14.334675,
      46.207133
     ],
     [
      14.334993,
      46.207736
     ],
     [
      14.335454,
      46.208622
     ],
     [
      14.33558,
      46.208857
     ],
     [
      14.335777,
      46.209221
     ]
    ]
   }
  },
  {
   "type": "Feature",
   "properties": {
    "kind": "closure",
    "name": "Moški elite: km 22–23 (Sveti duh)",
    "note": "Kratkotrajna zapora ob prehodu kolesarjev (policija, do ~30 min). Čas iz uradne časovnice.",
    "start": "2026-10-04T13:03",
    "end": "2026-10-04T13:34",
    "length_m": 976
   },
   "geometry": {
    "type": "LineString",
    "coordinates": [
     [
      14.335825,
      46.209311
     ],
     [
      14.335996,
      46.209636
     ],
     [
      14.336124,
      46.209882
     ],
     [
      14.336189,
      46.210011
     ],
     [
      14.336324,
      46.21028
     ],
     [
      14.336413,
      46.210458
     ],
     [
      14.336583,
      46.2108
     ],
     [
      14.336704,
      46.211057
     ],
     [
      14.336851,
      46.21137
     ],
     [
      14.336978,
      46.211641
     ],
     [
      14.337195,
      46.21213
     ],
     [
      14.337334,
      46.212545
     ],
     [
      14.337428,
      46.212865
     ],
     [
      14.337658,
      46.213793
     ],
     [
      14.337846,
      46.214505
     ],
     [
      14.337975,
      46.215046
     ],
     [
      14.337989,
      46.215105
     ],
     [
      14.338011,
      46.215195
     ],
     [
      14.338022,
      46.215242
     ],
     [
      14.338092,
      46.215536
     ],
     [
      14.338098,
      46.21557
     ],
     [
      14.338173,
      46.215868
     ],
     [
      14.338322,
      46.216457
     ],
     [
      14.338352,
      46.216579
     ],
     [
      14.338677,
      46.217894
     ]
    ]
   }
  },
  {
   "type": "Feature",
   "properties": {
    "kind": "closure",
    "name": "Moški elite: km 23–24 (Sveti duh)",
    "note": "Kratkotrajna zapora ob prehodu kolesarjev (policija, do ~30 min). Čas iz uradne časovnice.",
    "start": "2026-10-04T13:04",
    "end": "2026-10-04T13:36",
    "length_m": 971
   },
   "geometry": {
    "type": "LineString",
    "coordinates": [
     [
      14.338726,
      46.218126
     ],
     [
      14.338875,
      46.2187
     ],
     [
      14.338991,
      46.219154
     ],
     [
      14.339188,
      46.219855
     ],
     [
      14.339326,
      46.220201
     ],
     [
      14.33946,
      46.22047
     ],
     [
      14.339641,
      46.22073
     ],
     [
      14.339755,
      46.220868
     ],
     [
      14.339899,
      46.221042
     ],
     [
      14.340345,
      46.221459
     ],
     [
      14.340407,
      46.221447
     ],
     [
      14.340471,
      46.221455
     ],
     [
      14.340522,
      46.221481
     ],
     [
      14.340551,
      46.221521
     ],
     [
      14.340552,
      46.221564
     ],
     [
      14.340527,
      46.221603
     ],
     [
      14.340479,
      46.221631
     ],
     [
      14.340417,
      46.221642
     ],
     [
      14.340354,
      46.221633
     ],
     [
      14.340304,
      46.221606
     ],
     [
      14.34013,
      46.221728
     ],
     [
      14.339759,
      46.222031
     ],
     [
      14.339567,
      46.222196
     ],
     [
      14.33935,
      46.222399
     ],
     [
      14.33914,
      46.222589
     ],
     [
      14.338806,
      46.222893
     ],
     [
      14.338007,
      46.223673
     ],
     [
      14.337498,
      46.224215
     ],
     [
      14.337338,
      46.224385
     ],
     [
      14.337165,
      46.22462
     ],
     [
      14.337129,
      46.224689
     ],
     [
      14.337093,
      46.224791
     ],
     [
      14.337045,
      46.22503
     ],
     [
      14.33705,
      46.225123
     ],
     [
      14.33715,
      46.22564
     ]
    ]
   }
  },
  {
   "type": "Feature",
   "properties": {
    "kind": "closure",
    "name": "Moški elite: km 24–25 (Zg. Bitnje)",
    "note": "Kratkotrajna zapora ob prehodu kolesarjev (policija, do ~30 min). Čas iz uradne časovnice.",
    "start": "2026-10-04T13:05",
    "end": "2026-10-04T13:37",
    "length_m": 996
   },
   "geometry": {
    "type": "LineString",
    "coordinates": [
     [
      14.337198,
      46.225877
     ],
     [
      14.337254,
      46.226226
     ],
     [
      14.337288,
      46.22634
     ],
     [
      14.337318,
      46.226488
     ],
     [
      14.337371,
      46.226647
     ],
     [
      14.33754,
      46.226951
     ],
     [
      14.337654,
      46.227084
     ],
     [
      14.338639,
      46.228047
     ],
     [
      14.339191,
      46.228602
     ],
     [
      14.33934,
      46.22876
     ],
     [
      14.339696,
      46.229151
     ],
     [
      14.339832,
      46.229303
     ],
     [
      14.339886,
      46.229364
     ],
     [
      14.340122,
      46.22961
     ],
     [
      14.34022,
      46.229694
     ],
     [
      14.340335,
      46.229774
     ],
     [
      14.34037,
      46.229795
     ],
     [
      14.340559,
      46.229873
     ],
     [
      14.340738,
      46.229925
     ],
     [
      14.340921,
      46.229959
     ],
     [
      14.341123,
      46.229986
     ],
     [
      14.341455,
      46.230032
     ],
     [
      14.341742,
      46.230098
     ],
     [
      14.341978,
      46.230166
     ],
     [
      14.342284,
      46.230283
     ],
     [
      14.342548,
      46.230378
     ],
     [
      14.342663,
      46.230408
     ],
     [
      14.342834,
      46.230446
     ],
     [
      14.343016,
      46.230478
     ],
     [
      14.343431,
      46.230532
     ],
     [
      14.343612,
      46.230565
     ],
     [
      14.343753,
      46.2306
     ],
     [
      14.343919,
      46.230647
     ],
     [
      14.344054,
      46.230695
     ],
     [
      14.344257,
      46.230781
     ],
     [
      14.344403,
      46.230834
     ],
     [
      14.344569,
      46.230883
     ],
     [
      14.344742,
      46.230923
     ],
     [
      14.34482,
      46.230938
     ],
     [
      14.344883,
      46.23093
     ],
     [
      14.345004,
      46.230953
     ],
     [
      14.345092,
      46.230962
     ],
     [
      14.345182,
      46.230958
     ],
     [
      14.345237,
      46.23094
     ],
     [
      14.345304,
      46.230933
     ],
     [
      14.345356,
      46.23094
     ],
     [
      14.345401,
      46.230959
     ],
     [
      14.345428,
      46.230994
     ],
     [
      14.345436,
      46.231016
     ],
     [
      14.34558,
      46.231075
     ],
     [
      14.345678,
      46.231103
     ],
     [
      14.345723,
      46.231136
     ],
     [
      14.345955,
      46.231205
     ],
     [
      14.34623,
      46.23131
     ]
    ]
   }
  },
  {
   "type": "Feature",
   "properties": {
    "kind": "closure",
    "name": "Moški elite: km 25–26 (Zg. Bitnje)",
    "note": "Kratkotrajna zapora ob prehodu kolesarjev (policija, do ~30 min). Čas iz uradne časovnice.",
    "start": "2026-10-04T13:07",
    "end": "2026-10-04T13:39",
    "length_m": 981
   },
   "geometry": {
    "type": "LineString",
    "coordinates": [
     [
      14.346295,
      46.231336
     ],
     [
      14.34633,
      46.23135
     ],
     [
      14.346921,
      46.231612
     ],
     [
      14.347035,
      46.231677
     ],
     [
      14.347341,
      46.231787
     ],
     [
      14.347479,
      46.231823
     ],
     [
      14.348386,
      46.232104
     ],
     [
      14.349846,
      46.232583
     ],
     [
      14.350825,
      46.232911
     ],
     [
      14.351027,
      46.23297
     ],
     [
      14.351142,
      46.232981
     ],
     [
      14.351255,
      46.232977
     ],
     [
      14.351386,
      46.232957
     ],
     [
      14.351493,
      46.232909
     ],
     [
      14.351587,
      46.232841
     ],
     [
      14.3517,
      46.232742
     ],
     [
      14.351783,
      46.232656
     ],
     [
      14.352175,
      46.232226
     ],
     [
      14.352598,
      46.231769
     ],
     [
      14.352635,
      46.231732
     ],
     [
      14.352696,
      46.231682
     ],
     [
      14.35273,
      46.231654
     ],
     [
      14.352769,
      46.231633
     ],
     [
      14.352849,
      46.231626
     ],
     [
      14.352934,
      46.231632
     ],
     [
      14.352973,
      46.231645
     ],
     [
      14.353079,
      46.231697
     ],
     [
      14.352955,
      46.231863
     ],
     [
      14.35293,
      46.231896
     ],
     [
      14.352687,
      46.232206
     ],
     [
      14.352521,
      46.232405
     ],
     [
      14.352286,
      46.232642
     ],
     [
      14.352023,
      46.232869
     ],
     [
      14.35174,
      46.233076
     ],
     [
      14.351436,
      46.233257
     ],
     [
      14.350663,
      46.233669
     ],
     [
      14.350202,
      46.233944
     ]
    ]
   }
  },
  {
   "type": "Feature",
   "properties": {
    "kind": "closure",
    "name": "Moški elite: km 26–27 (Stražišče)",
    "note": "Kratkotrajna zapora ob prehodu kolesarjev (policija, do ~30 min). Čas iz uradne časovnice.",
    "start": "2026-10-04T13:08",
    "end": "2026-10-04T13:41",
    "length_m": 903
   },
   "geometry": {
    "type": "LineString",
    "coordinates": [
     [
      14.349912,
      46.234121
     ],
     [
      14.34968,
      46.234273
     ],
     [
      14.349483,
      46.234404
     ],
     [
      14.349258,
      46.23458
     ],
     [
      14.348855,
      46.234948
     ],
     [
      14.348721,
      46.23509
     ],
     [
      14.348634,
      46.235201
     ],
     [
      14.348582,
      46.235298
     ],
     [
      14.348547,
      46.235389
     ],
     [
      14.348539,
      46.235555
     ],
     [
      14.348574,
      46.235726
     ],
     [
      14.348623,
      46.23582
     ],
     [
      14.348835,
      46.236196
     ],
     [
      14.34892,
      46.236337
     ],
     [
      14.349105,
      46.236646
     ],
     [
      14.349276,
      46.236815
     ],
     [
      14.349415,
      46.237073
     ],
     [
      14.349716,
      46.237267
     ],
     [
      14.349829,
      46.237319
     ],
     [
      14.349997,
      46.237369
     ],
     [
      14.350191,
      46.237421
     ],
     [
      14.350289,
      46.237446
     ],
     [
      14.350474,
      46.237492
     ],
     [
      14.350687,
      46.23757
     ],
     [
      14.351219,
      46.237664
     ],
     [
      14.351237,
      46.237667
     ],
     [
      14.35321,
      46.238112
     ],
     [
      14.353343,
      46.238141
     ],
     [
      14.353356,
      46.238114
     ],
     [
      14.35338,
      46.238091
     ],
     [
      14.353414,
      46.238075
     ],
     [
      14.353453,
      46.238066
     ],
     [
      14.353495,
      46.238066
     ],
     [
      14.353536,
      46.238076
     ],
     [
      14.35357,
      46.238095
     ],
     [
      14.353594,
      46.23812
     ],
     [
      14.353604,
      46.238149
     ],
     [
      14.3536,
      46.23818
     ],
     [
      14.353582,
      46.238207
     ],
     [
      14.353551,
      46.238229
     ],
     [
      14.353572,
      46.238342
     ],
     [
      14.353562,
      46.238599
     ],
     [
      14.353595,
      46.238771
     ],
     [
      14.353645,
      46.238958
     ],
     [
      14.353878,
      46.239605
     ],
     [
      14.353888,
      46.239633
     ]
    ]
   }
  },
  {
   "type": "Feature",
   "properties": {
    "kind": "closure",
    "name": "Moški elite: km 27–28 (Stražišče)",
    "note": "Kratkotrajna zapora ob prehodu kolesarjev (policija, do ~30 min). Čas iz uradne časovnice.",
    "start": "2026-10-04T13:09",
    "end": "2026-10-04T13:42",
    "length_m": 907
   },
   "geometry": {
    "type": "LineString",
    "coordinates": [
     [
      14.354305,
      46.240715
     ],
     [
      14.354438,
      46.241016
     ],
     [
      14.354482,
      46.241143
     ],
     [
      14.354512,
      46.241198
     ],
     [
      14.354581,
      46.241277
     ],
     [
      14.35463,
      46.241315
     ],
     [
      14.354706,
      46.241344
     ],
     [
      14.354835,
      46.241362
     ],
     [
      14.355135,
      46.241376
     ],
     [
      14.355368,
      46.241396
     ],
     [
      14.355457,
      46.241418
     ],
     [
      14.355549,
      46.241455
     ],
     [
      14.355603,
      46.24149
     ],
     [
      14.355675,
      46.241578
     ],
     [
      14.355686,
      46.241677
     ],
     [
      14.355679,
      46.241757
     ],
     [
      14.355662,
      46.241782
     ],
     [
      14.355502,
      46.242028
     ],
     [
      14.355274,
      46.242384
     ],
     [
      14.355252,
      46.242417
     ],
     [
      14.355244,
      46.242428
     ],
     [
      14.355179,
      46.242524
     ],
     [
      14.354934,
      46.242938
     ],
     [
      14.354835,
      46.243127
     ],
     [
      14.354808,
      46.243189
     ],
     [
      14.354797,
      46.243218
     ],
     [
      14.354685,
      46.243538
     ],
     [
      14.354589,
      46.24392
     ],
     [
      14.35462,
      46.243951
     ],
     [
      14.354622,
      46.243971
     ],
     [
      14.35463,
      46.244051
     ],
     [
      14.354646,
      46.244103
     ],
     [
      14.354676,
      46.24413
     ],
     [
      14.35469,
      46.244164
     ],
     [
      14.354688,
      46.244198
     ],
     [
      14.354668,
      46.24423
     ],
     [
      14.354717,
      46.24436
     ],
     [
      14.354736,
      46.24444
     ],
     [
      14.354746,
      46.244527
     ],
     [
      14.354749,
      46.244563
     ],
     [
      14.354723,
      46.244585
     ],
     [
      14.354768,
      46.245074
     ],
     [
      14.354784,
      46.2452
     ],
     [
      14.35489,
      46.245245
     ],
     [
      14.355033,
      46.245302
     ],
     [
      14.355495,
      46.245462
     ],
     [
      14.35572,
      46.245543
     ],
     [
      14.356186,
      46.245713
     ],
     [
      14.357049,
      46.246027
     ],
     [
      14.357092,
      46.246043
     ],
     [
      14.357613,
      46.246232
     ],
     [
      14.357731,
      46.24629
     ],
     [
      14.357759,
      46.246277
     ],
     [
      14.357824,
      46.246269
     ],
     [
      14.357857,
      46.246274
     ],
     [
      14.35789,
      46.246288
     ],
     [
      14.357928,
      46.246326
     ],
     [
      14.358088,
      46.24638
     ],
     [
      14.35815,
      46.2464
     ],
     [
      14.358162,
      46.246426
     ],
     [
      14.358491,
      46.246533
     ]
    ]
   }
  },
  {
   "type": "Feature",
   "properties": {
    "kind": "closure",
    "name": "Moški elite: km 28–29 (Stražišče)",
    "note": "Kratkotrajna zapora ob prehodu kolesarjev (policija, do ~30 min). Čas iz uradne časovnice.",
    "start": "2026-10-04T13:11",
    "end": "2026-10-04T13:44",
    "length_m": 876
   },
   "geometry": {
    "type": "LineString",
    "coordinates": [
     [
      14.359694,
      46.24697
     ],
     [
      14.359732,
      46.246985
     ],
     [
      14.359868,
      46.247038
     ],
     [
      14.360073,
      46.247127
     ],
     [
      14.360672,
      46.247344
     ],
     [
      14.360737,
      46.247368
     ],
     [
      14.360753,
      46.247373
     ],
     [
      14.36134,
      46.247587
     ],
     [
      14.361497,
      46.247629
     ],
     [
      14.361715,
      46.247522
     ],
     [
      14.361832,
      46.247462
     ],
     [
      14.362353,
      46.247181
     ],
     [
      14.362589,
      46.247057
     ],
     [
      14.363945,
      46.246347
     ],
     [
      14.364113,
      46.24626
     ],
     [
      14.364226,
      46.246197
     ],
     [
      14.364386,
      46.246104
     ],
     [
      14.366143,
      46.245173
     ],
     [
      14.366171,
      46.245158
     ],
     [
      14.366418,
      46.245031
     ],
     [
      14.366532,
      46.244973
     ],
     [
      14.366701,
      46.244891
     ],
     [
      14.367475,
      46.244516
     ],
     [
      14.367988,
      46.244249
     ],
     [
      14.368836,
      46.243788
     ],
     [
      14.368965,
      46.243717
     ]
    ]
   }
  },
  {
   "type": "Feature",
   "properties": {
    "kind": "closure",
    "name": "Moški elite: km 29–30 (Stražišče)",
    "note": "Kratkotrajna zapora ob prehodu kolesarjev (policija, do ~30 min). Čas iz uradne časovnice.",
    "start": "2026-10-04T13:12",
    "end": "2026-10-04T13:45",
    "length_m": 999
   },
   "geometry": {
    "type": "LineString",
    "coordinates": [
     [
      14.369723,
      46.243312
     ],
     [
      14.370194,
      46.243067
     ],
     [
      14.370487,
      46.242908
     ],
     [
      14.370661,
      46.242816
     ],
     [
      14.370822,
      46.242735
     ],
     [
      14.371448,
      46.242393
     ],
     [
      14.371602,
      46.24231
     ],
     [
      14.371812,
      46.242193
     ],
     [
      14.37197,
      46.242112
     ],
     [
      14.372094,
      46.24205
     ],
     [
      14.37229,
      46.241965
     ],
     [
      14.372523,
      46.241878
     ],
     [
      14.372961,
      46.241748
     ],
     [
      14.373223,
      46.241691
     ],
     [
      14.373362,
      46.241851
     ],
     [
      14.374038,
      46.242594
     ],
     [
      14.374207,
      46.242789
     ],
     [
      14.374461,
      46.243071
     ],
     [
      14.374722,
      46.243364
     ],
     [
      14.37487,
      46.243527
     ],
     [
      14.374929,
      46.243593
     ],
     [
      14.375008,
      46.243683
     ],
     [
      14.37534,
      46.244052
     ],
     [
      14.375487,
      46.244216
     ],
     [
      14.376186,
      46.244998
     ],
     [
      14.376233,
      46.245008
     ],
     [
      14.376279,
      46.245053
     ],
     [
      14.376313,
      46.245082
     ],
     [
      14.376363,
      46.245114
     ],
     [
      14.376431,
      46.245122
     ],
     [
      14.376542,
      46.245075
     ],
     [
      14.37659,
      46.245052
     ],
     [
      14.376648,
      46.24505
     ],
     [
      14.377121,
      46.244767
     ],
     [
      14.37753,
      46.244522
     ],
     [
      14.377864,
      46.244322
     ],
     [
      14.37804,
      46.244216
     ],
     [
      14.378146,
      46.244153
     ],
     [
      14.378315,
      46.244052
     ],
     [
      14.378325,
      46.244016
     ],
     [
      14.378372,
      46.243982
     ],
     [
      14.378453,
      46.243913
     ],
     [
      14.378451,
      46.243858
     ],
     [
      14.378472,
      46.243825
     ]
    ]
   }
  },
  {
   "type": "Feature",
   "properties": {
    "kind": "closure",
    "name": "Moški elite: km 30–31 (Stražišče)",
    "note": "Kratkotrajna zapora ob prehodu kolesarjev (policija, do ~30 min). Čas iz uradne časovnice.",
    "start": "2026-10-04T13:13",
    "end": "2026-10-04T13:47",
    "length_m": 914
   },
   "geometry": {
    "type": "LineString",
    "coordinates": [
     [
      14.378527,
      46.243791
     ],
     [
      14.378577,
      46.24378
     ],
     [
      14.378636,
      46.243783
     ],
     [
      14.378669,
      46.243793
     ],
     [
      14.37879,
      46.24377
     ],
     [
      14.378867,
      46.24375
     ],
     [
      14.37891,
      46.24376
     ],
     [
      14.379194,
      46.24367
     ],
     [
      14.379853,
      46.243484
     ],
     [
      14.38011,
      46.243407
     ],
     [
      14.380545,
      46.243277
     ],
     [
      14.380555,
      46.243233
     ],
     [
      14.380718,
      46.243173
     ],
     [
      14.380557,
      46.242994
     ],
     [
      14.380508,
      46.242942
     ],
     [
      14.380179,
      46.242571
     ],
     [
      14.380043,
      46.242371
     ],
     [
      14.379979,
      46.242279
     ],
     [
      14.379881,
      46.2421
     ],
     [
      14.379837,
      46.242034
     ],
     [
      14.379813,
      46.242009
     ],
     [
      14.379747,
      46.241955
     ],
     [
      14.379664,
      46.241919
     ],
     [
      14.379596,
      46.241857
     ],
     [
      14.379582,
      46.241788
     ],
     [
      14.379597,
      46.241733
     ],
     [
      14.379654,
      46.241662
     ],
     [
      14.379684,
      46.241635
     ],
     [
      14.379702,
      46.241555
     ],
     [
      14.379693,
      46.241507
     ],
     [
      14.379648,
      46.24142
     ],
     [
      14.379637,
      46.241351
     ],
     [
      14.379266,
      46.240933
     ],
     [
      14.379157,
      46.240816
     ],
     [
      14.378139,
      46.239731
     ],
     [
      14.376253,
      46.237766
     ],
     [
      14.376085,
      46.237593
     ]
    ]
   }
  },
  {
   "type": "Feature",
   "properties": {
    "kind": "closure",
    "name": "Moški elite: km 31–32 (Kranj)",
    "note": "Kratkotrajna zapora ob prehodu kolesarjev (policija, do ~30 min). Čas iz uradne časovnice.",
    "start": "2026-10-04T13:14",
    "end": "2026-10-04T13:49",
    "length_m": 995
   },
   "geometry": {
    "type": "LineString",
    "coordinates": [
     [
      14.375488,
      46.236985
     ],
     [
      14.375371,
      46.236867
     ],
     [
      14.374897,
      46.236355
     ],
     [
      14.374557,
      46.235998
     ],
     [
      14.374169,
      46.235584
     ],
     [
      14.37403,
      46.235425
     ],
     [
      14.373807,
      46.235197
     ],
     [
      14.373155,
      46.234532
     ],
     [
      14.372893,
      46.234271
     ],
     [
      14.372174,
      46.233614
     ],
     [
      14.371661,
      46.233179
     ],
     [
      14.371212,
      46.232822
     ],
     [
      14.37064,
      46.232401
     ],
     [
      14.370175,
      46.232099
     ],
     [
      14.369438,
      46.231623
     ],
     [
      14.369296,
      46.231531
     ],
     [
      14.369177,
      46.231483
     ],
     [
      14.368803,
      46.231268
     ],
     [
      14.368519,
      46.231108
     ],
     [
      14.368292,
      46.230978
     ],
     [
      14.367837,
      46.230734
     ],
     [
      14.367433,
      46.230537
     ],
     [
      14.367218,
      46.230446
     ],
     [
      14.367313,
      46.23038
     ],
     [
      14.367365,
      46.230269
     ]
    ]
   }
  },
  {
   "type": "Feature",
   "properties": {
    "kind": "closure",
    "name": "Moški elite: km 32–33 (Kranj)",
    "note": "Kratkotrajna zapora ob prehodu kolesarjev (policija, do ~30 min). Čas iz uradne časovnice.",
    "start": "2026-10-04T13:16",
    "end": "2026-10-04T13:50",
    "length_m": 931
   },
   "geometry": {
    "type": "LineString",
    "coordinates": [
     [
      14.367775,
      46.230019
     ],
     [
      14.367931,
      46.22996
     ],
     [
      14.368117,
      46.229881
     ],
     [
      14.36822,
      46.229837
     ],
     [
      14.368472,
      46.229726
     ],
     [
      14.368779,
      46.229574
     ],
     [
      14.368922,
      46.229491
     ],
     [
      14.369088,
      46.229373
     ],
     [
      14.369207,
      46.229288
     ],
     [
      14.369221,
      46.229276
     ],
     [
      14.369395,
      46.22914
     ],
     [
      14.36956,
      46.228977
     ],
     [
      14.370001,
      46.228444
     ],
     [
      14.370206,
      46.228218
     ],
     [
      14.370523,
      46.227937
     ],
     [
      14.370602,
      46.227871
     ],
     [
      14.370742,
      46.227777
     ],
     [
      14.370958,
      46.227668
     ],
     [
      14.371175,
      46.227572
     ],
     [
      14.371375,
      46.227484
     ],
     [
      14.371785,
      46.227339
     ],
     [
      14.371838,
      46.227321
     ],
     [
      14.372312,
      46.22716
     ],
     [
      14.372575,
      46.227064
     ],
     [
      14.372984,
      46.226899
     ],
     [
      14.373408,
      46.226707
     ],
     [
      14.374268,
      46.226246
     ],
     [
      14.37491,
      46.22588
     ],
     [
      14.375296,
      46.225661
     ],
     [
      14.375754,
      46.225415
     ],
     [
      14.375846,
      46.225367
     ],
     [
      14.376373,
      46.225071
     ],
     [
      14.376611,
      46.224947
     ],
     [
      14.376912,
      46.224778
     ],
     [
      14.376985,
      46.224736
     ]
    ]
   }
  },
  {
   "type": "Feature",
   "properties": {
    "kind": "closure",
    "name": "Moški elite: km 33–34 (Kranj)",
    "note": "Kratkotrajna zapora ob prehodu kolesarjev (policija, do ~30 min). Čas iz uradne časovnice.",
    "start": "2026-10-04T13:17",
    "end": "2026-10-04T13:52",
    "length_m": 963
   },
   "geometry": {
    "type": "LineString",
    "coordinates": [
     [
      14.377503,
      46.224422
     ],
     [
      14.378292,
      46.223928
     ],
     [
      14.378761,
      46.223605
     ],
     [
      14.37909,
      46.223378
     ],
     [
      14.379882,
      46.222836
     ],
     [
      14.380377,
      46.222511
     ],
     [
      14.38055,
      46.222405
     ],
     [
      14.38087,
      46.222227
     ],
     [
      14.380943,
      46.222187
     ],
     [
      14.381436,
      46.221911
     ],
     [
      14.381662,
      46.221771
     ],
     [
      14.381885,
      46.221605
     ],
     [
      14.382057,
      46.22146
     ],
     [
      14.382313,
      46.221225
     ],
     [
      14.38234,
      46.221201
     ],
     [
      14.382623,
      46.220919
     ],
     [
      14.382925,
      46.220627
     ],
     [
      14.383285,
      46.220276
     ],
     [
      14.383355,
      46.220207
     ],
     [
      14.383589,
      46.219982
     ],
     [
      14.384623,
      46.21898
     ],
     [
      14.384872,
      46.218749
     ],
     [
      14.385144,
      46.218494
     ],
     [
      14.385229,
      46.218423
     ],
     [
      14.385363,
      46.218325
     ],
     [
      14.38555,
      46.218221
     ],
     [
      14.385588,
      46.218207
     ],
     [
      14.385728,
      46.218165
     ],
     [
      14.385953,
      46.218099
     ]
    ]
   }
  },
  {
   "type": "Feature",
   "properties": {
    "kind": "closure",
    "name": "Moški elite: km 34–35 (Kranj)",
    "note": "Kratkotrajna zapora ob prehodu kolesarjev (policija, do ~30 min). Čas iz uradne časovnice.",
    "start": "2026-10-04T13:18",
    "end": "2026-10-04T13:53",
    "length_m": 991
   },
   "geometry": {
    "type": "LineString",
    "coordinates": [
     [
      14.386133,
      46.218016
     ],
     [
      14.386214,
      46.217965
     ],
     [
      14.38629,
      46.217898
     ],
     [
      14.386364,
      46.217816
     ],
     [
      14.386442,
      46.217724
     ],
     [
      14.386493,
      46.217646
     ],
     [
      14.386534,
      46.217564
     ],
     [
      14.386579,
      46.217391
     ],
     [
      14.386602,
      46.217299
     ],
     [
      14.386692,
      46.21704
     ],
     [
      14.386832,
      46.21677
     ],
     [
      14.386926,
      46.216649
     ],
     [
      14.387223,
      46.216266
     ],
     [
      14.387455,
      46.21595
     ],
     [
      14.387556,
      46.21578
     ],
     [
      14.38761,
      46.215617
     ],
     [
      14.387614,
      46.215603
     ],
     [
      14.387615,
      46.215598
     ],
     [
      14.387664,
      46.215419
     ],
     [
      14.387754,
      46.215152
     ],
     [
      14.387765,
      46.215121
     ],
     [
      14.387849,
      46.21498
     ],
     [
      14.387964,
      46.214853
     ],
     [
      14.388092,
      46.214761
     ],
     [
      14.388218,
      46.214708
     ],
     [
      14.38836,
      46.214668
     ],
     [
      14.388573,
      46.214638
     ],
     [
      14.389073,
      46.21463
     ],
     [
      14.38927,
      46.214616
     ],
     [
      14.389486,
      46.21458
     ],
     [
      14.389767,
      46.214524
     ],
     [
      14.389848,
      46.214511
     ],
     [
      14.390117,
      46.214477
     ],
     [
      14.390625,
      46.214453
     ],
     [
      14.390902,
      46.214441
     ],
     [
      14.391286,
      46.214385
     ],
     [
      14.391619,
      46.214307
     ],
     [
      14.392097,
      46.214156
     ],
     [
      14.392411,
      46.214006
     ],
     [
      14.392584,
      46.213915
     ],
     [
      14.392673,
      46.213855
     ],
     [
      14.393213,
      46.213505
     ],
     [
      14.393443,
      46.213384
     ],
     [
      14.393791,
      46.213231
     ],
     [
      14.394279,
      46.213033
     ],
     [
      14.394798,
      46.21274
     ],
     [
      14.394951,
      46.212654
     ]
    ]
   }
  },
  {
   "type": "Feature",
   "properties": {
    "kind": "closure",
    "name": "Moški elite: km 35–36 (Kranj)",
    "note": "Kratkotrajna zapora ob prehodu kolesarjev (policija, do ~30 min). Čas iz uradne časovnice.",
    "start": "2026-10-04T13:20",
    "end": "2026-10-04T13:55",
    "length_m": 902
   },
   "geometry": {
    "type": "LineString",
    "coordinates": [
     [
      14.39518,
      46.212554
     ],
     [
      14.395688,
      46.212386
     ],
     [
      14.396091,
      46.212267
     ],
     [
      14.396275,
      46.212201
     ],
     [
      14.396384,
      46.212151
     ],
     [
      14.396481,
      46.212098
     ],
     [
      14.396572,
      46.212029
     ],
     [
      14.396797,
      46.211818
     ],
     [
      14.397139,
      46.211593
     ],
     [
      14.397444,
      46.211375
     ],
     [
      14.397795,
      46.211103
     ],
     [
      14.397964,
      46.210937
     ],
     [
      14.39801,
      46.210891
     ],
     [
      14.398106,
      46.210788
     ],
     [
      14.398291,
      46.210568
     ],
     [
      14.398637,
      46.210102
     ],
     [
      14.39879,
      46.209872
     ],
     [
      14.398827,
      46.209813
     ],
     [
      14.399014,
      46.209577
     ],
     [
      14.399117,
      46.20947
     ],
     [
      14.399188,
      46.209391
     ],
     [
      14.399379,
      46.209176
     ],
     [
      14.399472,
      46.209059
     ],
     [
      14.399537,
      46.208961
     ],
     [
      14.399622,
      46.208828
     ],
     [
      14.399954,
      46.208161
     ],
     [
      14.400078,
      46.207949
     ],
     [
      14.400108,
      46.207903
     ],
     [
      14.400505,
      46.207312
     ],
     [
      14.401475,
      46.205931
     ]
    ]
   }
  },
  {
   "type": "Feature",
   "properties": {
    "kind": "closure",
    "name": "Moški elite: km 36–37 (Kranj)",
    "note": "Kratkotrajna zapora ob prehodu kolesarjev (policija, do ~30 min). Čas iz uradne časovnice.",
    "start": "2026-10-04T13:21",
    "end": "2026-10-04T13:56",
    "length_m": 985
   },
   "geometry": {
    "type": "LineString",
    "coordinates": [
     [
      14.401948,
      46.205234
     ],
     [
      14.402201,
      46.204918
     ],
     [
      14.402388,
      46.204705
     ],
     [
      14.402591,
      46.204494
     ],
     [
      14.403347,
      46.20374
     ],
     [
      14.403509,
      46.203612
     ],
     [
      14.403675,
      46.203506
     ],
     [
      14.403795,
      46.203433
     ],
     [
      14.403923,
      46.203366
     ],
     [
      14.404102,
      46.203284
     ],
     [
      14.404707,
      46.203039
     ],
     [
      14.404901,
      46.202944
     ],
     [
      14.405062,
      46.202838
     ],
     [
      14.405328,
      46.20263
     ],
     [
      14.405527,
      46.202487
     ],
     [
      14.405903,
      46.202272
     ],
     [
      14.406171,
      46.202099
     ],
     [
      14.406957,
      46.201555
     ],
     [
      14.406979,
      46.201538
     ],
     [
      14.407257,
      46.201305
     ],
     [
      14.407669,
      46.200894
     ],
     [
      14.407786,
      46.20076
     ],
     [
      14.407889,
      46.200628
     ],
     [
      14.407959,
      46.200475
     ],
     [
      14.408049,
      46.200137
     ],
     [
      14.408062,
      46.200086
     ],
     [
      14.408076,
      46.200034
     ],
     [
      14.408144,
      46.19976
     ],
     [
      14.408158,
      46.199686
     ],
     [
      14.408195,
      46.199506
     ],
     [
      14.40827,
      46.199263
     ],
     [
      14.408301,
      46.199185
     ],
     [
      14.40837,
      46.199076
     ],
     [
      14.408413,
      46.199008
     ],
     [
      14.408532,
      46.19889
     ],
     [
      14.408975,
      46.198497
     ],
     [
      14.409238,
      46.198265
     ],
     [
      14.409273,
      46.198236
     ]
    ]
   }
  },
  {
   "type": "Feature",
   "properties": {
    "kind": "closure",
    "name": "Moški elite: km 37–38 (Kranj)",
    "note": "Kratkotrajna zapora ob prehodu kolesarjev (policija, do ~30 min). Čas iz uradne časovnice.",
    "start": "2026-10-04T13:22",
    "end": "2026-10-04T13:58",
    "length_m": 926
   },
   "geometry": {
    "type": "LineString",
    "coordinates": [
     [
      14.409395,
      46.198084
     ],
     [
      14.409479,
      46.197964
     ],
     [
      14.40983,
      46.197464
     ],
     [
      14.409888,
      46.19738
     ],
     [
      14.410166,
      46.196973
     ],
     [
      14.410277,
      46.196757
     ],
     [
      14.410328,
      46.196607
     ],
     [
      14.410365,
      46.196495
     ],
     [
      14.4104,
      46.196423
     ],
     [
      14.410438,
      46.196366
     ],
     [
      14.410668,
      46.195997
     ],
     [
      14.41077,
      46.195834
     ],
     [
      14.410944,
      46.195558
     ],
     [
      14.410986,
      46.195492
     ],
     [
      14.41106,
      46.195377
     ],
     [
      14.411182,
      46.195189
     ],
     [
      14.411236,
      46.195089
     ],
     [
      14.411334,
      46.194875
     ],
     [
      14.411414,
      46.194668
     ],
     [
      14.41143,
      46.194621
     ],
     [
      14.411488,
      46.194483
     ],
     [
      14.411713,
      46.194181
     ],
     [
      14.412006,
      46.19384
     ],
     [
      14.412247,
      46.19359
     ],
     [
      14.412657,
      46.193236
     ],
     [
      14.41304,
      46.192884
     ],
     [
      14.413307,
      46.192564
     ],
     [
      14.413385,
      46.192447
     ],
     [
      14.413523,
      46.192185
     ],
     [
      14.413789,
      46.191556
     ],
     [
      14.413962,
      46.191153
     ],
     [
      14.414073,
      46.190948
     ],
     [
      14.41425,
      46.190672
     ],
     [
      14.41435,
      46.190517
     ]
    ]
   }
  },
  {
   "type": "Feature",
   "properties": {
    "kind": "closure",
    "name": "Moški elite: km 38–39 (Kranj)",
    "note": "Kratkotrajna zapora ob prehodu kolesarjev (policija, do ~30 min). Čas iz uradne časovnice.",
    "start": "2026-10-04T13:24",
    "end": "2026-10-04T13:59",
    "length_m": 912
   },
   "geometry": {
    "type": "LineString",
    "coordinates": [
     [
      14.41508,
      46.18953
     ],
     [
      14.415318,
      46.189161
     ],
     [
      14.415512,
      46.188783
     ],
     [
      14.415805,
      46.188161
     ],
     [
      14.415831,
      46.188112
     ],
     [
      14.416824,
      46.186459
     ],
     [
      14.417253,
      46.185726
     ],
     [
      14.417458,
      46.185343
     ],
     [
      14.417611,
      46.185054
     ],
     [
      14.417879,
      46.184552
     ],
     [
      14.41828,
      46.183734
     ],
     [
      14.418659,
      46.182941
     ],
     [
      14.41876,
      46.182686
     ],
     [
      14.418862,
      46.182321
     ],
     [
      14.4189,
      46.182087
     ],
     [
      14.418928,
      46.181762
     ]
    ]
   }
  },
  {
   "type": "Feature",
   "properties": {
    "kind": "closure",
    "name": "Moški elite: km 39–40 (Kranj)",
    "note": "Kratkotrajna zapora ob prehodu kolesarjev (policija, do ~30 min). Čas iz uradne časovnice.",
    "start": "2026-10-04T13:25",
    "end": "2026-10-04T14:01",
    "length_m": 861
   },
   "geometry": {
    "type": "LineString",
    "coordinates": [
     [
      14.418957,
      46.180441
     ],
     [
      14.419006,
      46.180039
     ],
     [
      14.419053,
      46.179873
     ],
     [
      14.419169,
      46.179696
     ],
     [
      14.419361,
      46.179491
     ],
     [
      14.419455,
      46.179425
     ],
     [
      14.419689,
      46.179312
     ],
     [
      14.419951,
      46.179217
     ],
     [
      14.420275,
      46.179145
     ],
     [
      14.421479,
      46.178939
     ],
     [
      14.421751,
      46.178873
     ],
     [
      14.421998,
      46.1788
     ],
     [
      14.422257,
      46.178703
     ],
     [
      14.422572,
      46.178559
     ],
     [
      14.422836,
      46.178419
     ],
     [
      14.423097,
      46.17825
     ],
     [
      14.423415,
      46.178007
     ],
     [
      14.42366,
      46.177795
     ],
     [
      14.424014,
      46.17749
     ],
     [
      14.424937,
      46.176718
     ],
     [
      14.425436,
      46.176278
     ],
     [
      14.425797,
      46.175977
     ],
     [
      14.426238,
      46.175613
     ],
     [
      14.426444,
      46.175465
     ],
     [
      14.426668,
      46.17533
     ]
    ]
   }
  },
  {
   "type": "Feature",
   "properties": {
    "kind": "closure",
    "name": "Moški elite: km 40–41 (Kranj)",
    "note": "Kratkotrajna zapora ob prehodu kolesarjev (policija, do ~30 min). Čas iz uradne časovnice.",
    "start": "2026-10-04T13:26",
    "end": "2026-10-04T14:03",
    "length_m": 992
   },
   "geometry": {
    "type": "LineString",
    "coordinates": [
     [
      14.427019,
      46.175147
     ],
     [
      14.427514,
      46.17493
     ],
     [
      14.428137,
      46.174681
     ],
     [
      14.428492,
      46.174514
     ],
     [
      14.428825,
      46.174314
     ],
     [
      14.429136,
      46.174087
     ],
     [
      14.429312,
      46.173929
     ],
     [
      14.429712,
      46.173479
     ],
     [
      14.430074,
      46.173051
     ],
     [
      14.43044,
      46.172669
     ],
     [
      14.430696,
      46.172416
     ],
     [
      14.430842,
      46.172292
     ],
     [
      14.431191,
      46.171886
     ],
     [
      14.431558,
      46.171481
     ],
     [
      14.431736,
      46.171267
     ],
     [
      14.431846,
      46.171159
     ],
     [
      14.432011,
      46.171076
     ],
     [
      14.432137,
      46.171039
     ],
     [
      14.432433,
      46.170972
     ],
     [
      14.432619,
      46.170908
     ],
     [
      14.432708,
      46.170863
     ],
     [
      14.432773,
      46.170819
     ],
     [
      14.43359,
      46.169714
     ],
     [
      14.433651,
      46.169603
     ],
     [
      14.433708,
      46.169462
     ],
     [
      14.433725,
      46.169253
     ],
     [
      14.433704,
      46.168974
     ],
     [
      14.433705,
      46.168848
     ],
     [
      14.433705,
      46.16882
     ],
     [
      14.433706,
      46.168724
     ],
     [
      14.433835,
      46.168694
     ],
     [
      14.433871,
      46.168673
     ],
     [
      14.433966,
      46.168615
     ],
     [
      14.434165,
      46.168433
     ],
     [
      14.434365,
      46.168251
     ]
    ]
   }
  },
  {
   "type": "Feature",
   "properties": {
    "kind": "closure",
    "name": "Moški elite: km 41–42 (Valburga)",
    "note": "Kratkotrajna zapora ob prehodu kolesarjev (policija, do ~30 min). Čas iz uradne časovnice.",
    "start": "2026-10-04T13:28",
    "end": "2026-10-04T14:04",
    "length_m": 967
   },
   "geometry": {
    "type": "LineString",
    "coordinates": [
     [
      14.434443,
      46.16818
     ],
     [
      14.434637,
      46.168025
     ],
     [
      14.434801,
      46.167928
     ],
     [
      14.435077,
      46.167823
     ],
     [
      14.435371,
      46.167741
     ],
     [
      14.435576,
      46.167692
     ],
     [
      14.435738,
      46.167687
     ],
     [
      14.435845,
      46.167704
     ],
     [
      14.435919,
      46.167725
     ],
     [
      14.436006,
      46.167768
     ],
     [
      14.436072,
      46.167811
     ],
     [
      14.436229,
      46.167948
     ],
     [
      14.436372,
      46.168091
     ],
     [
      14.436439,
      46.168149
     ],
     [
      14.436515,
      46.168213
     ],
     [
      14.436733,
      46.168353
     ],
     [
      14.437115,
      46.168525
     ],
     [
      14.437278,
      46.168592
     ],
     [
      14.437584,
      46.168711
     ],
     [
      14.437773,
      46.168785
     ],
     [
      14.438182,
      46.168965
     ],
     [
      14.438569,
      46.16913
     ],
     [
      14.43878,
      46.169219
     ],
     [
      14.439013,
      46.169343
     ],
     [
      14.439136,
      46.169424
     ],
     [
      14.439391,
      46.169591
     ],
     [
      14.439617,
      46.169716
     ],
     [
      14.440298,
      46.169969
     ],
     [
      14.441174,
      46.170288
     ],
     [
      14.441819,
      46.170561
     ],
     [
      14.442209,
      46.170767
     ],
     [
      14.442423,
      46.170881
     ],
     [
      14.442794,
      46.170992
     ],
     [
      14.443187,
      46.171058
     ],
     [
      14.44342,
      46.171123
     ],
     [
      14.443783,
      46.17128
     ],
     [
      14.443947,
      46.171367
     ],
     [
      14.444223,
      46.171557
     ],
     [
      14.444669,
      46.171899
     ],
     [
      14.444735,
      46.171949
     ]
    ]
   }
  },
  {
   "type": "Feature",
   "properties": {
    "kind": "closure",
    "name": "Moški elite: km 42–43 (Valburga)",
    "note": "Kratkotrajna zapora ob prehodu kolesarjev (policija, do ~30 min). Čas iz uradne časovnice.",
    "start": "2026-10-04T13:29",
    "end": "2026-10-04T14:06",
    "length_m": 921
   },
   "geometry": {
    "type": "LineString",
    "coordinates": [
     [
      14.444981,
      46.172144
     ],
     [
      14.445238,
      46.172353
     ],
     [
      14.445746,
      46.172838
     ],
     [
      14.445928,
      46.172999
     ],
     [
      14.446161,
      46.173192
     ],
     [
      14.446483,
      46.173392
     ],
     [
      14.446667,
      46.173496
     ],
     [
      14.446979,
      46.173682
     ],
     [
      14.447139,
      46.173794
     ],
     [
      14.447263,
      46.173908
     ],
     [
      14.447372,
      46.174041
     ],
     [
      14.447496,
      46.174218
     ],
     [
      14.447639,
      46.174405
     ],
     [
      14.447867,
      46.174659
     ],
     [
      14.447907,
      46.174698
     ],
     [
      14.448022,
      46.174812
     ],
     [
      14.448189,
      46.174925
     ],
     [
      14.448319,
      46.174994
     ],
     [
      14.44847,
      46.175059
     ],
     [
      14.44877,
      46.175139
     ],
     [
      14.449153,
      46.175176
     ],
     [
      14.449261,
      46.175177
     ],
     [
      14.449553,
      46.175181
     ],
     [
      14.449918,
      46.175161
     ],
     [
      14.450321,
      46.17512
     ],
     [
      14.450771,
      46.175089
     ],
     [
      14.451054,
      46.175084
     ],
     [
      14.451568,
      46.175089
     ],
     [
      14.452013,
      46.175075
     ],
     [
      14.452573,
      46.175058
     ],
     [
      14.452866,
      46.175085
     ],
     [
      14.453168,
      46.175152
     ],
     [
      14.453354,
      46.175214
     ],
     [
      14.453472,
      46.175265
     ],
     [
      14.45363,
      46.175344
     ],
     [
      14.453891,
      46.175517
     ],
     [
      14.454214,
      46.175719
     ],
     [
      14.454401,
      46.175816
     ],
     [
      14.454515,
      46.175867
     ]
    ]
   }
  },
  {
   "type": "Feature",
   "properties": {
    "kind": "closure",
    "name": "Moški elite: km 43–44 (Valburga)",
    "note": "Kratkotrajna zapora ob prehodu kolesarjev (policija, do ~30 min). Čas iz uradne časovnice.",
    "start": "2026-10-04T13:30",
    "end": "2026-10-04T14:07",
    "length_m": 982
   },
   "geometry": {
    "type": "LineString",
    "coordinates": [
     [
      14.455386,
      46.176249
     ],
     [
      14.455747,
      46.176391
     ],
     [
      14.456186,
      46.176525
     ],
     [
      14.456891,
      46.1767
     ],
     [
      14.457378,
      46.176837
     ],
     [
      14.457542,
      46.176892
     ],
     [
      14.457694,
      46.176961
     ],
     [
      14.458076,
      46.177168
     ],
     [
      14.459151,
      46.177835
     ],
     [
      14.459555,
      46.178034
     ],
     [
      14.45972,
      46.178107
     ],
     [
      14.460268,
      46.178316
     ],
     [
      14.460699,
      46.1785
     ],
     [
      14.460958,
      46.178631
     ],
     [
      14.461125,
      46.178704
     ],
     [
      14.461264,
      46.17875
     ],
     [
      14.461449,
      46.178802
     ],
     [
      14.461881,
      46.178896
     ],
     [
      14.462472,
      46.179015
     ],
     [
      14.463295,
      46.179162
     ],
     [
      14.463522,
      46.179199
     ],
     [
      14.463765,
      46.179234
     ],
     [
      14.464186,
      46.179262
     ],
     [
      14.46456,
      46.179284
     ],
     [
      14.464972,
      46.179326
     ],
     [
      14.465163,
      46.179354
     ],
     [
      14.465596,
      46.179447
     ],
     [
      14.465967,
      46.179531
     ],
     [
      14.466241,
      46.179585
     ],
     [
      14.466611,
      46.179641
     ],
     [
      14.466891,
      46.179654
     ]
    ]
   }
  },
  {
   "type": "Feature",
   "properties": {
    "kind": "closure",
    "name": "Moški elite: km 44–45 (Valburga)",
    "note": "Kratkotrajna zapora ob prehodu kolesarjev (policija, do ~30 min). Čas iz uradne časovnice.",
    "start": "2026-10-04T13:32",
    "end": "2026-10-04T14:09",
    "length_m": 980
   },
   "geometry": {
    "type": "LineString",
    "coordinates": [
     [
      14.467088,
      46.17965
     ],
     [
      14.467305,
      46.179637
     ],
     [
      14.467434,
      46.179629
     ],
     [
      14.467568,
      46.179621
     ],
     [
      14.467706,
      46.179622
     ],
     [
      14.467855,
      46.179632
     ],
     [
      14.468023,
      46.179674
     ],
     [
      14.468121,
      46.179716
     ],
     [
      14.468186,
      46.179744
     ],
     [
      14.468326,
      46.179822
     ],
     [
      14.468464,
      46.17992
     ],
     [
      14.468591,
      46.180041
     ],
     [
      14.468673,
      46.180095
     ],
     [
      14.468756,
      46.180142
     ],
     [
      14.468926,
      46.180212
     ],
     [
      14.469065,
      46.180256
     ],
     [
      14.469165,
      46.18028
     ],
     [
      14.469422,
      46.180337
     ],
     [
      14.47028,
      46.180481
     ],
     [
      14.470722,
      46.180548
     ],
     [
      14.470918,
      46.180562
     ],
     [
      14.471148,
      46.180582
     ],
     [
      14.471232,
      46.18059
     ],
     [
      14.47133,
      46.180599
     ],
     [
      14.471582,
      46.180622
     ],
     [
      14.472198,
      46.1807
     ],
     [
      14.473506,
      46.180904
     ],
     [
      14.474131,
      46.181042
     ],
     [
      14.474535,
      46.181162
     ],
     [
      14.474939,
      46.181305
     ],
     [
      14.476358,
      46.181809
     ],
     [
      14.476679,
      46.181923
     ],
     [
      14.477821,
      46.18233
     ],
     [
      14.478784,
      46.182686
     ]
    ]
   }
  },
  {
   "type": "Feature",
   "properties": {
    "kind": "closure",
    "name": "Moški elite: km 45–46 (Valburga)",
    "note": "Kratkotrajna zapora ob prehodu kolesarjev (policija, do ~30 min). Čas iz uradne časovnice.",
    "start": "2026-10-04T13:33",
    "end": "2026-10-04T14:11",
    "length_m": 939
   },
   "geometry": {
    "type": "LineString",
    "coordinates": [
     [
      14.4795,
      46.182976
     ],
     [
      14.480313,
      46.183321
     ],
     [
      14.481598,
      46.183903
     ],
     [
      14.482201,
      46.184144
     ],
     [
      14.482516,
      46.184244
     ],
     [
      14.482618,
      46.184274
     ],
     [
      14.482872,
      46.18435
     ],
     [
      14.483211,
      46.18444
     ],
     [
      14.483352,
      46.184472
     ],
     [
      14.483811,
      46.184565
     ],
     [
      14.484258,
      46.184617
     ],
     [
      14.484672,
      46.184647
     ],
     [
      14.485071,
      46.184658
     ],
     [
      14.485527,
      46.184639
     ],
     [
      14.48573,
      46.184622
     ],
     [
      14.485897,
      46.1846
     ],
     [
      14.486193,
      46.184557
     ],
     [
      14.486589,
      46.184481
     ],
     [
      14.487014,
      46.184365
     ],
     [
      14.487558,
      46.184179
     ],
     [
      14.487892,
      46.18405
     ],
     [
      14.488803,
      46.1837
     ],
     [
      14.489109,
      46.183597
     ],
     [
      14.489402,
      46.183512
     ],
     [
      14.489558,
      46.183473
     ],
     [
      14.489776,
      46.183411
     ],
     [
      14.49066,
      46.183205
     ]
    ]
   }
  },
  {
   "type": "Feature",
   "properties": {
    "kind": "closure",
    "name": "Moški elite: km 46–47 (Valburga)",
    "note": "Kratkotrajna zapora ob prehodu kolesarjev (policija, do ~30 min). Čas iz uradne časovnice.",
    "start": "2026-10-04T13:35",
    "end": "2026-10-04T14:12",
    "length_m": 954
   },
   "geometry": {
    "type": "LineString",
    "coordinates": [
     [
      14.491296,
      46.183104
     ],
     [
      14.491933,
      46.183033
     ],
     [
      14.492543,
      46.183001
     ],
     [
      14.493165,
      46.182999
     ],
     [
      14.494092,
      46.183059
     ],
     [
      14.494789,
      46.183161
     ],
     [
      14.495169,
      46.183237
     ],
     [
      14.495402,
      46.183284
     ],
     [
      14.496301,
      46.183519
     ],
     [
      14.496832,
      46.183704
     ],
     [
      14.496985,
      46.183758
     ],
     [
      14.497303,
      46.183349
     ],
     [
      14.497434,
      46.183216
     ],
     [
      14.497543,
      46.183117
     ],
     [
      14.497657,
      46.183031
     ],
     [
      14.49781,
      46.182939
     ],
     [
      14.498023,
      46.182848
     ],
     [
      14.49826,
      46.182781
     ],
     [
      14.498512,
      46.18275
     ],
     [
      14.498769,
      46.182729
     ],
     [
      14.499074,
      46.182686
     ],
     [
      14.499309,
      46.182632
     ],
     [
      14.49952,
      46.182571
     ],
     [
      14.499748,
      46.182491
     ],
     [
      14.500189,
      46.182324
     ],
     [
      14.500592,
      46.182169
     ],
     [
      14.501057,
      46.182002
     ],
     [
      14.501305,
      46.181912
     ],
     [
      14.501499,
      46.18183
     ],
     [
      14.501721,
      46.18171
     ],
     [
      14.501901,
      46.181589
     ],
     [
      14.502042,
      46.181469
     ],
     [
      14.502176,
      46.181329
     ]
    ]
   }
  },
  {
   "type": "Feature",
   "properties": {
    "kind": "closure",
    "name": "Moški elite: km 47–48 (Vodice)",
    "note": "Kratkotrajna zapora ob prehodu kolesarjev (policija, do ~30 min). Čas iz uradne časovnice.",
    "start": "2026-10-04T13:36",
    "end": "2026-10-04T14:14",
    "length_m": 991
   },
   "geometry": {
    "type": "LineString",
    "coordinates": [
     [
      14.502286,
      46.181169
     ],
     [
      14.502389,
      46.180994
     ],
     [
      14.502938,
      46.179981
     ],
     [
      14.503162,
      46.179538
     ],
     [
      14.503249,
      46.179322
     ],
     [
      14.503465,
      46.178663
     ],
     [
      14.503581,
      46.178374
     ],
     [
      14.503707,
      46.178126
     ],
     [
      14.503851,
      46.177874
     ],
     [
      14.503957,
      46.177727
     ],
     [
      14.504122,
      46.177537
     ],
     [
      14.504284,
      46.177401
     ],
     [
      14.504578,
      46.177222
     ],
     [
      14.504802,
      46.177087
     ],
     [
      14.505157,
      46.176893
     ],
     [
      14.505676,
      46.176633
     ],
     [
      14.505865,
      46.176545
     ],
     [
      14.506029,
      46.176479
     ],
     [
      14.506233,
      46.176409
     ],
     [
      14.506463,
      46.176314
     ],
     [
      14.506545,
      46.176247
     ],
     [
      14.506642,
      46.176161
     ],
     [
      14.506746,
      46.176044
     ],
     [
      14.506769,
      46.176012
     ],
     [
      14.506802,
      46.17596
     ],
     [
      14.50685,
      46.175876
     ],
     [
      14.506866,
      46.175828
     ],
     [
      14.506891,
      46.175758
     ],
     [
      14.506913,
      46.175627
     ],
     [
      14.506915,
      46.175442
     ],
     [
      14.506915,
      46.175407
     ],
     [
      14.506915,
      46.175358
     ],
     [
      14.506914,
      46.17491
     ],
     [
      14.506926,
      46.174674
     ],
     [
      14.506977,
      46.174571
     ],
     [
      14.507068,
      46.17446
     ],
     [
      14.50748,
      46.174133
     ],
     [
      14.507804,
      46.173895
     ],
     [
      14.507977,
      46.173793
     ],
     [
      14.508176,
      46.173701
     ]
    ]
   }
  },
  {
   "type": "Feature",
   "properties": {
    "kind": "closure",
    "name": "Moški elite: km 48–49 (Vodice)",
    "note": "Kratkotrajna zapora ob prehodu kolesarjev (policija, do ~30 min). Čas iz uradne časovnice.",
    "start": "2026-10-04T13:38",
    "end": "2026-10-04T14:16",
    "length_m": 900
   },
   "geometry": {
    "type": "LineString",
    "coordinates": [
     [
      14.508243,
      46.173677
     ],
     [
      14.508391,
      46.173624
     ],
     [
      14.508599,
      46.173549
     ],
     [
      14.508677,
      46.17352
     ],
     [
      14.508751,
      46.173479
     ],
     [
      14.508805,
      46.173438
     ],
     [
      14.508848,
      46.173363
     ],
     [
      14.508883,
      46.173218
     ],
     [
      14.508962,
      46.173019
     ],
     [
      14.508991,
      46.172968
     ],
     [
      14.509251,
      46.172516
     ],
     [
      14.509302,
      46.172406
     ],
     [
      14.509322,
      46.172362
     ],
     [
      14.509394,
      46.172178
     ],
     [
      14.509415,
      46.172132
     ],
     [
      14.509548,
      46.171855
     ],
     [
      14.509979,
      46.171091
     ],
     [
      14.510013,
      46.17103
     ],
     [
      14.510249,
      46.170598
     ],
     [
      14.510344,
      46.170444
     ],
     [
      14.510419,
      46.170341
     ],
     [
      14.510453,
      46.170301
     ],
     [
      14.510686,
      46.170059
     ],
     [
      14.510834,
      46.169937
     ],
     [
      14.511026,
      46.169807
     ],
     [
      14.511134,
      46.169743
     ],
     [
      14.511199,
      46.169704
     ],
     [
      14.511271,
      46.16967
     ],
     [
      14.511618,
      46.1695
     ],
     [
      14.511921,
      46.169315
     ],
     [
      14.512045,
      46.16926
     ],
     [
      14.512192,
      46.169214
     ],
     [
      14.512401,
      46.169165
     ],
     [
      14.512605,
      46.16913
     ],
     [
      14.512845,
      46.169097
     ],
     [
      14.513503,
      46.169063
     ],
     [
      14.513663,
      46.16905
     ],
     [
      14.513788,
      46.169028
     ],
     [
      14.513932,
      46.168996
     ],
     [
      14.514215,
      46.168917
     ],
     [
      14.514402,
      46.16887
     ],
     [
      14.514564,
      46.168845
     ],
     [
      14.514757,
      46.168835
     ],
     [
      14.514871,
      46.168831
     ],
     [
      14.514944,
      46.16883
     ],
     [
      14.515212,
      46.168827
     ],
     [
      14.515959,
      46.168834
     ]
    ]
   }
  },
  {
   "type": "Feature",
   "properties": {
    "kind": "closure",
    "name": "Moški elite: km 49–50 (Vodice)",
    "note": "Kratkotrajna zapora ob prehodu kolesarjev (policija, do ~30 min). Čas iz uradne časovnice.",
    "start": "2026-10-04T13:39",
    "end": "2026-10-04T14:17",
    "length_m": 955
   },
   "geometry": {
    "type": "LineString",
    "coordinates": [
     [
      14.517382,
      46.168873
     ],
     [
      14.518055,
      46.168891
     ],
     [
      14.518381,
      46.168908
     ],
     [
      14.518697,
      46.168944
     ],
     [
      14.519063,
      46.169014
     ],
     [
      14.519153,
      46.169042
     ],
     [
      14.519824,
      46.169239
     ],
     [
      14.520102,
      46.169317
     ],
     [
      14.520883,
      46.169509
     ],
     [
      14.521164,
      46.169567
     ],
     [
      14.521431,
      46.169616
     ],
     [
      14.522143,
      46.16972
     ],
     [
      14.522283,
      46.169735
     ],
     [
      14.522679,
      46.169782
     ],
     [
      14.523123,
      46.169826
     ],
     [
      14.523559,
      46.169873
     ],
     [
      14.524852,
      46.169973
     ],
     [
      14.52509,
      46.170011
     ],
     [
      14.525346,
      46.170067
     ],
     [
      14.525585,
      46.170132
     ],
     [
      14.525785,
      46.170178
     ],
     [
      14.525837,
      46.170184
     ],
     [
      14.525922,
      46.170194
     ],
     [
      14.526051,
      46.170192
     ],
     [
      14.526391,
      46.170113
     ],
     [
      14.526525,
      46.170076
     ],
     [
      14.526639,
      46.170045
     ],
     [
      14.526953,
      46.169959
     ],
     [
      14.527945,
      46.169707
     ],
     [
      14.528281,
      46.169585
     ],
     [
      14.528967,
      46.169315
     ],
     [
      14.529221,
      46.169239
     ]
    ]
   }
  },
  {
   "type": "Feature",
   "properties": {
    "kind": "closure",
    "name": "Moški elite: km 50–51 (Vodice)",
    "note": "Kratkotrajna zapora ob prehodu kolesarjev (policija, do ~30 min). Čas iz uradne časovnice.",
    "start": "2026-10-04T13:40",
    "end": "2026-10-04T14:19",
    "length_m": 971
   },
   "geometry": {
    "type": "LineString",
    "coordinates": [
     [
      14.529604,
      46.169164
     ],
     [
      14.530731,
      46.169012
     ],
     [
      14.531075,
      46.168949
     ],
     [
      14.531184,
      46.168928
     ],
     [
      14.531398,
      46.168883
     ],
     [
      14.531534,
      46.168857
     ],
     [
      14.531884,
      46.168787
     ],
     [
      14.53214,
      46.168749
     ],
     [
      14.53216,
      46.168746
     ],
     [
      14.53236,
      46.168722
     ],
     [
      14.533297,
      46.168634
     ],
     [
      14.535589,
      46.168353
     ],
     [
      14.535846,
      46.168335
     ],
     [
      14.536001,
      46.16833
     ],
     [
      14.536657,
      46.168359
     ],
     [
      14.537077,
      46.168359
     ],
     [
      14.537326,
      46.168353
     ],
     [
      14.537616,
      46.168343
     ],
     [
      14.538356,
      46.168292
     ],
     [
      14.538626,
      46.168296
     ],
     [
      14.539101,
      46.16834
     ],
     [
      14.539337,
      46.168355
     ],
     [
      14.539759,
      46.168369
     ],
     [
      14.539987,
      46.168365
     ],
     [
      14.540308,
      46.168326
     ],
     [
      14.540968,
      46.168182
     ],
     [
      14.541192,
      46.168127
     ],
     [
      14.541496,
      46.168073
     ],
     [
      14.541773,
      46.168074
     ],
     [
      14.542003,
      46.168093
     ]
    ]
   }
  },
  {
   "type": "Feature",
   "properties": {
    "kind": "closure",
    "name": "Moški elite: km 51–52 (Vodice)",
    "note": "Kratkotrajna zapora ob prehodu kolesarjev (policija, do ~30 min). Čas iz uradne časovnice.",
    "start": "2026-10-04T13:41",
    "end": "2026-10-04T14:20",
    "length_m": 926
   },
   "geometry": {
    "type": "LineString",
    "coordinates": [
     [
      14.542385,
      46.168176
     ],
     [
      14.542723,
      46.16828
     ],
     [
      14.54303,
      46.168326
     ],
     [
      14.543405,
      46.168381
     ],
     [
      14.545092,
      46.168642
     ],
     [
      14.546794,
      46.168925
     ],
     [
      14.548563,
      46.169213
     ],
     [
      14.54862,
      46.169227
     ],
     [
      14.548791,
      46.169268
     ],
     [
      14.548948,
      46.169319
     ],
     [
      14.549142,
      46.169409
     ],
     [
      14.549449,
      46.16957
     ],
     [
      14.549903,
      46.169782
     ],
     [
      14.550223,
      46.169939
     ],
     [
      14.551005,
      46.170389
     ],
     [
      14.551532,
      46.170668
     ],
     [
      14.552053,
      46.170943
     ],
     [
      14.552349,
      46.171112
     ],
     [
      14.552599,
      46.171211
     ],
     [
      14.552878,
      46.171279
     ],
     [
      14.553084,
      46.171307
     ],
     [
      14.553263,
      46.171322
     ]
    ]
   }
  },
  {
   "type": "Feature",
   "properties": {
    "kind": "closure",
    "name": "Moški elite: km 52–53 (Vodice)",
    "note": "Kratkotrajna zapora ob prehodu kolesarjev (policija, do ~30 min). Čas iz uradne časovnice.",
    "start": "2026-10-04T13:43",
    "end": "2026-10-04T14:22",
    "length_m": 979
   },
   "geometry": {
    "type": "LineString",
    "coordinates": [
     [
      14.554195,
      46.171318
     ],
     [
      14.554368,
      46.171329
     ],
     [
      14.555082,
      46.171379
     ],
     [
      14.555304,
      46.171377
     ],
     [
      14.555625,
      46.171359
     ],
     [
      14.55589,
      46.171329
     ],
     [
      14.556122,
      46.171335
     ],
     [
      14.556194,
      46.171344
     ],
     [
      14.556374,
      46.171369
     ],
     [
      14.556582,
      46.171416
     ],
     [
      14.556777,
      46.171465
     ],
     [
      14.556977,
      46.171528
     ],
     [
      14.557136,
      46.171585
     ],
     [
      14.557818,
      46.171898
     ],
     [
      14.558095,
      46.172012
     ],
     [
      14.558276,
      46.172072
     ],
     [
      14.558581,
      46.172135
     ],
     [
      14.558785,
      46.172143
     ],
     [
      14.559435,
      46.172086
     ],
     [
      14.561022,
      46.171967
     ],
     [
      14.561194,
      46.172001
     ],
     [
      14.56125,
      46.172042
     ],
     [
      14.561667,
      46.172567
     ],
     [
      14.561712,
      46.172633
     ],
     [
      14.562661,
      46.173667
     ],
     [
      14.562684,
      46.173693
     ],
     [
      14.562849,
      46.173873
     ],
     [
      14.562882,
      46.17391
     ],
     [
      14.563006,
      46.174052
     ],
     [
      14.563319,
      46.174383
     ],
     [
      14.563447,
      46.174506
     ],
     [
      14.563675,
      46.174669
     ],
     [
      14.563765,
      46.174691
     ],
     [
      14.563849,
      46.174689
     ],
     [
      14.563947,
      46.17467
     ],
     [
      14.564384,
      46.174452
     ]
    ]
   }
  },
  {
   "type": "Feature",
   "properties": {
    "kind": "closure",
    "name": "Moški elite: km 53–54 (Vodice)",
    "note": "Kratkotrajna zapora ob prehodu kolesarjev (policija, do ~30 min). Čas iz uradne časovnice.",
    "start": "2026-10-04T13:44",
    "end": "2026-10-04T14:24",
    "length_m": 994
   },
   "geometry": {
    "type": "LineString",
    "coordinates": [
     [
      14.564631,
      46.17435
     ],
     [
      14.564918,
      46.174248
     ],
     [
      14.565125,
      46.174184
     ],
     [
      14.565703,
      46.17404
     ],
     [
      14.567091,
      46.173857
     ],
     [
      14.567471,
      46.173816
     ],
     [
      14.567705,
      46.173792
     ],
     [
      14.568506,
      46.173733
     ],
     [
      14.568713,
      46.173756
     ],
     [
      14.568801,
      46.173768
     ],
     [
      14.569172,
      46.173519
     ],
     [
      14.569357,
      46.173386
     ],
     [
      14.569514,
      46.17326
     ],
     [
      14.569747,
      46.173008
     ],
     [
      14.569922,
      46.172734
     ],
     [
      14.569997,
      46.172595
     ],
     [
      14.570119,
      46.172313
     ],
     [
      14.570261,
      46.172034
     ],
     [
      14.570387,
      46.171804
     ],
     [
      14.570607,
      46.171483
     ],
     [
      14.570714,
      46.171347
     ],
     [
      14.570976,
      46.171062
     ],
     [
      14.571316,
      46.170723
     ],
     [
      14.571554,
      46.170497
     ],
     [
      14.571707,
      46.170326
     ],
     [
      14.571829,
      46.170149
     ],
     [
      14.57197,
      46.169918
     ],
     [
      14.572298,
      46.169465
     ],
     [
      14.572526,
      46.169151
     ],
     [
      14.572633,
      46.169002
     ],
     [
      14.572745,
      46.168869
     ],
     [
      14.572886,
      46.168762
     ],
     [
      14.573078,
      46.168647
     ]
    ]
   }
  },
  {
   "type": "Feature",
   "properties": {
    "kind": "closure",
    "name": "Moški elite: km 54–55 (Mengeš - Jama)",
    "note": "Kratkotrajna zapora ob prehodu kolesarjev (policija, do ~30 min). Čas iz uradne časovnice.",
    "start": "2026-10-04T13:46",
    "end": "2026-10-04T14:25",
    "length_m": 939
   },
   "geometry": {
    "type": "LineString",
    "coordinates": [
     [
      14.573143,
      46.168608
     ],
     [
      14.573239,
      46.168694
     ],
     [
      14.573353,
      46.168809
     ],
     [
      14.573512,
      46.168744
     ],
     [
      14.573642,
      46.168714
     ],
     [
      14.574397,
      46.168584
     ],
     [
      14.574657,
      46.168586
     ],
     [
      14.574921,
      46.168615
     ],
     [
      14.575562,
      46.1687
     ],
     [
      14.575784,
      46.16872
     ],
     [
      14.57593,
      46.168725
     ],
     [
      14.576505,
      46.168707
     ],
     [
      14.576865,
      46.168695
     ],
     [
      14.577146,
      46.16869
     ],
     [
      14.57727,
      46.168693
     ],
     [
      14.577334,
      46.168697
     ],
     [
      14.577627,
      46.168748
     ],
     [
      14.577687,
      46.168758
     ],
     [
      14.577826,
      46.168758
     ],
     [
      14.578068,
      46.168738
     ],
     [
      14.578594,
      46.168656
     ],
     [
      14.578943,
      46.168615
     ],
     [
      14.579079,
      46.168604
     ],
     [
      14.579289,
      46.168588
     ],
     [
      14.579712,
      46.168561
     ],
     [
      14.580039,
      46.168558
     ],
     [
      14.580321,
      46.16858
     ],
     [
      14.580668,
      46.168642
     ],
     [
      14.581029,
      46.168722
     ],
     [
      14.581151,
      46.168744
     ],
     [
      14.581233,
      46.168639
     ],
     [
      14.581363,
      46.168561
     ],
     [
      14.581526,
      46.168521
     ],
     [
      14.581682,
      46.168522
     ],
     [
      14.58183,
      46.168558
     ],
     [
      14.581953,
      46.168626
     ],
     [
      14.582036,
      46.168718
     ],
     [
      14.582178,
      46.168669
     ],
     [
      14.582788,
      46.168459
     ],
     [
      14.583111,
      46.168381
     ],
     [
      14.583393,
      46.168335
     ],
     [
      14.583807,
      46.168288
     ],
     [
      14.584658,
      46.168211
     ]
    ]
   }
  },
  {
   "type": "Feature",
   "properties": {
    "kind": "closure",
    "name": "Moški elite: km 55–56 (Mengeš)",
    "note": "Kratkotrajna zapora ob prehodu kolesarjev (policija, do ~30 min). Čas iz uradne časovnice.",
    "start": "2026-10-04T13:47",
    "end": "2026-10-04T14:27",
    "length_m": 989
   },
   "geometry": {
    "type": "LineString",
    "coordinates": [
     [
      14.585477,
      46.168117
     ],
     [
      14.587396,
      46.167858
     ],
     [
      14.588174,
      46.167765
     ],
     [
      14.588708,
      46.167686
     ],
     [
      14.589018,
      46.167653
     ],
     [
      14.589272,
      46.167635
     ],
     [
      14.589647,
      46.167618
     ],
     [
      14.590424,
      46.167583
     ],
     [
      14.59168,
      46.167505
     ],
     [
      14.593159,
      46.167387
     ],
     [
      14.593695,
      46.167342
     ],
     [
      14.594032,
      46.167303
     ],
     [
      14.594546,
      46.167241
     ],
     [
      14.59485,
      46.167207
     ],
     [
      14.595183,
      46.167196
     ],
     [
      14.595364,
      46.167242
     ],
     [
      14.595513,
      46.167299
     ],
     [
      14.595643,
      46.167372
     ],
     [
      14.596058,
      46.16779
     ],
     [
      14.596155,
      46.167873
     ],
     [
      14.596331,
      46.167954
     ],
     [
      14.59683,
      46.168136
     ],
     [
      14.597215,
      46.168246
     ],
     [
      14.597378,
      46.168284
     ],
     [
      14.597626,
      46.168312
     ]
    ]
   }
  },
  {
   "type": "Feature",
   "properties": {
    "kind": "closure",
    "name": "Moški elite: km 56–57 (Mengeš - Jarše)",
    "note": "Kratkotrajna zapora ob prehodu kolesarjev (policija, do ~30 min). Čas iz uradne časovnice.",
    "start": "2026-10-04T13:48",
    "end": "2026-10-04T14:28",
    "length_m": 943
   },
   "geometry": {
    "type": "LineString",
    "coordinates": [
     [
      14.597862,
      46.168315
     ],
     [
      14.598023,
      46.168303
     ],
     [
      14.59825,
      46.168287
     ],
     [
      14.598462,
      46.16827
     ],
     [
      14.598872,
      46.168289
     ],
     [
      14.599056,
      46.168326
     ],
     [
      14.599143,
      46.168348
     ],
     [
      14.599434,
      46.168448
     ],
     [
      14.599626,
      46.168517
     ],
     [
      14.59974,
      46.168562
     ],
     [
      14.600199,
      46.168747
     ],
     [
      14.600564,
      46.168877
     ],
     [
      14.601298,
      46.169091
     ],
     [
      14.601549,
      46.169183
     ],
     [
      14.601843,
      46.169323
     ],
     [
      14.602729,
      46.169823
     ],
     [
      14.604128,
      46.170597
     ],
     [
      14.604555,
      46.170835
     ],
     [
      14.604677,
      46.170903
     ],
     [
      14.606066,
      46.171669
     ],
     [
      14.606587,
      46.171956
     ],
     [
      14.606964,
      46.172165
     ],
     [
      14.607145,
      46.172256
     ],
     [
      14.607378,
      46.172347
     ],
     [
      14.607501,
      46.172384
     ],
     [
      14.607517,
      46.172388
     ],
     [
      14.608152,
      46.172552
     ],
     [
      14.60817,
      46.172556
     ]
    ]
   }
  },
  {
   "type": "Feature",
   "properties": {
    "kind": "closure",
    "name": "Moški elite: km 57–58 (Mengeš - Jarše)",
    "note": "Kratkotrajna zapora ob prehodu kolesarjev (policija, do ~30 min). Čas iz uradne časovnice.",
    "start": "2026-10-04T13:49",
    "end": "2026-10-04T14:30",
    "length_m": 962
   },
   "geometry": {
    "type": "LineString",
    "coordinates": [
     [
      14.608804,
      46.172723
     ],
     [
      14.609439,
      46.172845
     ],
     [
      14.609658,
      46.172846
     ],
     [
      14.609757,
      46.172846
     ],
     [
      14.60982,
      46.172844
     ],
     [
      14.609855,
      46.172819
     ],
     [
      14.609898,
      46.1728
     ],
     [
      14.609945,
      46.172789
     ],
     [
      14.610014,
      46.17279
     ],
     [
      14.610052,
      46.172802
     ],
     [
      14.610088,
      46.172833
     ],
     [
      14.610092,
      46.172876
     ],
     [
      14.610076,
      46.172905
     ],
     [
      14.610029,
      46.172944
     ],
     [
      14.609962,
      46.172969
     ],
     [
      14.609892,
      46.172975
     ],
     [
      14.609846,
      46.17307
     ],
     [
      14.609751,
      46.173268
     ],
     [
      14.609679,
      46.173443
     ],
     [
      14.609655,
      46.173575
     ],
     [
      14.609655,
      46.173675
     ],
     [
      14.609686,
      46.173969
     ],
     [
      14.609753,
      46.174208
     ],
     [
      14.609821,
      46.174364
     ],
     [
      14.609937,
      46.174609
     ],
     [
      14.610176,
      46.17511
     ],
     [
      14.610219,
      46.175297
     ],
     [
      14.610253,
      46.17564
     ],
     [
      14.610258,
      46.176011
     ],
     [
      14.610262,
      46.1764
     ],
     [
      14.610223,
      46.176747
     ],
     [
      14.610152,
      46.177367
     ],
     [
      14.610109,
      46.177516
     ],
     [
      14.610052,
      46.177631
     ],
     [
      14.609751,
      46.178009
     ],
     [
      14.609684,
      46.178091
     ],
     [
      14.609569,
      46.178269
     ],
     [
      14.609461,
      46.17849
     ],
     [
      14.609385,
      46.178673
     ],
     [
      14.609298,
      46.178927
     ],
     [
      14.608955,
      46.18007
     ],
     [
      14.608908,
      46.18027
     ]
    ]
   }
  },
  {
   "type": "Feature",
   "properties": {
    "kind": "closure",
    "name": "Moški elite: km 58–59 (Radomlje)",
    "note": "Kratkotrajna zapora ob prehodu kolesarjev (policija, do ~30 min). Čas iz uradne časovnice.",
    "start": "2026-10-04T13:51",
    "end": "2026-10-04T14:32",
    "length_m": 950
   },
   "geometry": {
    "type": "LineString",
    "coordinates": [
     [
      14.608859,
      46.180878
     ],
     [
      14.608777,
      46.181254
     ],
     [
      14.608713,
      46.181544
     ],
     [
      14.608674,
      46.1817
     ],
     [
      14.608657,
      46.181786
     ],
     [
      14.608536,
      46.182165
     ],
     [
      14.608464,
      46.182418
     ],
     [
      14.608339,
      46.182753
     ],
     [
      14.608236,
      46.182917
     ],
     [
      14.608186,
      46.182999
     ],
     [
      14.607997,
      46.18324
     ],
     [
      14.607841,
      46.18338
     ],
     [
      14.60765,
      46.183523
     ],
     [
      14.607411,
      46.183668
     ],
     [
      14.606694,
      46.184016
     ],
     [
      14.60639,
      46.184184
     ],
     [
      14.606194,
      46.184326
     ],
     [
      14.606071,
      46.184431
     ],
     [
      14.605871,
      46.184669
     ],
     [
      14.605801,
      46.18477
     ],
     [
      14.605661,
      46.185015
     ],
     [
      14.605594,
      46.185134
     ],
     [
      14.605485,
      46.185332
     ],
     [
      14.605407,
      46.185474
     ],
     [
      14.605287,
      46.185658
     ],
     [
      14.605005,
      46.186026
     ],
     [
      14.604906,
      46.186158
     ],
     [
      14.604847,
      46.186286
     ],
     [
      14.604786,
      46.18657
     ],
     [
      14.604747,
      46.187108
     ],
     [
      14.60472,
      46.187275
     ],
     [
      14.60471,
      46.187336
     ],
     [
      14.604656,
      46.187615
     ],
     [
      14.604566,
      46.187943
     ],
     [
      14.604493,
      46.188098
     ],
     [
      14.604397,
      46.188261
     ],
     [
      14.604204,
      46.188501
     ]
    ]
   }
  },
  {
   "type": "Feature",
   "properties": {
    "kind": "closure",
    "name": "Moški elite: km 59–60 (Radomlje)",
    "note": "Kratkotrajna zapora ob prehodu kolesarjev (policija, do ~30 min). Čas iz uradne časovnice.",
    "start": "2026-10-04T13:52",
    "end": "2026-10-04T14:33",
    "length_m": 969
   },
   "geometry": {
    "type": "LineString",
    "coordinates": [
     [
      14.604114,
      46.188632
     ],
     [
      14.603941,
      46.188982
     ],
     [
      14.603759,
      46.189504
     ],
     [
      14.603679,
      46.189669
     ],
     [
      14.60357,
      46.189906
     ],
     [
      14.60342,
      46.190345
     ],
     [
      14.603362,
      46.190475
     ],
     [
      14.603315,
      46.190565
     ],
     [
      14.603247,
      46.190649
     ],
     [
      14.60309,
      46.1908
     ],
     [
      14.60298,
      46.190885
     ],
     [
      14.602887,
      46.190951
     ],
     [
      14.602765,
      46.19106
     ],
     [
      14.602659,
      46.191187
     ],
     [
      14.602595,
      46.191278
     ],
     [
      14.60252,
      46.191423
     ],
     [
      14.60231,
      46.191892
     ],
     [
      14.602124,
      46.192311
     ],
     [
      14.602048,
      46.192483
     ],
     [
      14.602002,
      46.192615
     ],
     [
      14.60195,
      46.192805
     ],
     [
      14.601931,
      46.192995
     ],
     [
      14.601855,
      46.193644
     ],
     [
      14.601824,
      46.193848
     ],
     [
      14.601747,
      46.194195
     ],
     [
      14.601684,
      46.194457
     ],
     [
      14.601641,
      46.194716
     ],
     [
      14.601593,
      46.195094
     ],
     [
      14.601522,
      46.195865
     ],
     [
      14.601499,
      46.196351
     ],
     [
      14.601481,
      46.196615
     ],
     [
      14.601442,
      46.196764
     ],
     [
      14.601381,
      46.196852
     ],
     [
      14.601218,
      46.197029
     ]
    ]
   }
  },
  {
   "type": "Feature",
   "properties": {
    "kind": "closure",
    "name": "Moški elite: km 60–61 (Radomlje)",
    "note": "Kratkotrajna zapora ob prehodu kolesarjev (policija, do ~30 min). Čas iz uradne časovnice.",
    "start": "2026-10-04T13:53",
    "end": "2026-10-04T14:35",
    "length_m": 925
   },
   "geometry": {
    "type": "LineString",
    "coordinates": [
     [
      14.600618,
      46.197652
     ],
     [
      14.600534,
      46.197757
     ],
     [
      14.600481,
      46.197846
     ],
     [
      14.600464,
      46.197912
     ],
     [
      14.600469,
      46.197977
     ],
     [
      14.600632,
      46.198295
     ],
     [
      14.6008,
      46.198574
     ],
     [
      14.600916,
      46.198766
     ],
     [
      14.600948,
      46.19882
     ],
     [
      14.601063,
      46.199011
     ],
     [
      14.601227,
      46.199299
     ],
     [
      14.601282,
      46.199416
     ],
     [
      14.601295,
      46.199487
     ],
     [
      14.601275,
      46.199581
     ],
     [
      14.601206,
      46.199674
     ],
     [
      14.601141,
      46.19977
     ],
     [
      14.601021,
      46.199841
     ],
     [
      14.60084,
      46.199932
     ],
     [
      14.600829,
      46.199953
     ],
     [
      14.600848,
      46.200006
     ],
     [
      14.600962,
      46.200212
     ],
     [
      14.601053,
      46.200367
     ],
     [
      14.601359,
      46.200891
     ],
     [
      14.601463,
      46.201076
     ],
     [
      14.601641,
      46.201423
     ],
     [
      14.602138,
      46.202256
     ],
     [
      14.602462,
      46.202828
     ],
     [
      14.60305,
      46.203817
     ],
     [
      14.603575,
      46.204723
     ],
     [
      14.603921,
      46.205347
     ]
    ]
   }
  },
  {
   "type": "Feature",
   "properties": {
    "kind": "closure",
    "name": "Moški elite: km 61–62 (Radomlje)",
    "note": "Kratkotrajna zapora ob prehodu kolesarjev (policija, do ~30 min). Čas iz uradne časovnice.",
    "start": "2026-10-04T13:55",
    "end": "2026-10-04T14:36",
    "length_m": 962
   },
   "geometry": {
    "type": "LineString",
    "coordinates": [
     [
      14.60404,
      46.205555
     ],
     [
      14.604239,
      46.205781
     ],
     [
      14.604335,
      46.205853
     ],
     [
      14.604366,
      46.205855
     ],
     [
      14.604414,
      46.20587
     ],
     [
      14.604466,
      46.205901
     ],
     [
      14.604491,
      46.205927
     ],
     [
      14.604506,
      46.205957
     ],
     [
      14.60451,
      46.206004
     ],
     [
      14.604493,
      46.206046
     ],
     [
      14.604453,
      46.206086
     ],
     [
      14.604468,
      46.206191
     ],
     [
      14.604602,
      46.206512
     ],
     [
      14.605079,
      46.207343
     ],
     [
      14.605297,
      46.207707
     ],
     [
      14.605511,
      46.207998
     ],
     [
      14.605671,
      46.208185
     ],
     [
      14.605722,
      46.208243
     ],
     [
      14.605931,
      46.208477
     ],
     [
      14.606184,
      46.208717
     ],
     [
      14.606561,
      46.209038
     ],
     [
      14.606897,
      46.209321
     ],
     [
      14.607281,
      46.209674
     ],
     [
      14.607669,
      46.210103
     ],
     [
      14.607806,
      46.210273
     ],
     [
      14.607982,
      46.210533
     ],
     [
      14.608139,
      46.210818
     ],
     [
      14.60825,
      46.211078
     ],
     [
      14.608409,
      46.211528
     ],
     [
      14.608442,
      46.211678
     ],
     [
      14.608497,
      46.212215
     ],
     [
      14.608486,
      46.213247
     ],
     [
      14.608482,
      46.213387
     ]
    ]
   }
  },
  {
   "type": "Feature",
   "properties": {
    "kind": "closure",
    "name": "Moški elite: km 62–63 (Radomlje)",
    "note": "Kratkotrajna zapora ob prehodu kolesarjev (policija, do ~30 min). Čas iz uradne časovnice.",
    "start": "2026-10-04T13:56",
    "end": "2026-10-04T14:38",
    "length_m": 973
   },
   "geometry": {
    "type": "LineString",
    "coordinates": [
     [
      14.608471,
      46.213719
     ],
     [
      14.608471,
      46.213974
     ],
     [
      14.60849,
      46.215038
     ],
     [
      14.608495,
      46.215298
     ],
     [
      14.608506,
      46.215414
     ],
     [
      14.608557,
      46.215735
     ],
     [
      14.608629,
      46.21605
     ],
     [
      14.608802,
      46.216537
     ],
     [
      14.608959,
      46.216914
     ],
     [
      14.609311,
      46.217488
     ],
     [
      14.609877,
      46.218245
     ],
     [
      14.610038,
      46.218519
     ],
     [
      14.610132,
      46.218727
     ],
     [
      14.610193,
      46.218916
     ],
     [
      14.61024,
      46.219212
     ],
     [
      14.610256,
      46.219812
     ],
     [
      14.610287,
      46.220136
     ],
     [
      14.610368,
      46.22046
     ],
     [
      14.610453,
      46.22071
     ],
     [
      14.610629,
      46.221111
     ],
     [
      14.610809,
      46.221412
     ],
     [
      14.610572,
      46.22143
     ],
     [
      14.610219,
      46.221487
     ],
     [
      14.609643,
      46.221571
     ]
    ]
   }
  },
  {
   "type": "Feature",
   "properties": {
    "kind": "closure",
    "name": "Moški elite: km 63–64 (Radomlje)",
    "note": "Kratkotrajna zapora ob prehodu kolesarjev (policija, do ~30 min). Čas iz uradne časovnice.",
    "start": "2026-10-04T13:57",
    "end": "2026-10-04T14:40",
    "length_m": 955
   },
   "geometry": {
    "type": "LineString",
    "coordinates": [
     [
      14.609077,
      46.221657
     ],
     [
      14.608331,
      46.221811
     ],
     [
      14.608009,
      46.221916
     ],
     [
      14.607912,
      46.221949
     ],
     [
      14.607407,
      46.222161
     ],
     [
      14.607298,
      46.222187
     ],
     [
      14.607219,
      46.222144
     ],
     [
      14.606896,
      46.221968
     ],
     [
      14.606833,
      46.221926
     ],
     [
      14.606546,
      46.221725
     ],
     [
      14.606433,
      46.221638
     ],
     [
      14.606301,
      46.22152
     ],
     [
      14.606227,
      46.22145
     ],
     [
      14.606045,
      46.2215
     ],
     [
      14.605941,
      46.221504
     ],
     [
      14.605881,
      46.221492
     ],
     [
      14.605728,
      46.221444
     ],
     [
      14.605327,
      46.221307
     ],
     [
      14.605037,
      46.221212
     ],
     [
      14.604756,
      46.221097
     ],
     [
      14.6047,
      46.221072
     ],
     [
      14.60459,
      46.221021
     ],
     [
      14.604394,
      46.220917
     ],
     [
      14.604209,
      46.220804
     ],
     [
      14.604178,
      46.220785
     ],
     [
      14.603974,
      46.220635
     ],
     [
      14.603395,
      46.220168
     ],
     [
      14.603371,
      46.220148
     ],
     [
      14.603041,
      46.219919
     ],
     [
      14.602775,
      46.219775
     ],
     [
      14.602646,
      46.219712
     ],
     [
      14.602296,
      46.219523
     ],
     [
      14.602095,
      46.219395
     ],
     [
      14.601886,
      46.219243
     ],
     [
      14.601815,
      46.21919
     ],
     [
      14.601752,
      46.219142
     ],
     [
      14.601525,
      46.218956
     ],
     [
      14.60129,
      46.218711
     ],
     [
      14.600996,
      46.21839
     ],
     [
      14.600873,
      46.218299
     ],
     [
      14.600719,
      46.218208
     ],
     [
      14.600517,
      46.218126
     ],
     [
      14.600075,
      46.217968
     ],
     [
      14.600023,
      46.217945
     ],
     [
      14.599919,
      46.217894
     ],
     [
      14.599491,
      46.217625
     ]
    ]
   }
  },
  {
   "type": "Feature",
   "properties": {
    "kind": "closure",
    "name": "Moški elite: km 64–65 (Kamnik)",
    "note": "Kratkotrajna zapora ob prehodu kolesarjev (policija, do ~30 min). Čas iz uradne časovnice.",
    "start": "2026-10-04T13:59",
    "end": "2026-10-04T14:41",
    "length_m": 919
   },
   "geometry": {
    "type": "LineString",
    "coordinates": [
     [
      14.598767,
      46.217142
     ],
     [
      14.598491,
      46.216938
     ],
     [
      14.598071,
      46.216644
     ],
     [
      14.597687,
      46.216389
     ],
     [
      14.597149,
      46.216058
     ],
     [
      14.59699,
      46.215949
     ],
     [
      14.596672,
      46.215666
     ],
     [
      14.59627,
      46.215232
     ],
     [
      14.595968,
      46.214909
     ],
     [
      14.595645,
      46.214619
     ],
     [
      14.59538,
      46.214418
     ],
     [
      14.594944,
      46.214124
     ],
     [
      14.594218,
      46.213671
     ],
     [
      14.59389,
      46.213466
     ],
     [
      14.593677,
      46.21334
     ],
     [
      14.593176,
      46.213053
     ],
     [
      14.592588,
      46.212733
     ],
     [
      14.592452,
      46.212648
     ],
     [
      14.592134,
      46.212417
     ],
     [
      14.591787,
      46.212163
     ],
     [
      14.591552,
      46.212001
     ],
     [
      14.591256,
      46.211812
     ],
     [
      14.590935,
      46.211613
     ],
     [
      14.59076,
      46.211516
     ],
     [
      14.590348,
      46.211304
     ]
    ]
   }
  },
  {
   "type": "Feature",
   "properties": {
    "kind": "closure",
    "name": "Moški elite: km 65–66 (Podgorje)",
    "note": "Kratkotrajna zapora ob prehodu kolesarjev (policija, do ~30 min). Čas iz uradne časovnice.",
    "start": "2026-10-04T14:00",
    "end": "2026-10-04T14:43",
    "length_m": 994
   },
   "geometry": {
    "type": "LineString",
    "coordinates": [
     [
      14.590012,
      46.211143
     ],
     [
      14.589195,
      46.210655
     ],
     [
      14.588163,
      46.21009
     ],
     [
      14.587932,
      46.209958
     ],
     [
      14.587455,
      46.209666
     ],
     [
      14.586868,
      46.20932
     ],
     [
      14.585702,
      46.208687
     ],
     [
      14.585297,
      46.208474
     ],
     [
      14.583945,
      46.207794
     ],
     [
      14.58341,
      46.207514
     ],
     [
      14.582985,
      46.207305
     ],
     [
      14.582556,
      46.207083
     ],
     [
      14.581706,
      46.206666
     ],
     [
      14.581468,
      46.206541
     ],
     [
      14.581431,
      46.206522
     ],
     [
      14.581055,
      46.206322
     ],
     [
      14.58071,
      46.206139
     ],
     [
      14.579821,
      46.205636
     ]
    ]
   }
  },
  {
   "type": "Feature",
   "properties": {
    "kind": "closure",
    "name": "Moški elite: km 66–67 (Podgorje)",
    "note": "Kratkotrajna zapora ob prehodu kolesarjev (policija, do ~30 min). Čas iz uradne časovnice.",
    "start": "2026-10-04T14:01",
    "end": "2026-10-04T14:44",
    "length_m": 946
   },
   "geometry": {
    "type": "LineString",
    "coordinates": [
     [
      14.579432,
      46.205389
     ],
     [
      14.579251,
      46.205264
     ],
     [
      14.578508,
      46.204723
     ],
     [
      14.578021,
      46.204378
     ],
     [
      14.577947,
      46.204312
     ],
     [
      14.577468,
      46.203871
     ],
     [
      14.577227,
      46.203654
     ],
     [
      14.576989,
      46.203462
     ],
     [
      14.576683,
      46.20326
     ],
     [
      14.576643,
      46.203236
     ],
     [
      14.576184,
      46.202948
     ],
     [
      14.57614,
      46.202975
     ],
     [
      14.576067,
      46.202991
     ],
     [
      14.576024,
      46.20299
     ],
     [
      14.575986,
      46.202982
     ],
     [
      14.575947,
      46.202966
     ],
     [
      14.575918,
      46.202945
     ],
     [
      14.575887,
      46.202897
     ],
     [
      14.575885,
      46.202861
     ],
     [
      14.57592,
      46.202798
     ],
     [
      14.575883,
      46.202763
     ],
     [
      14.575727,
      46.202658
     ],
     [
      14.575501,
      46.202459
     ],
     [
      14.575314,
      46.202261
     ],
     [
      14.574647,
      46.201482
     ],
     [
      14.574421,
      46.201246
     ],
     [
      14.574006,
      46.200902
     ],
     [
      14.573808,
      46.200732
     ],
     [
      14.573661,
      46.200569
     ],
     [
      14.573505,
      46.200383
     ],
     [
      14.573401,
      46.200279
     ],
     [
      14.573279,
      46.200167
     ],
     [
      14.573168,
      46.200083
     ],
     [
      14.573042,
      46.200009
     ],
     [
      14.5729,
      46.199938
     ],
     [
      14.572506,
      46.199787
     ],
     [
      14.572047,
      46.199641
     ],
     [
      14.571759,
      46.199561
     ],
     [
      14.571217,
      46.199427
     ]
    ]
   }
  },
  {
   "type": "Feature",
   "properties": {
    "kind": "closure",
    "name": "Moški elite: km 67–68 (Podgorje)",
    "note": "Kratkotrajna zapora ob prehodu kolesarjev (policija, do ~30 min). Čas iz uradne časovnice.",
    "start": "2026-10-04T14:03",
    "end": "2026-10-04T14:46",
    "length_m": 977
   },
   "geometry": {
    "type": "LineString",
    "coordinates": [
     [
      14.570788,
      46.19934
     ],
     [
      14.570348,
      46.199261
     ],
     [
      14.569646,
      46.199136
     ],
     [
      14.568459,
      46.198891
     ],
     [
      14.568236,
      46.198839
     ],
     [
      14.568084,
      46.198797
     ],
     [
      14.567912,
      46.198744
     ],
     [
      14.56769,
      46.198665
     ],
     [
      14.567444,
      46.198572
     ],
     [
      14.567309,
      46.198519
     ],
     [
      14.566533,
      46.198212
     ],
     [
      14.566392,
      46.198464
     ],
     [
      14.566315,
      46.198622
     ],
     [
      14.566245,
      46.198894
     ],
     [
      14.566158,
      46.199333
     ],
     [
      14.56615,
      46.199379
     ],
     [
      14.566123,
      46.199478
     ],
     [
      14.566079,
      46.199571
     ],
     [
      14.565953,
      46.199793
     ],
     [
      14.565882,
      46.199965
     ],
     [
      14.565795,
      46.200229
     ],
     [
      14.56577,
      46.200283
     ],
     [
      14.565273,
      46.200208
     ],
     [
      14.564995,
      46.200177
     ],
     [
      14.564875,
      46.200177
     ],
     [
      14.564766,
      46.200187
     ],
     [
      14.564645,
      46.200217
     ],
     [
      14.564475,
      46.200286
     ],
     [
      14.564409,
      46.200308
     ],
     [
      14.564332,
      46.200324
     ],
     [
      14.564243,
      46.200314
     ],
     [
      14.564095,
      46.200264
     ],
     [
      14.563716,
      46.200067
     ],
     [
      14.563605,
      46.199988
     ],
     [
      14.563359,
      46.20009
     ],
     [
      14.563018,
      46.200378
     ],
     [
      14.562663,
      46.200641
     ],
     [
      14.562584,
      46.20071
     ],
     [
      14.56251,
      46.200804
     ],
     [
      14.56247,
      46.20089
     ],
     [
      14.562444,
      46.200947
     ],
     [
      14.562401,
      46.201013
     ],
     [
      14.562355,
      46.201037
     ],
     [
      14.562147,
      46.201111
     ],
     [
      14.561858,
      46.201193
     ],
     [
      14.561776,
      46.201216
     ]
    ]
   }
  },
  {
   "type": "Feature",
   "properties": {
    "kind": "closure",
    "name": "Moški elite: km 68–69 (Križ)",
    "note": "Kratkotrajna zapora ob prehodu kolesarjev (policija, do ~30 min). Čas iz uradne časovnice.",
    "start": "2026-10-04T14:04",
    "end": "2026-10-04T14:47",
    "length_m": 971
   },
   "geometry": {
    "type": "LineString",
    "coordinates": [
     [
      14.561407,
      46.201323
     ],
     [
      14.561261,
      46.201378
     ],
     [
      14.561084,
      46.20145
     ],
     [
      14.560676,
      46.20162
     ],
     [
      14.560433,
      46.201699
     ],
     [
      14.560126,
      46.201798
     ],
     [
      14.559744,
      46.20196
     ],
     [
      14.559527,
      46.202063
     ],
     [
      14.559301,
      46.202174
     ],
     [
      14.558985,
      46.202328
     ],
     [
      14.558827,
      46.202366
     ],
     [
      14.558607,
      46.202389
     ],
     [
      14.558154,
      46.202414
     ],
     [
      14.557449,
      46.20243
     ],
     [
      14.557174,
      46.202448
     ],
     [
      14.556936,
      46.20248
     ],
     [
      14.5562,
      46.202595
     ],
     [
      14.55503,
      46.202733
     ],
     [
      14.554354,
      46.20284
     ],
     [
      14.554076,
      46.202899
     ],
     [
      14.553572,
      46.203042
     ],
     [
      14.552942,
      46.203242
     ],
     [
      14.552693,
      46.20332
     ],
     [
      14.552383,
      46.203425
     ],
     [
      14.552235,
      46.203485
     ],
     [
      14.551728,
      46.203725
     ],
     [
      14.551483,
      46.203845
     ],
     [
      14.550964,
      46.204044
     ],
     [
      14.550775,
      46.204103
     ],
     [
      14.550521,
      46.204164
     ],
     [
      14.55002,
      46.204271
     ],
     [
      14.549882,
      46.204307
     ],
     [
      14.54978,
      46.204334
     ]
    ]
   }
  },
  {
   "type": "Feature",
   "properties": {
    "kind": "closure",
    "name": "Moški elite: km 69–70 (Križ)",
    "note": "Kratkotrajna zapora ob prehodu kolesarjev (policija, do ~30 min). Čas iz uradne časovnice.",
    "start": "2026-10-04T14:05",
    "end": "2026-10-04T14:49",
    "length_m": 967
   },
   "geometry": {
    "type": "LineString",
    "coordinates": [
     [
      14.549549,
      46.204416
     ],
     [
      14.548782,
      46.204721
     ],
     [
      14.548015,
      46.205062
     ],
     [
      14.547166,
      46.205427
     ],
     [
      14.547022,
      46.205492
     ],
     [
      14.546996,
      46.205501
     ],
     [
      14.546495,
      46.205712
     ],
     [
      14.54559,
      46.206079
     ],
     [
      14.544759,
      46.206434
     ],
     [
      14.544256,
      46.206659
     ],
     [
      14.543716,
      46.206899
     ],
     [
      14.543418,
      46.20703
     ],
     [
      14.543291,
      46.207096
     ],
     [
      14.543248,
      46.20717
     ],
     [
      14.543245,
      46.207221
     ],
     [
      14.543265,
      46.207298
     ],
     [
      14.543344,
      46.207413
     ],
     [
      14.543535,
      46.207636
     ],
     [
      14.54367,
      46.207807
     ],
     [
      14.543725,
      46.207895
     ],
     [
      14.543757,
      46.207957
     ],
     [
      14.543759,
      46.208
     ],
     [
      14.543752,
      46.20803
     ],
     [
      14.543735,
      46.208055
     ],
     [
      14.543761,
      46.208061
     ],
     [
      14.543799,
      46.208089
     ],
     [
      14.543806,
      46.208127
     ],
     [
      14.543796,
      46.208145
     ],
     [
      14.543777,
      46.208162
     ],
     [
      14.54375,
      46.208173
     ],
     [
      14.543719,
      46.208177
     ],
     [
      14.543688,
      46.208173
     ],
     [
      14.543661,
      46.208162
     ],
     [
      14.543642,
      46.208146
     ],
     [
      14.543587,
      46.208181
     ],
     [
      14.543502,
      46.208195
     ],
     [
      14.542638,
      46.208175
     ],
     [
      14.542591,
      46.208174
     ],
     [
      14.542501,
      46.208173
     ],
     [
      14.542372,
      46.208177
     ],
     [
      14.542202,
      46.208191
     ],
     [
      14.541453,
      46.208363
     ],
     [
      14.541291,
      46.208461
     ],
     [
      14.541285,
      46.208485
     ],
     [
      14.541267,
      46.208507
     ],
     [
      14.54124,
      46.208523
     ],
     [
      14.541206,
      46.208532
     ],
     [
      14.54117,
      46.208533
     ],
     [
      14.541139,
      46.208526
     ],
     [
      14.541111,
      46.208513
     ],
     [
      14.541091,
      46.208495
     ],
     [
      14.54108,
      46.208473
     ],
     [
      14.54108,
      46.20845
     ],
     [
      14.54096,
      46.208352
     ],
     [
      14.540682,
      46.208212
     ]
    ]
   }
  },
  {
   "type": "Feature",
   "properties": {
    "kind": "closure",
    "name": "Moški elite: km 70–71 (Križ)",
    "note": "Kratkotrajna zapora ob prehodu kolesarjev (policija, do ~30 min). Čas iz uradne časovnice.",
    "start": "2026-10-04T14:06",
    "end": "2026-10-04T14:51",
    "length_m": 956
   },
   "geometry": {
    "type": "LineString",
    "coordinates": [
     [
      14.540352,
      46.20807
     ],
     [
      14.540337,
      46.208064
     ],
     [
      14.540185,
      46.207984
     ],
     [
      14.540118,
      46.207937
     ],
     [
      14.539967,
      46.207773
     ],
     [
      14.539814,
      46.207569
     ],
     [
      14.53972,
      46.207448
     ],
     [
      14.539662,
      46.207388
     ],
     [
      14.539298,
      46.207022
     ],
     [
      14.539177,
      46.206915
     ],
     [
      14.53894,
      46.206724
     ],
     [
      14.53885,
      46.206673
     ],
     [
      14.538825,
      46.206697
     ],
     [
      14.538791,
      46.206714
     ],
     [
      14.538764,
      46.206792
     ],
     [
      14.538758,
      46.206873
     ],
     [
      14.538874,
      46.206984
     ],
     [
      14.538929,
      46.207082
     ],
     [
      14.538987,
      46.207355
     ],
     [
      14.538992,
      46.207719
     ],
     [
      14.538993,
      46.207746
     ],
     [
      14.539013,
      46.208177
     ],
     [
      14.539001,
      46.208255
     ],
     [
      14.538973,
      46.208332
     ],
     [
      14.538921,
      46.208397
     ],
     [
      14.538855,
      46.20845
     ],
     [
      14.538752,
      46.208504
     ],
     [
      14.538689,
      46.20853
     ],
     [
      14.538575,
      46.208561
     ],
     [
      14.538293,
      46.208607
     ],
     [
      14.53737,
      46.208757
     ],
     [
      14.536888,
      46.208846
     ],
     [
      14.53661,
      46.208904
     ],
     [
      14.536377,
      46.208966
     ],
     [
      14.536192,
      46.209017
     ],
     [
      14.535875,
      46.209161
     ],
     [
      14.535707,
      46.209266
     ],
     [
      14.535379,
      46.20953
     ],
     [
      14.53517,
      46.209723
     ],
     [
      14.534902,
      46.209977
     ],
     [
      14.534463,
      46.210419
     ],
     [
      14.53428,
      46.210604
     ],
     [
      14.534085,
      46.210771
     ],
     [
      14.533725,
      46.211061
     ],
     [
      14.533337,
      46.211337
     ]
    ]
   }
  },
  {
   "type": "Feature",
   "properties": {
    "kind": "closure",
    "name": "Moški elite: km 71–72 (Komenda)",
    "note": "Kratkotrajna zapora ob prehodu kolesarjev (policija, do ~30 min). Čas iz uradne časovnice.",
    "start": "2026-10-04T14:08",
    "end": "2026-10-04T14:52",
    "length_m": 965
   },
   "geometry": {
    "type": "LineString",
    "coordinates": [
     [
      14.533008,
      46.211547
     ],
     [
      14.532668,
      46.211737
     ],
     [
      14.532617,
      46.211768
     ],
     [
      14.53256,
      46.211821
     ],
     [
      14.532511,
      46.21188
     ],
     [
      14.532449,
      46.212057
     ],
     [
      14.532402,
      46.212155
     ],
     [
      14.532323,
      46.212229
     ],
     [
      14.532088,
      46.212414
     ],
     [
      14.531934,
      46.212543
     ],
     [
      14.531831,
      46.212608
     ],
     [
      14.53151,
      46.212768
     ],
     [
      14.53143,
      46.212802
     ],
     [
      14.531289,
      46.212832
     ],
     [
      14.531189,
      46.212843
     ],
     [
      14.53099,
      46.212828
     ],
     [
      14.530848,
      46.212824
     ],
     [
      14.530726,
      46.212843
     ],
     [
      14.530628,
      46.212868
     ],
     [
      14.530517,
      46.212914
     ],
     [
      14.530401,
      46.212972
     ],
     [
      14.529916,
      46.213307
     ],
     [
      14.529493,
      46.213574
     ],
     [
      14.529146,
      46.213718
     ],
     [
      14.529031,
      46.213751
     ],
     [
      14.528713,
      46.21383
     ],
     [
      14.528458,
      46.213867
     ],
     [
      14.527934,
      46.213933
     ],
     [
      14.52748,
      46.213975
     ],
     [
      14.527248,
      46.21402
     ],
     [
      14.527102,
      46.214069
     ],
     [
      14.526648,
      46.214291
     ],
     [
      14.526511,
      46.214344
     ],
     [
      14.526426,
      46.214377
     ],
     [
      14.526323,
      46.21439
     ],
     [
      14.526114,
      46.214399
     ],
     [
      14.525536,
      46.214398
     ],
     [
      14.525264,
      46.214436
     ],
     [
      14.525085,
      46.214478
     ],
     [
      14.524974,
      46.214524
     ],
     [
      14.524954,
      46.214533
     ],
     [
      14.524822,
      46.214604
     ],
     [
      14.524696,
      46.214715
     ],
     [
      14.524617,
      46.214806
     ],
     [
      14.524576,
      46.214931
     ],
     [
      14.524588,
      46.215048
     ],
     [
      14.524663,
      46.215219
     ],
     [
      14.525176,
      46.216029
     ],
     [
      14.525378,
      46.216335
     ]
    ]
   }
  },
  {
   "type": "Feature",
   "properties": {
    "kind": "closure",
    "name": "Moški elite: km 72–73 (Komenda)",
    "note": "Kratkotrajna zapora ob prehodu kolesarjev (policija, do ~30 min). Čas iz uradne časovnice.",
    "start": "2026-10-04T14:09",
    "end": "2026-10-04T14:53",
    "length_m": 932
   },
   "geometry": {
    "type": "LineString",
    "coordinates": [
     [
      14.525878,
      46.21703
     ],
     [
      14.525974,
      46.217189
     ],
     [
      14.52598,
      46.217368
     ],
     [
      14.525956,
      46.217472
     ],
     [
      14.525876,
      46.217562
     ],
     [
      14.525757,
      46.217656
     ],
     [
      14.525052,
      46.21817
     ],
     [
      14.524916,
      46.218288
     ],
     [
      14.524741,
      46.218472
     ],
     [
      14.524577,
      46.218711
     ],
     [
      14.524407,
      46.218928
     ],
     [
      14.5242,
      46.219146
     ],
     [
      14.523909,
      46.219417
     ],
     [
      14.523587,
      46.219656
     ],
     [
      14.52334,
      46.219812
     ],
     [
      14.523271,
      46.219853
     ],
     [
      14.52249,
      46.220327
     ],
     [
      14.522111,
      46.220613
     ],
     [
      14.521997,
      46.220751
     ],
     [
      14.521954,
      46.220861
     ],
     [
      14.521955,
      46.220983
     ],
     [
      14.521981,
      46.221044
     ],
     [
      14.522064,
      46.22116
     ],
     [
      14.52212,
      46.221208
     ],
     [
      14.522186,
      46.221253
     ],
     [
      14.522247,
      46.221284
     ],
     [
      14.522923,
      46.221562
     ],
     [
      14.523103,
      46.221671
     ],
     [
      14.523192,
      46.221787
     ],
     [
      14.523224,
      46.22193
     ],
     [
      14.523214,
      46.222026
     ],
     [
      14.523186,
      46.222083
     ],
     [
      14.52293,
      46.222465
     ],
     [
      14.522884,
      46.222607
     ],
     [
      14.522894,
      46.222709
     ],
     [
      14.522913,
      46.222797
     ],
     [
      14.522945,
      46.222901
     ],
     [
      14.522988,
      46.222984
     ],
     [
      14.523056,
      46.223101
     ],
     [
      14.523452,
      46.223533
     ],
     [
      14.523504,
      46.223594
     ],
     [
      14.523649,
      46.22381
     ]
    ]
   }
  },
  {
   "type": "Feature",
   "properties": {
    "kind": "closure",
    "name": "Moški elite: km 73–74 (Komenda)",
    "note": "Kratkotrajna zapora ob prehodu kolesarjev (policija, do ~30 min). Čas iz uradne časovnice.",
    "start": "2026-10-04T14:10",
    "end": "2026-10-04T14:55",
    "length_m": 974
   },
   "geometry": {
    "type": "LineString",
    "coordinates": [
     [
      14.523684,
      46.223928
     ],
     [
      14.523689,
      46.224004
     ],
     [
      14.523679,
      46.224114
     ],
     [
      14.523652,
      46.224202
     ],
     [
      14.52342,
      46.224653
     ],
     [
      14.523299,
      46.224945
     ],
     [
      14.523119,
      46.225436
     ],
     [
      14.523039,
      46.22563
     ],
     [
      14.522974,
      46.225764
     ],
     [
      14.522753,
      46.226129
     ],
     [
      14.522398,
      46.226746
     ],
     [
      14.522381,
      46.226771
     ],
     [
      14.522296,
      46.2269
     ],
     [
      14.52216,
      46.227039
     ],
     [
      14.522015,
      46.22715
     ],
     [
      14.521761,
      46.227304
     ],
     [
      14.521449,
      46.227511
     ],
     [
      14.521239,
      46.227682
     ],
     [
      14.521189,
      46.227731
     ],
     [
      14.521095,
      46.227828
     ],
     [
      14.521036,
      46.227888
     ],
     [
      14.520783,
      46.228107
     ],
     [
      14.520473,
      46.228313
     ],
     [
      14.520195,
      46.228494
     ],
     [
      14.519324,
      46.229077
     ],
     [
      14.519125,
      46.229245
     ],
     [
      14.51895,
      46.229449
     ],
     [
      14.518778,
      46.229656
     ],
     [
      14.518668,
      46.229763
     ],
     [
      14.518514,
      46.229908
     ],
     [
      14.518307,
      46.23004
     ],
     [
      14.518231,
      46.230098
     ],
     [
      14.517924,
      46.230303
     ],
     [
      14.517768,
      46.230374
     ],
     [
      14.517549,
      46.230463
     ],
     [
      14.517345,
      46.230535
     ],
     [
      14.517156,
      46.230578
     ],
     [
      14.51688,
      46.230622
     ],
     [
      14.51648,
      46.230667
     ]
    ]
   }
  },
  {
   "type": "Feature",
   "properties": {
    "kind": "closure",
    "name": "Moški elite: km 74–75 (Zalog pri Cerkljah)",
    "note": "Kratkotrajna zapora ob prehodu kolesarjev (policija, do ~30 min). Čas iz uradne časovnice.",
    "start": "2026-10-04T14:12",
    "end": "2026-10-04T14:56",
    "length_m": 853
   },
   "geometry": {
    "type": "LineString",
    "coordinates": [
     [
      14.516163,
      46.23071
     ],
     [
      14.516035,
      46.230733
     ],
     [
      14.515959,
      46.230756
     ],
     [
      14.515827,
      46.230795
     ],
     [
      14.515441,
      46.230973
     ],
     [
      14.515127,
      46.231109
     ],
     [
      14.514912,
      46.231184
     ],
     [
      14.513102,
      46.231589
     ],
     [
      14.512754,
      46.231667
     ],
     [
      14.511589,
      46.231965
     ],
     [
      14.511357,
      46.232026
     ],
     [
      14.511094,
      46.232107
     ],
     [
      14.510886,
      46.232187
     ],
     [
      14.510693,
      46.232276
     ],
     [
      14.510631,
      46.232311
     ],
     [
      14.510497,
      46.232388
     ],
     [
      14.51019,
      46.232595
     ],
     [
      14.509061,
      46.233392
     ],
     [
      14.508825,
      46.233552
     ],
     [
      14.507697,
      46.234321
     ],
     [
      14.507366,
      46.23457
     ],
     [
      14.507083,
      46.23482
     ]
    ]
   }
  },
  {
   "type": "Feature",
   "properties": {
    "kind": "closure",
    "name": "Moški elite: km 75–76 (Zalog pri Cerkljah)",
    "note": "Kratkotrajna zapora ob prehodu kolesarjev (policija, do ~30 min). Čas iz uradne časovnice.",
    "start": "2026-10-04T14:13",
    "end": "2026-10-04T14:58",
    "length_m": 886
   },
   "geometry": {
    "type": "LineString",
    "coordinates": [
     [
      14.50523,
      46.236568
     ],
     [
      14.504628,
      46.237147
     ],
     [
      14.504145,
      46.237628
     ],
     [
      14.503892,
      46.237958
     ],
     [
      14.503513,
      46.238506
     ],
     [
      14.502254,
      46.240334
     ],
     [
      14.500497,
      46.242887
     ],
     [
      14.500189,
      46.243354
     ],
     [
      14.499977,
      46.243685
     ]
    ]
   }
  },
  {
   "type": "Feature",
   "properties": {
    "kind": "closure",
    "name": "Moški elite: km 76–77 (Zalog pri Cerkljah)",
    "note": "Kratkotrajna zapora ob prehodu kolesarjev (policija, do ~30 min). Čas iz uradne časovnice.",
    "start": "2026-10-04T14:15",
    "end": "2026-10-04T15:00",
    "length_m": 875
   },
   "geometry": {
    "type": "LineString",
    "coordinates": [
     [
      14.499847,
      46.243944
     ],
     [
      14.499592,
      46.24452
     ],
     [
      14.498782,
      46.246463
     ],
     [
      14.498649,
      46.246816
     ],
     [
      14.498362,
      46.247751
     ],
     [
      14.498292,
      46.247838
     ],
     [
      14.498229,
      46.247874
     ],
     [
      14.498151,
      46.247903
     ],
     [
      14.498034,
      46.247915
     ],
     [
      14.497669,
      46.247906
     ],
     [
      14.497514,
      46.247893
     ],
     [
      14.497413,
      46.247885
     ],
     [
      14.497214,
      46.247848
     ],
     [
      14.496903,
      46.247762
     ],
     [
      14.496585,
      46.247652
     ],
     [
      14.496458,
      46.247652
     ],
     [
      14.496347,
      46.247668
     ],
     [
      14.496213,
      46.247708
     ],
     [
      14.496067,
      46.247769
     ],
     [
      14.49595,
      46.247854
     ],
     [
      14.495816,
      46.247983
     ],
     [
      14.495509,
      46.248316
     ],
     [
      14.495371,
      46.248442
     ],
     [
      14.49512,
      46.2486
     ],
     [
      14.494841,
      46.248707
     ],
     [
      14.494529,
      46.248795
     ],
     [
      14.494449,
      46.248818
     ],
     [
      14.493574,
      46.249024
     ]
    ]
   }
  },
  {
   "type": "Feature",
   "properties": {
    "kind": "closure",
    "name": "Moški elite: km 77–78 (Zalog pri Cerkljah)",
    "note": "Kratkotrajna zapora ob prehodu kolesarjev (policija, do ~30 min). Čas iz uradne časovnice.",
    "start": "2026-10-04T14:16",
    "end": "2026-10-04T15:01",
    "length_m": 912
   },
   "geometry": {
    "type": "LineString",
    "coordinates": [
     [
      14.491634,
      46.249475
     ],
     [
      14.490933,
      46.249641
     ],
     [
      14.489417,
      46.249999
     ],
     [
      14.488911,
      46.250108
     ],
     [
      14.488409,
      46.250143
     ],
     [
      14.487495,
      46.250162
     ],
     [
      14.486896,
      46.250142
     ],
     [
      14.486759,
      46.250137
     ],
     [
      14.486682,
      46.250123
     ],
     [
      14.486602,
      46.2501
     ],
     [
      14.486452,
      46.250086
     ],
     [
      14.486386,
      46.250091
     ],
     [
      14.486346,
      46.250093
     ],
     [
      14.486325,
      46.250124
     ],
     [
      14.486291,
      46.250148
     ],
     [
      14.486225,
      46.25025
     ],
     [
      14.486076,
      46.250503
     ],
     [
      14.48605,
      46.250675
     ],
     [
      14.486025,
      46.251042
     ],
     [
      14.485994,
      46.251222
     ],
     [
      14.485912,
      46.251638
     ],
     [
      14.485904,
      46.251749
     ],
     [
      14.485904,
      46.251757
     ],
     [
      14.485909,
      46.251834
     ],
     [
      14.485932,
      46.251916
     ],
     [
      14.485972,
      46.251999
     ],
     [
      14.486093,
      46.252185
     ],
     [
      14.486366,
      46.252498
     ],
     [
      14.486568,
      46.25274
     ],
     [
      14.486885,
      46.253119
     ],
     [
      14.486973,
      46.253237
     ],
     [
      14.487009,
      46.253289
     ],
     [
      14.487099,
      46.253488
     ],
     [
      14.487209,
      46.25381
     ],
     [
      14.487339,
      46.25414
     ],
     [
      14.487392,
      46.254265
     ]
    ]
   }
  },
  {
   "type": "Feature",
   "properties": {
    "kind": "closure",
    "name": "Moški elite: km 78–79 (Cerklje na Gorenjskem)",
    "note": "Kratkotrajna zapora ob prehodu kolesarjev (policija, do ~30 min). Čas iz uradne časovnice.",
    "start": "2026-10-04T14:17",
    "end": "2026-10-04T15:03",
    "length_m": 786
   },
   "geometry": {
    "type": "LineString",
    "coordinates": [
     [
      14.487559,
      46.254659
     ],
     [
      14.48761,
      46.254804
     ],
     [
      14.487705,
      46.255128
     ],
     [
      14.487905,
      46.25572
     ],
     [
      14.48791,
      46.255846
     ],
     [
      14.487885,
      46.255959
     ],
     [
      14.488017,
      46.256033
     ],
     [
      14.488084,
      46.256108
     ],
     [
      14.488205,
      46.256368
     ],
     [
      14.488326,
      46.256603
     ],
     [
      14.488413,
      46.256733
     ],
     [
      14.488721,
      46.257148
     ],
     [
      14.488766,
      46.257215
     ],
     [
      14.488896,
      46.257408
     ],
     [
      14.489136,
      46.25772
     ],
     [
      14.489197,
      46.257841
     ],
     [
      14.48926,
      46.257968
     ],
     [
      14.489362,
      46.258245
     ],
     [
      14.489413,
      46.258343
     ],
     [
      14.489495,
      46.258444
     ],
     [
      14.48959,
      46.258528
     ],
     [
      14.48976,
      46.258651
     ],
     [
      14.490207,
      46.25893
     ],
     [
      14.490369,
      46.25904
     ],
     [
      14.490469,
      46.259117
     ],
     [
      14.490601,
      46.25925
     ],
     [
      14.490654,
      46.25933
     ],
     [
      14.490789,
      46.259503
     ],
     [
      14.490864,
      46.259586
     ],
     [
      14.490935,
      46.259654
     ],
     [
      14.491042,
      46.259737
     ],
     [
      14.49134,
      46.259938
     ],
     [
      14.491517,
      46.260071
     ],
     [
      14.491698,
      46.260257
     ],
     [
      14.491817,
      46.260435
     ],
     [
      14.492022,
      46.260858
     ]
    ]
   }
  },
  {
   "type": "Feature",
   "properties": {
    "kind": "closure",
    "name": "Moški elite: nevtralni del Kongresni trg–Šentvid",
    "note": "Spremljana vožnja po Ljubljani (~10.2 km).",
    "start": "2026-10-04T12:10",
    "end": "2026-10-04T12:59",
    "length_m": 10201
   },
   "geometry": {
    "type": "LineString",
    "coordinates": [
     [
      14.503638,
      46.049791
     ],
     [
      14.503688,
      46.049923
     ],
     [
      14.5039,
      46.050464
     ],
     [
      14.503903,
      46.050508
     ],
     [
      14.503885,
      46.050538
     ],
     [
      14.503849,
      46.050559
     ],
     [
      14.503696,
      46.050588
     ],
     [
      14.503081,
      46.050704
     ],
     [
      14.503005,
      46.050725
     ],
     [
      14.502863,
      46.050786
     ],
     [
      14.502712,
      46.05082
     ],
     [
      14.502598,
      46.050847
     ],
     [
      14.502137,
      46.050958
     ],
     [
      14.50191,
      46.051014
     ],
     [
      14.501878,
      46.051022
     ],
     [
      14.501814,
      46.051036
     ],
     [
      14.501586,
      46.051092
     ],
     [
      14.501622,
      46.051174
     ],
     [
      14.501808,
      46.051597
     ],
     [
      14.501972,
      46.051971
     ],
     [
      14.501991,
      46.052012
     ],
     [
      14.50201,
      46.052057
     ],
     [
      14.502079,
      46.052211
     ],
     [
      14.50211,
      46.052281
     ],
     [
      14.502173,
      46.052423
     ],
     [
      14.502262,
      46.052625
     ],
     [
      14.502287,
      46.052683
     ],
     [
      14.502243,
      46.052692
     ],
     [
      14.502213,
      46.052699
     ],
     [
      14.501782,
      46.05279
     ],
     [
      14.501768,
      46.052793
     ],
     [
      14.501369,
      46.052878
     ],
     [
      14.501258,
      46.052902
     ],
     [
      14.50128,
      46.052954
     ],
     [
      14.501291,
      46.052977
     ],
     [
      14.501604,
      46.053707
     ],
     [
      14.501633,
      46.053773
     ],
     [
      14.50167,
      46.05386
     ],
     [
      14.501833,
      46.054239
     ],
     [
      14.501845,
      46.054266
     ],
     [
      14.501858,
      46.054298
     ],
     [
      14.502177,
      46.054862
     ],
     [
      14.502228,
      46.054952
     ],
     [
      14.502323,
      46.05512
     ],
     [
      14.502363,
      46.055197
     ],
     [
      14.5025,
      46.055456
     ],
     [
      14.502525,
      46.055512
     ],
     [
      14.50254,
      46.055564
     ],
     [
      14.502579,
      46.055542
     ],
     [
      14.502586,
      46.055538
     ],
     [
      14.502618,
      46.05552
     ],
     [
      14.502659,
      46.055497
     ],
     [
      14.502965,
      46.055322
     ],
     [
      14.50316,
      46.055226
     ],
     [
      14.503319,
      46.055137
     ],
     [
      14.503437,
      46.055063
     ],
     [
      14.503652,
      46.05493
     ],
     [
      14.503859,
      46.054803
     ],
     [
      14.504197,
      46.054555
     ],
     [
      14.504288,
      46.05448
     ],
     [
      14.504324,
      46.054438
     ],
     [
      14.504346,
      46.054403
     ],
     [
      14.504326,
      46.054351
     ],
     [
      14.504314,
      46.054318
     ],
     [
      14.504357,
      46.05431
     ],
     [
      14.504407,
      46.054298
     ],
     [
      14.504456,
      46.054287
     ],
     [
      14.504515,
      46.054269
     ],
     [
      14.504646,
      46.054222
     ],
     [
      14.504807,
      46.054194
     ],
     [
      14.504856,
      46.054182
     ],
     [
      14.504983,
      46.054143
     ],
     [
      14.505064,
      46.054126
     ],
     [
      14.505645,
      46.054014
     ],
     [
      14.505718,
      46.054017
     ],
     [
      14.505803,
      46.054002
     ],
     [
      14.505869,
      46.053991
     ],
     [
      14.506606,
      46.053852
     ],
     [
      14.506895,
      46.0538
     ],
     [
      14.506936,
      46.053792
     ],
     [
      14.506991,
      46.053781
     ],
     [
      14.507041,
      46.053772
     ],
     [
      14.50706,
      46.053768
     ],
     [
      14.508115,
      46.053565
     ],
     [
      14.508171,
      46.053554
     ],
     [
      14.50819,
      46.053552
     ],
     [
      14.508207,
      46.053552
     ],
     [
      14.508225,
      46.053555
     ],
     [
      14.50819,
      46.053503
     ],
     [
      14.508137,
      46.053444
     ],
     [
      14.508017,
      46.053189
     ],
     [
      14.508003,
      46.053149
     ],
     [
      14.507996,
      46.053104
     ],
     [
      14.508003,
      46.053064
     ],
     [
      14.508021,
      46.053024
     ],
     [
      14.508066,
      46.052948
     ],
     [
      14.508074,
      46.05292
     ],
     [
      14.508076,
      46.052887
     ],
     [
      14.50807,
      46.05285
     ],
     [
      14.508045,
      46.052719
     ],
     [
      14.508019,
      46.052569
     ],
     [
      14.508006,
      46.052495
     ],
     [
      14.507984,
      46.052368
     ],
     [
      14.507964,
      46.052243
     ],
     [
      14.507964,
      46.052218
     ],
     [
      14.507971,
      46.052197
     ],
     [
      14.507986,
      46.052162
     ],
     [
      14.507788,
      46.052106
     ],
     [
      14.507544,
      46.052029
     ],
     [
      14.50744,
      46.05198
     ],
     [
      14.50732,
      46.051908
     ],
     [
      14.507245,
      46.05187
     ],
     [
      14.507164,
      46.051838
     ],
     [
      14.507088,
      46.051808
     ],
     [
      14.506792,
      46.051717
     ],
     [
      14.506531,
      46.051642
     ],
     [
      14.506338,
      46.051584
     ],
     [
      14.506338,
      46.051584
     ],
     [
      14.506531,
      46.051642
     ],
     [
      14.506792,
      46.051717
     ],
     [
      14.507088,
      46.051808
     ],
     [
      14.507164,
      46.051838
     ],
     [
      14.507245,
      46.05187
     ],
     [
      14.50732,
      46.051908
     ],
     [
      14.50744,
      46.05198
     ],
     [
      14.507544,
      46.052029
     ],
     [
      14.507788,
      46.052106
     ],
     [
      14.507986,
      46.052162
     ],
     [
      14.507971,
      46.052197
     ],
     [
      14.507964,
      46.052218
     ],
     [
      14.507964,
      46.052243
     ],
     [
      14.507984,
      46.052368
     ],
     [
      14.508006,
      46.052495
     ],
     [
      14.508019,
      46.052569
     ],
     [
      14.508045,
      46.052719
     ],
     [
      14.50807,
      46.05285
     ],
     [
      14.508076,
      46.052887
     ],
     [
      14.508074,
      46.05292
     ],
     [
      14.508066,
      46.052948
     ],
     [
      14.508021,
      46.053024
     ],
     [
      14.508003,
      46.053064
     ],
     [
      14.507996,
      46.053104
     ],
     [
      14.508003,
      46.053149
     ],
     [
      14.508017,
      46.053189
     ],
     [
      14.508137,
      46.053444
     ],
     [
      14.50819,
      46.053503
     ],
     [
      14.508225,
      46.053555
     ],
     [
      14.508243,
      46.053559
     ],
     [
      14.508266,
      46.053568
     ],
     [
      14.508281,
      46.053577
     ],
     [
      14.508299,
      46.053588
     ],
     [
      14.508332,
      46.053631
     ],
     [
      14.508455,
      46.053783
     ],
     [
      14.508471,
      46.053796
     ],
     [
      14.508509,
      46.053813
     ],
     [
      14.508534,
      46.05382
     ],
     [
      14.508568,
      46.053824
     ],
     [
      14.508616,
      46.053827
     ],
     [
      14.508644,
      46.053833
     ],
     [
      14.508663,
      46.053842
     ],
     [
      14.50868,
      46.053853
     ],
     [
      14.508696,
      46.053865
     ],
     [
      14.508709,
      46.053878
     ],
     [
      14.50872,
      46.053893
     ],
     [
      14.508728,
      46.053908
     ],
     [
      14.508783,
      46.053898
     ],
     [
      14.508823,
      46.053891
     ],
     [
      14.50887,
      46.053881
     ],
     [
      14.509268,
      46.053801
     ],
     [
      14.509298,
      46.053795
     ],
     [
      14.509409,
      46.053772
     ],
     [
      14.509685,
      46.053719
     ],
     [
      14.509844,
      46.053689
     ],
     [
      14.51016,
      46.053627
     ],
     [
      14.510264,
      46.053606
     ],
     [
      14.510428,
      46.053574
     ],
     [
      14.510536,
      46.053555
     ],
     [
      14.510536,
      46.053555
     ],
     [
      14.510428,
      46.053574
     ],
     [
      14.510264,
      46.053606
     ],
     [
      14.51016,
      46.053627
     ],
     [
      14.509844,
      46.053689
     ],
     [
      14.509685,
      46.053719
     ],
     [
      14.509409,
      46.053772
     ],
     [
      14.509298,
      46.053795
     ],
     [
      14.509268,
      46.053801
     ],
     [
      14.50887,
      46.053881
     ],
     [
      14.508823,
      46.053891
     ],
     [
      14.508783,
      46.053898
     ],
     [
      14.508728,
      46.053908
     ],
     [
      14.508661,
      46.053921
     ],
     [
      14.508666,
      46.053941
     ],
     [
      14.508661,
      46.05396
     ],
     [
      14.508648,
      46.053977
     ],
     [
      14.508638,
      46.053985
     ],
     [
      14.508625,
      46.053991
     ],
     [
      14.508612,
      46.053996
     ],
     [
      14.508597,
      46.054049
     ],
     [
      14.508567,
      46.054139
     ],
     [
      14.508513,
      46.054179
     ],
     [
      14.508461,
      46.054207
     ],
     [
      14.508407,
      46.054223
     ],
     [
      14.508342,
      46.054238
     ],
     [
      14.508294,
      46.054247
     ],
     [
      14.508129,
      46.05428
     ],
     [
      14.507932,
      46.054319
     ],
     [
      14.507932,
      46.054319
     ],
     [
      14.507412,
      46.054422
     ],
     [
      14.507344,
      46.054435
     ],
     [
      14.507264,
      46.054452
     ],
     [
      14.507169,
      46.054471
     ],
     [
      14.506658,
      46.054571
     ],
     [
      14.506183,
      46.054665
     ],
     [
      14.506084,
      46.054684
     ],
     [
      14.506018,
      46.054697
     ],
     [
      14.505887,
      46.054724
     ],
     [
      14.505482,
      46.054806
     ],
     [
      14.504991,
      46.054906
     ],
     [
      14.504886,
      46.054927
     ],
     [
      14.504783,
      46.054947
     ],
     [
      14.504742,
      46.054867
     ],
     [
      14.504718,
      46.05482
     ],
     [
      14.504672,
      46.054733
     ],
     [
      14.504625,
      46.054655
     ],
     [
      14.504475,
      46.054425
     ],
     [
      14.504413,
      46.054542
     ],
     [
      14.504378,
      46.054569
     ],
     [
      14.504206,
      46.054672
     ],
     [
      14.504095,
      46.054753
     ],
     [
      14.503946,
      46.05486
     ],
     [
      14.503772,
      46.054971
     ],
     [
      14.503738,
      46.054991
     ],
     [
      14.503534,
      46.055117
     ],
     [
      14.503393,
      46.055198
     ],
     [
      14.503303,
      46.05525
     ],
     [
      14.503068,
      46.055377
     ],
     [
      14.502815,
      46.055526
     ],
     [
      14.502815,
      46.055526
     ],
     [
      14.502893,
      46.055592
     ],
     [
      14.502823,
      46.055634
     ],
     [
      14.502691,
      46.055713
     ],
     [
      14.502649,
      46.055746
     ],
     [
      14.502632,
      46.055759
     ],
     [
      14.502603,
      46.055782
     ],
     [
      14.502548,
      46.055824
     ],
     [
      14.502462,
      46.055884
     ],
     [
      14.502281,
      46.056019
     ],
     [
      14.502054,
      46.056206
     ],
     [
      14.501944,
      46.056309
     ],
     [
      14.501859,
      46.056396
     ],
     [
      14.501829,
      46.056433
     ],
     [
      14.501796,
      46.056497
     ],
     [
      14.501782,
      46.056546
     ],
     [
      14.501781,
      46.056579
     ],
     [
      14.501783,
      46.0566
     ],
     [
      14.501786,
      46.056624
     ],
     [
      14.501733,
      46.056671
     ],
     [
      14.5017,
      46.056701
     ],
     [
      14.501583,
      46.056804
     ],
     [
      14.501556,
      46.056828
     ],
     [
      14.501527,
      46.056853
     ],
     [
      14.501481,
      46.056897
     ],
     [
      14.501458,
      46.056918
     ],
     [
      14.501457,
      46.056927
     ],
     [
      14.501456,
      46.056949
     ],
     [
      14.501421,
      46.056949
     ],
     [
      14.501388,
      46.056953
     ],
     [
      14.501365,
      46.056959
     ],
     [
      14.501342,
      46.056965
     ],
     [
      14.501321,
      46.056972
     ],
     [
      14.5013,
      46.056984
     ],
     [
      14.501275,
      46.057002
     ],
     [
      14.501205,
      46.057066
     ],
     [
      14.500779,
      46.057478
     ],
     [
      14.500377,
      46.057864
     ],
     [
      14.500202,
      46.058027
     ],
     [
      14.499204,
      46.058929
     ],
     [
      14.4986,
      46.059498
     ],
     [
      14.498439,
      46.059673
     ],
     [
      14.498347,
      46.059759
     ],
     [
      14.498338,
      46.059767
     ],
     [
      14.498295,
      46.059811
     ],
     [
      14.498268,
      46.059845
     ],
     [
      14.498241,
      46.059875
     ],
     [
      14.498214,
      46.059901
     ],
     [
      14.498163,
      46.059876
     ],
     [
      14.498064,
      46.059831
     ],
     [
      14.497915,
      46.059758
     ],
     [
      14.497884,
      46.059741
     ],
     [
      14.49781,
      46.059729
     ],
     [
      14.497725,
      46.059683
     ],
     [
      14.497681,
      46.05966
     ],
     [
      14.497778,
      46.059575
     ],
     [
      14.497946,
      46.059412
     ],
     [
      14.498397,
      46.058994
     ],
     [
      14.498495,
      46.058831
     ],
     [
      14.498572,
      46.05871
     ],
     [
      14.498585,
      46.058672
     ],
     [
      14.498593,
      46.058635
     ],
     [
      14.498597,
      46.058572
     ],
     [
      14.498595,
      46.058465
     ],
     [
      14.498591,
      46.058339
     ],
     [
      14.498585,
      46.058137
     ],
     [
      14.498582,
      46.058034
     ],
     [
      14.498581,
      46.058001
     ],
     [
      14.498215,
      46.057973
     ],
     [
      14.498085,
      46.057963
     ],
     [
      14.497493,
      46.05792
     ],
     [
      14.497352,
      46.057909
     ],
     [
      14.497284,
      46.057904
     ],
     [
      14.497284,
      46.057904
     ],
     [
      14.497352,
      46.057909
     ],
     [
      14.497493,
      46.05792
     ],
     [
      14.498085,
      46.057963
     ],
     [
      14.498215,
      46.057973
     ],
     [
      14.498581,
      46.058001
     ],
     [
      14.498582,
      46.058034
     ],
     [
      14.498585,
      46.058137
     ],
     [
      14.498591,
      46.058339
     ],
     [
      14.498595,
      46.058465
     ],
     [
      14.498597,
      46.058572
     ],
     [
      14.498593,
      46.058635
     ],
     [
      14.498585,
      46.058672
     ],
     [
      14.498572,
      46.05871
     ],
     [
      14.498495,
      46.058831
     ],
     [
      14.498397,
      46.058994
     ],
     [
      14.497946,
      46.059412
     ],
     [
      14.497778,
      46.059575
     ],
     [
      14.49792,
      46.05963
     ],
     [
      14.497979,
      46.059658
     ],
     [
      14.498049,
      46.059599
     ],
     [
      14.498064,
      46.059586
     ],
     [
      14.498122,
      46.059592
     ],
     [
      14.49815,
      46.059586
     ],
     [
      14.498169,
      46.059577
     ],
     [
      14.498211,
      46.059531
     ],
     [
      14.498246,
      46.059553
     ],
     [
      14.498327,
      46.0596
     ],
     [
      14.498389,
      46.059638
     ],
     [
      14.498439,
      46.059673
     ],
     [
      14.498347,
      46.059759
     ],
     [
      14.498338,
      46.059767
     ],
     [
      14.498295,
      46.059811
     ],
     [
      14.498268,
      46.059845
     ],
     [
      14.498241,
      46.059875
     ],
     [
      14.498214,
      46.059901
     ],
     [
      14.497993,
      46.060076
     ],
     [
      14.497903,
      46.060151
     ],
     [
      14.497753,
      46.060266
     ],
     [
      14.497705,
      46.060303
     ],
     [
      14.497602,
      46.060368
     ],
     [
      14.497494,
      46.060423
     ],
     [
      14.497374,
      46.060521
     ],
     [
      14.496991,
      46.060837
     ],
     [
      14.496744,
      46.061044
     ],
     [
      14.496704,
      46.06108
     ],
     [
      14.496661,
      46.061121
     ],
     [
      14.496651,
      46.061135
     ],
     [
      14.496632,
      46.061151
     ],
     [
      14.496621,
      46.061166
     ],
     [
      14.496566,
      46.061223
     ],
     [
      14.496427,
      46.061371
     ],
     [
      14.496246,
      46.061575
     ],
     [
      14.496183,
      46.061655
     ],
     [
      14.496167,
      46.061677
     ],
     [
      14.496113,
      46.061727
     ],
     [
      14.49608,
      46.061747
     ],
     [
      14.495499,
      46.062553
     ],
     [
      14.495492,
      46.062582
     ],
     [
      14.495384,
      46.062731
     ],
     [
      14.495308,
      46.062826
     ],
     [
      14.495265,
      46.062881
     ],
     [
      14.495064,
      46.063168
     ],
     [
      14.495023,
      46.063228
     ],
     [
      14.49498,
      46.06331
     ],
     [
      14.494909,
      46.063422
     ],
     [
      14.494852,
      46.063521
     ],
     [
      14.494782,
      46.063652
     ],
     [
      14.494737,
      46.06375
     ],
     [
      14.494645,
      46.063969
     ],
     [
      14.494546,
      46.064254
     ],
     [
      14.494545,
      46.06438
     ],
     [
      14.494543,
      46.064469
     ],
     [
      14.494543,
      46.064481
     ],
     [
      14.494536,
      46.064526
     ],
     [
      14.494529,
      46.06457
     ],
     [
      14.494521,
      46.064581
     ],
     [
      14.494508,
      46.064597
     ],
     [
      14.494486,
      46.064615
     ],
     [
      14.494457,
      46.064631
     ],
     [
      14.494443,
      46.06464
     ],
     [
      14.494431,
      46.064651
     ],
     [
      14.494372,
      46.064749
     ],
     [
      14.494305,
      46.064859
     ],
     [
      14.494291,
      46.064883
     ],
     [
      14.494182,
      46.065029
     ],
     [
      14.494101,
      46.06515
     ],
     [
      14.494095,
      46.065158
     ],
     [
      14.494067,
      46.0652
     ],
     [
      14.494039,
      46.065242
     ],
     [
      14.494017,
      46.06527
     ],
     [
      14.493989,
      46.065306
     ],
     [
      14.493811,
      46.065479
     ],
     [
      14.493692,
      46.065615
     ],
     [
      14.493562,
      46.065752
     ],
     [
      14.493256,
      46.06607
     ],
     [
      14.4931,
      46.06623
     ],
     [
      14.493056,
      46.066262
     ],
     [
      14.492835,
      46.066488
     ],
     [
      14.492667,
      46.066663
     ],
     [
      14.492513,
      46.066828
     ],
     [
      14.492505,
      46.066853
     ],
     [
      14.492266,
      46.06713
     ],
     [
      14.492247,
      46.067159
     ],
     [
      14.492234,
      46.067185
     ],
     [
      14.492231,
      46.067193
     ],
     [
      14.492225,
      46.067212
     ],
     [
      14.492221,
      46.067231
     ],
     [
      14.49222,
      46.067251
     ],
     [
      14.492222,
      46.067277
     ],
     [
      14.492228,
      46.067296
     ],
     [
      14.492236,
      46.067311
     ],
     [
      14.49225,
      46.067331
     ],
     [
      14.492201,
      46.067348
     ],
     [
      14.49217,
      46.067361
     ],
     [
      14.49214,
      46.067374
     ],
     [
      14.492098,
      46.067413
     ],
     [
      14.492067,
      46.067445
     ],
     [
      14.49199,
      46.067517
     ],
     [
      14.491895,
      46.06762
     ],
     [
      14.491881,
      46.067657
     ],
     [
      14.491855,
      46.067668
     ],
     [
      14.491822,
      46.067688
     ],
     [
      14.491791,
      46.067709
     ],
     [
      14.491679,
      46.067794
     ],
     [
      14.491637,
      46.067832
     ],
     [
      14.491551,
      46.067915
     ],
     [
      14.491355,
      46.068117
     ],
     [
      14.491305,
      46.068163
     ],
     [
      14.491263,
      46.068205
     ],
     [
      14.4912,
      46.068265
     ],
     [
      14.49105,
      46.068416
     ],
     [
      14.491009,
      46.068443
     ],
     [
      14.490818,
      46.068636
     ],
     [
      14.490774,
      46.068725
     ],
     [
      14.490715,
      46.068827
     ],
     [
      14.490685,
      46.068865
     ],
     [
      14.490497,
      46.069063
     ],
     [
      14.490324,
      46.069243
     ],
     [
      14.490286,
      46.069281
     ],
     [
      14.490255,
      46.069305
     ],
     [
      14.490214,
      46.069332
     ],
     [
      14.4901,
      46.069399
     ],
     [
      14.489834,
      46.069672
     ],
     [
      14.48982,
      46.069702
     ],
     [
      14.489762,
      46.069764
     ],
     [
      14.489449,
      46.070092
     ],
     [
      14.488914,
      46.07066
     ],
     [
      14.488831,
      46.070752
     ],
     [
      14.488791,
      46.070794
     ],
     [
      14.488751,
      46.070836
     ],
     [
      14.488457,
      46.071141
     ],
     [
      14.488109,
      46.071528
     ],
     [
      14.488104,
      46.071536
     ],
     [
      14.487734,
      46.071935
     ],
     [
      14.487579,
      46.072103
     ],
     [
      14.487442,
      46.072123
     ],
     [
      14.487223,
      46.072361
     ],
     [
      14.487081,
      46.072514
     ],
     [
      14.486921,
      46.072687
     ],
     [
      14.486542,
      46.0731
     ],
     [
      14.486167,
      46.073503
     ],
     [
      14.486117,
      46.073557
     ],
     [
      14.486126,
      46.073612
     ],
     [
      14.486151,
      46.073687
     ],
     [
      14.486113,
      46.073724
     ],
     [
      14.486087,
      46.07375
     ],
     [
      14.486017,
      46.073819
     ],
     [
      14.485961,
      46.073877
     ],
     [
      14.485944,
      46.073895
     ],
     [
      14.485925,
      46.073914
     ],
     [
      14.485688,
      46.074139
     ],
     [
      14.485616,
      46.074203
     ],
     [
      14.485459,
      46.074341
     ],
     [
      14.485412,
      46.074393
     ],
     [
      14.48537,
      46.074433
     ],
     [
      14.485343,
      46.074454
     ],
     [
      14.485291,
      46.074495
     ],
     [
      14.485241,
      46.07453
     ],
     [
      14.485192,
      46.074571
     ],
     [
      14.484984,
      46.074744
     ],
     [
      14.484908,
      46.074809
     ],
     [
      14.484831,
      46.074875
     ],
     [
      14.484743,
      46.074949
     ],
     [
      14.484709,
      46.074972
     ],
     [
      14.484676,
      46.074996
     ],
     [
      14.484644,
      46.075017
     ],
     [
      14.484607,
      46.07504
     ],
     [
      14.484586,
      46.075054
     ],
     [
      14.484548,
      46.075084
     ],
     [
      14.484203,
      46.075372
     ],
     [
      14.484154,
      46.075412
     ],
     [
      14.4841,
      46.075459
     ],
     [
      14.483875,
      46.075655
     ],
     [
      14.48379,
      46.075729
     ],
     [
      14.483756,
      46.075761
     ],
     [
      14.483646,
      46.075863
     ],
     [
      14.483603,
      46.075904
     ],
     [
      14.48341,
      46.076092
     ],
     [
      14.483251,
      46.076258
     ],
     [
      14.483188,
      46.076334
     ],
     [
      14.483172,
      46.076357
     ],
     [
      14.483155,
      46.076391
     ],
     [
      14.483148,
      46.076414
     ],
     [
      14.483138,
      46.076443
     ],
     [
      14.483136,
      46.076481
     ],
     [
      14.483112,
      46.076498
     ],
     [
      14.483079,
      46.07652
     ],
     [
      14.48305,
      46.076539
     ],
     [
      14.48304,
      46.076546
     ],
     [
      14.483007,
      46.076593
     ],
     [
      14.482977,
      46.076631
     ],
     [
      14.482961,
      46.07665
     ],
     [
      14.482923,
      46.076696
     ],
     [
      14.4829,
      46.076723
     ],
     [
      14.482889,
      46.076735
     ],
     [
      14.482867,
      46.076759
     ],
     [
      14.482846,
      46.07678
     ],
     [
      14.482823,
      46.076803
     ],
     [
      14.482813,
      46.076814
     ],
     [
      14.482724,
      46.076926
     ],
     [
      14.482543,
      46.077169
     ],
     [
      14.482427,
      46.077333
     ],
     [
      14.482233,
      46.077618
     ],
     [
      14.482072,
      46.077887
     ],
     [
      14.481996,
      46.078013
     ],
     [
      14.481788,
      46.078363
     ],
     [
      14.48177,
      46.078397
     ],
     [
      14.481763,
      46.078421
     ],
     [
      14.48176,
      46.07844
     ],
     [
      14.481759,
      46.078467
     ],
     [
      14.481764,
      46.078504
     ],
     [
      14.481774,
      46.078538
     ],
     [
      14.48179,
      46.078582
     ],
     [
      14.481698,
      46.078601
     ],
     [
      14.481667,
      46.078608
     ],
     [
      14.481629,
      46.078616
     ],
     [
      14.481602,
      46.078621
     ],
     [
      14.481585,
      46.078626
     ],
     [
      14.481577,
      46.078629
     ],
     [
      14.481557,
      46.078641
     ],
     [
      14.481547,
      46.078648
     ],
     [
      14.481541,
      46.078654
     ],
     [
      14.481515,
      46.078686
     ],
     [
      14.481467,
      46.078734
     ],
     [
      14.481447,
      46.078756
     ],
     [
      14.481147,
      46.079191
     ],
     [
      14.481137,
      46.079214
     ],
     [
      14.481123,
      46.079259
     ],
     [
      14.48111,
      46.079299
     ],
     [
      14.481105,
      46.079324
     ],
     [
      14.481106,
      46.079341
     ],
     [
      14.48111,
      46.079356
     ],
     [
      14.481115,
      46.07937
     ],
     [
      14.481124,
      46.079387
     ],
     [
      14.481141,
      46.079411
     ],
     [
      14.481158,
      46.079433
     ],
     [
      14.481192,
      46.07948
     ],
     [
      14.481135,
      46.079498
     ],
     [
      14.481096,
      46.079513
     ],
     [
      14.481059,
      46.07953
     ],
     [
      14.481018,
      46.079556
     ],
     [
      14.48098,
      46.079586
     ],
     [
      14.480948,
      46.079617
     ],
     [
      14.480878,
      46.079706
     ],
     [
      14.480851,
      46.07974
     ],
     [
      14.480777,
      46.079828
     ],
     [
      14.480444,
      46.080245
     ],
     [
      14.480184,
      46.080571
     ],
     [
      14.480142,
      46.080624
     ],
     [
      14.47981,
      46.081087
     ],
     [
      14.479765,
      46.081153
     ],
     [
      14.479723,
      46.081213
     ],
     [
      14.479059,
      46.082173
     ],
     [
      14.479019,
      46.082232
     ],
     [
      14.478976,
      46.082297
     ],
     [
      14.478782,
      46.082574
     ],
     [
      14.47876,
      46.082603
     ],
     [
      14.478747,
      46.082617
     ],
     [
      14.478729,
      46.082632
     ],
     [
      14.478708,
      46.082646
     ],
     [
      14.478679,
      46.082662
     ],
     [
      14.47866,
      46.082677
     ],
     [
      14.478644,
      46.082695
     ],
     [
      14.478615,
      46.082735
     ],
     [
      14.478571,
      46.0828
     ],
     [
      14.478553,
      46.08283
     ],
     [
      14.478543,
      46.082858
     ],
     [
      14.478514,
      46.082973
     ],
     [
      14.47848,
      46.083102
     ],
     [
      14.478441,
      46.083157
     ],
     [
      14.478402,
      46.083213
     ],
     [
      14.478367,
      46.083238
     ],
     [
      14.478307,
      46.083297
     ],
     [
      14.478246,
      46.08336
     ],
     [
      14.478131,
      46.083509
     ],
     [
      14.478008,
      46.083665
     ],
     [
      14.477973,
      46.083703
     ],
     [
      14.477892,
      46.083788
     ],
     [
      14.477814,
      46.083879
     ],
     [
      14.4777,
      46.08401
     ],
     [
      14.477674,
      46.084033
     ],
     [
      14.477649,
      46.084055
     ],
     [
      14.477625,
      46.084073
     ],
     [
      14.477475,
      46.084235
     ],
     [
      14.477345,
      46.084367
     ],
     [
      14.477244,
      46.084466
     ],
     [
      14.477189,
      46.084538
     ],
     [
      14.477091,
      46.084632
     ],
     [
      14.476966,
      46.084754
     ],
     [
      14.476914,
      46.084804
     ],
     [
      14.476879,
      46.084837
     ],
     [
      14.476451,
      46.085248
     ],
     [
      14.476145,
      46.085542
     ],
     [
      14.47609,
      46.085576
     ],
     [
      14.476009,
      46.085624
     ],
     [
      14.475978,
      46.08565
     ],
     [
      14.475952,
      46.085677
     ],
     [
      14.475913,
      46.085732
     ],
     [
      14.475867,
      46.085807
     ],
     [
      14.475464,
      46.086196
     ],
     [
      14.475382,
      46.086287
     ],
     [
      14.475343,
      46.086332
     ],
     [
      14.47478,
      46.08691
     ],
     [
      14.47476,
      46.086931
     ],
     [
      14.474717,
      46.086968
     ],
     [
      14.474667,
      46.087012
     ],
     [
      14.474454,
      46.087247
     ],
     [
      14.474182,
      46.087548
     ],
     [
      14.474103,
      46.087635
     ],
     [
      14.474067,
      46.087679
     ],
     [
      14.474052,
      46.087705
     ],
     [
      14.474041,
      46.08773
     ],
     [
      14.474032,
      46.087756
     ],
     [
      14.474018,
      46.087795
     ],
     [
      14.474,
      46.087864
     ],
     [
      14.473995,
      46.087881
     ],
     [
      14.473935,
      46.087949
     ],
     [
      14.473903,
      46.087982
     ],
     [
      14.473846,
      46.088034
     ],
     [
      14.473838,
      46.088066
     ],
     [
      14.47383,
      46.088093
     ],
     [
      14.473817,
      46.088109
     ],
     [
      14.473802,
      46.088119
     ],
     [
      14.473771,
      46.088124
     ],
     [
      14.473746,
      46.088131
     ],
     [
      14.473712,
      46.088142
     ],
     [
      14.473674,
      46.088158
     ],
     [
      14.473622,
      46.088195
     ],
     [
      14.473564,
      46.088248
     ],
     [
      14.472317,
      46.089653
     ],
     [
      14.472187,
      46.089799
     ],
     [
      14.471753,
      46.090296
     ],
     [
      14.471701,
      46.090374
     ],
     [
      14.471649,
      46.090449
     ],
     [
      14.471604,
      46.090512
     ],
     [
      14.47159,
      46.090525
     ],
     [
      14.471474,
      46.090627
     ],
     [
      14.471453,
      46.090651
     ],
     [
      14.471108,
      46.091038
     ],
     [
      14.469403,
      46.092956
     ],
     [
      14.469367,
      46.093003
     ],
     [
      14.469342,
      46.093048
     ],
     [
      14.469321,
      46.093094
     ],
     [
      14.469278,
      46.0932
     ],
     [
      14.46924,
      46.093238
     ],
     [
      14.46918,
      46.093298
     ],
     [
      14.469087,
      46.093366
     ],
     [
      14.469046,
      46.093396
     ],
     [
      14.468989,
      46.093444
     ],
     [
      14.468969,
      46.093465
     ],
     [
      14.468758,
      46.093704
     ],
     [
      14.468735,
      46.093731
     ],
     [
      14.468699,
      46.093766
     ],
     [
      14.468637,
      46.093825
     ],
     [
      14.468611,
      46.09385
     ],
     [
      14.46859,
      46.093873
     ],
     [
      14.468328,
      46.094155
     ],
     [
      14.468196,
      46.094291
     ],
     [
      14.468041,
      46.094446
     ],
     [
      14.467603,
      46.09486
     ],
     [
      14.467532,
      46.094925
     ],
     [
      14.467513,
      46.094938
     ],
     [
      14.467492,
      46.094952
     ],
     [
      14.467461,
      46.094967
     ],
     [
      14.467418,
      46.094983
     ],
     [
      14.467385,
      46.095001
     ],
     [
      14.467359,
      46.095021
     ],
     [
      14.467053,
      46.095284
     ],
     [
      14.466758,
      46.095528
     ],
     [
      14.466419,
      46.095788
     ],
     [
      14.46617,
      46.095974
     ],
     [
      14.466056,
      46.096056
     ],
     [
      14.466013,
      46.09609
     ],
     [
      14.465946,
      46.096159
     ],
     [
      14.465884,
      46.096242
     ],
     [
      14.465881,
      46.096261
     ],
     [
      14.465885,
      46.096283
     ],
     [
      14.4659,
      46.096309
     ],
     [
      14.465923,
      46.096337
     ],
     [
      14.465969,
      46.09638
     ],
     [
      14.466228,
      46.096628
     ],
     [
      14.466269,
      46.096664
     ],
     [
      14.466337,
      46.09671
     ],
     [
      14.466324,
      46.096716
     ],
     [
      14.466248,
      46.096748
     ],
     [
      14.466167,
      46.096785
     ],
     [
      14.466139,
      46.096812
     ],
     [
      14.466118,
      46.096842
     ],
     [
      14.46599,
      46.096917
     ],
     [
      14.465569,
      46.097163
     ],
     [
      14.465277,
      46.097332
     ],
     [
      14.465062,
      46.097454
     ],
     [
      14.464671,
      46.09765
     ],
     [
      14.464398,
      46.09779
     ],
     [
      14.46435,
      46.09783
     ],
     [
      14.464294,
      46.09789
     ],
     [
      14.464097,
      46.097987
     ],
     [
      14.463814,
      46.098124
     ],
     [
      14.463628,
      46.098216
     ],
     [
      14.463516,
      46.09827
     ],
     [
      14.463565,
      46.098324
     ],
     [
      14.463636,
      46.098403
     ],
     [
      14.463657,
      46.09843
     ],
     [
      14.463677,
      46.098457
     ],
     [
      14.46369,
      46.098479
     ],
     [
      14.463699,
      46.098501
     ],
     [
      14.463718,
      46.098583
     ],
     [
      14.463714,
      46.098591
     ],
     [
      14.4637,
      46.098733
     ],
     [
      14.463689,
      46.098788
     ],
     [
      14.463681,
      46.098813
     ],
     [
      14.46367,
      46.098849
     ],
     [
      14.463632,
      46.098927
     ],
     [
      14.463327,
      46.099453
     ],
     [
      14.463284,
      46.099541
     ],
     [
      14.462981,
      46.100036
     ],
     [
      14.462932,
      46.100118
     ],
     [
      14.462768,
      46.100392
     ],
     [
      14.462698,
      46.100529
     ],
     [
      14.46266,
      46.100621
     ],
     [
      14.462611,
      46.100791
     ],
     [
      14.462563,
      46.100994
     ],
     [
      14.46246,
      46.101437
     ],
     [
      14.462426,
      46.101502
     ],
     [
      14.462369,
      46.101518
     ],
     [
      14.462319,
      46.101527
     ],
     [
      14.462254,
      46.101534
     ],
     [
      14.462099,
      46.101551
     ],
     [
      14.461978,
      46.101565
     ],
     [
      14.461863,
      46.101581
     ],
     [
      14.461746,
      46.101606
     ],
     [
      14.461649,
      46.101631
     ],
     [
      14.461512,
      46.101679
     ],
     [
      14.461384,
      46.101736
     ],
     [
      14.461042,
      46.101899
     ],
     [
      14.460862,
      46.101981
     ],
     [
      14.460614,
      46.102094
     ],
     [
      14.460182,
      46.102295
     ],
     [
      14.459958,
      46.102077
     ],
     [
      14.459635,
      46.101758
     ],
     [
      14.459625,
      46.101726
     ],
     [
      14.459651,
      46.10167
     ],
     [
      14.458961,
      46.100988
     ],
     [
      14.458924,
      46.100954
     ],
     [
      14.458993,
      46.100919
     ],
     [
      14.459137,
      46.100837
     ],
     [
      14.459152,
      46.100753
     ],
     [
      14.459306,
      46.100666
     ]
    ]
   }
  },
  {
   "type": "Feature",
   "properties": {
    "kind": "closure",
    "name": "Startni prostor Ljubljana (Slovenska/Igriška/Erjavčeva)",
    "note": "Popolna zapora ob startu dirk.",
    "start": "2026-10-02T09:30",
    "end": "2026-10-02T14:30",
    "length_m": 132
   },
   "geometry": {
    "type": "LineString",
    "coordinates": [
     [
      14.499899,
      46.048491
     ],
     [
      14.500028,
      46.04856
     ],
     [
      14.500501,
      46.048814
     ],
     [
      14.501111,
      46.049139
     ],
     [
      14.501251,
      46.049215
     ]
    ]
   }
  },
  {
   "type": "Feature",
   "properties": {
    "kind": "closure",
    "name": "Startni prostor Ljubljana (Slovenska/Igriška/Erjavčeva)",
    "note": "Popolna zapora ob startu dirk.",
    "start": "2026-10-02T09:30",
    "end": "2026-10-02T14:30",
    "length_m": 75
   },
   "geometry": {
    "type": "LineString",
    "coordinates": [
     [
      14.499141,
      46.048075
     ],
     [
      14.499747,
      46.048403
     ],
     [
      14.499899,
      46.048491
     ]
    ]
   }
  },
  {
   "type": "Feature",
   "properties": {
    "kind": "closure",
    "name": "Startni prostor Ljubljana (Slovenska/Igriška/Erjavčeva)",
    "note": "Popolna zapora ob startu dirk.",
    "start": "2026-10-02T09:30",
    "end": "2026-10-02T14:30",
    "length_m": 62
   },
   "geometry": {
    "type": "LineString",
    "coordinates": [
     [
      14.495418,
      46.050525
     ],
     [
      14.494923,
      46.050715
     ],
     [
      14.49472,
      46.050797
     ]
    ]
   }
  },
  {
   "type": "Feature",
   "properties": {
    "kind": "closure",
    "name": "Startni prostor Ljubljana (Slovenska/Igriška/Erjavčeva)",
    "note": "Popolna zapora ob startu dirk.",
    "start": "2026-10-02T09:30",
    "end": "2026-10-02T14:30",
    "length_m": 145
   },
   "geometry": {
    "type": "LineString",
    "coordinates": [
     [
      14.49712,
      46.04998
     ],
     [
      14.496768,
      46.050081
     ],
     [
      14.496714,
      46.050097
     ],
     [
      14.496654,
      46.050114
     ],
     [
      14.496189,
      46.050257
     ],
     [
      14.495816,
      46.050381
     ],
     [
      14.495418,
      46.050525
     ]
    ]
   }
  },
  {
   "type": "Feature",
   "properties": {
    "kind": "closure",
    "name": "Startni prostor Ljubljana (Slovenska/Igriška/Erjavčeva)",
    "note": "Popolna zapora ob startu dirk.",
    "start": "2026-10-02T09:30",
    "end": "2026-10-02T14:30",
    "length_m": 62
   },
   "geometry": {
    "type": "LineString",
    "coordinates": [
     [
      14.501251,
      46.049215
     ],
     [
      14.50126,
      46.049217
     ],
     [
      14.501269,
      46.049218
     ],
     [
      14.50128,
      46.049218
     ],
     [
      14.50129,
      46.049216
     ],
     [
      14.501829,
      46.049083
     ],
     [
      14.501935,
      46.049058
     ],
     [
      14.502013,
      46.049035
     ]
    ]
   }
  },
  {
   "type": "Feature",
   "properties": {
    "kind": "closure",
    "name": "Startni prostor Ljubljana (Slovenska/Igriška/Erjavčeva)",
    "note": "Popolna zapora ob startu dirk.",
    "start": "2026-10-02T09:30",
    "end": "2026-10-02T14:30",
    "length_m": 200
   },
   "geometry": {
    "type": "LineString",
    "coordinates": [
     [
      14.498461,
      46.049685
     ],
     [
      14.498836,
      46.04963
     ],
     [
      14.499179,
      46.04958
     ],
     [
      14.499413,
      46.049546
     ],
     [
      14.499896,
      46.049475
     ],
     [
      14.50022,
      46.049427
     ],
     [
      14.500484,
      46.049389
     ],
     [
      14.500577,
      46.049375
     ],
     [
      14.50099,
      46.049315
     ]
    ]
   }
  },
  {
   "type": "Feature",
   "properties": {
    "kind": "closure",
    "name": "Startni prostor Ljubljana (Slovenska/Igriška/Erjavčeva)",
    "note": "Popolna zapora ob startu dirk.",
    "start": "2026-10-02T09:30",
    "end": "2026-10-02T14:30",
    "length_m": 12
   },
   "geometry": {
    "type": "LineString",
    "coordinates": [
     [
      14.497703,
      46.04982
     ],
     [
      14.497805,
      46.049795
     ],
     [
      14.497827,
      46.04979
     ],
     [
      14.497849,
      46.049785
     ]
    ]
   }
  },
  {
   "type": "Feature",
   "properties": {
    "kind": "closure",
    "name": "Startni prostor Ljubljana (Slovenska/Igriška/Erjavčeva)",
    "note": "Popolna zapora ob startu dirk.",
    "start": "2026-10-02T09:30",
    "end": "2026-10-02T14:30",
    "length_m": 10
   },
   "geometry": {
    "type": "LineString",
    "coordinates": [
     [
      14.497703,
      46.04982
     ],
     [
      14.497608,
      46.049843
     ],
     [
      14.49758,
      46.04985
     ]
    ]
   }
  },
  {
   "type": "Feature",
   "properties": {
    "kind": "closure",
    "name": "Startni prostor Ljubljana (Slovenska/Igriška/Erjavčeva)",
    "note": "Popolna zapora ob startu dirk.",
    "start": "2026-10-02T09:30",
    "end": "2026-10-02T14:30",
    "length_m": 38
   },
   "geometry": {
    "type": "LineString",
    "coordinates": [
     [
      14.49758,
      46.04985
     ],
     [
      14.497532,
      46.049863
     ],
     [
      14.497196,
      46.049959
     ],
     [
      14.49712,
      46.04998
     ]
    ]
   }
  },
  {
   "type": "Feature",
   "properties": {
    "kind": "closure",
    "name": "Startni prostor Ljubljana (Slovenska/Igriška/Erjavčeva)",
    "note": "Popolna zapora ob startu dirk.",
    "start": "2026-10-02T09:30",
    "end": "2026-10-02T14:30",
    "length_m": 49
   },
   "geometry": {
    "type": "LineString",
    "coordinates": [
     [
      14.497849,
      46.049785
     ],
     [
      14.498362,
      46.049701
     ],
     [
      14.498461,
      46.049685
     ]
    ]
   }
  },
  {
   "type": "Feature",
   "properties": {
    "kind": "closure",
    "name": "Startni prostor Ljubljana (Slovenska/Igriška/Erjavčeva)",
    "note": "Popolna zapora ob startu dirk.",
    "start": "2026-10-02T09:30",
    "end": "2026-10-02T14:30",
    "length_m": 8
   },
   "geometry": {
    "type": "LineString",
    "coordinates": [
     [
      14.50099,
      46.049315
     ],
     [
      14.501028,
      46.049309
     ],
     [
      14.501091,
      46.049299
     ]
    ]
   }
  },
  {
   "type": "Feature",
   "properties": {
    "kind": "closure",
    "name": "Startni prostor Ljubljana (Slovenska/Igriška/Erjavčeva)",
    "note": "Popolna zapora ob startu dirk.",
    "start": "2026-10-02T09:30",
    "end": "2026-10-02T14:30",
    "length_m": 63
   },
   "geometry": {
    "type": "LineString",
    "coordinates": [
     [
      14.502013,
      46.049035
     ],
     [
      14.501956,
      46.048947
     ],
     [
      14.501911,
      46.048874
     ],
     [
      14.501794,
      46.048685
     ],
     [
      14.501685,
      46.048509
     ]
    ]
   }
  },
  {
   "type": "Feature",
   "properties": {
    "kind": "closure",
    "name": "Startni prostor Ljubljana (Slovenska/Igriška/Erjavčeva)",
    "note": "Popolna zapora ob startu dirk.",
    "start": "2026-10-02T09:30",
    "end": "2026-10-02T14:30",
    "length_m": 116
   },
   "geometry": {
    "type": "LineString",
    "coordinates": [
     [
      14.501227,
      46.047328
     ],
     [
      14.501216,
      46.047288
     ],
     [
      14.5012,
      46.047225
     ],
     [
      14.501009,
      46.046489
     ],
     [
      14.500991,
      46.04642
     ],
     [
      14.50096,
      46.046294
     ]
    ]
   }
  },
  {
   "type": "Feature",
   "properties": {
    "kind": "closure",
    "name": "Startni prostor Ljubljana (Slovenska/Igriška/Erjavčeva)",
    "note": "Popolna zapora ob startu dirk.",
    "start": "2026-10-02T09:30",
    "end": "2026-10-02T14:30",
    "length_m": 102
   },
   "geometry": {
    "type": "LineString",
    "coordinates": [
     [
      14.501666,
      46.048477
     ],
     [
      14.501473,
      46.048161
     ],
     [
      14.501448,
      46.048119
     ],
     [
      14.501423,
      46.048062
     ],
     [
      14.501377,
      46.047917
     ],
     [
      14.501342,
      46.047767
     ],
     [
      14.501297,
      46.047594
     ]
    ]
   }
  },
  {
   "type": "Feature",
   "properties": {
    "kind": "closure",
    "name": "Startni prostor Ljubljana (Slovenska/Igriška/Erjavčeva)",
    "note": "Popolna zapora ob startu dirk.",
    "start": "2026-10-02T09:30",
    "end": "2026-10-02T14:30",
    "length_m": 30
   },
   "geometry": {
    "type": "LineString",
    "coordinates": [
     [
      14.501297,
      46.047594
     ],
     [
      14.501255,
      46.047437
     ],
     [
      14.501241,
      46.047384
     ],
     [
      14.501227,
      46.047328
     ]
    ]
   }
  },
  {
   "type": "Feature",
   "properties": {
    "kind": "closure",
    "name": "Startni prostor Ljubljana (Slovenska/Igriška/Erjavčeva)",
    "note": "Popolna zapora ob startu dirk.",
    "start": "2026-10-02T09:30",
    "end": "2026-10-02T14:30",
    "length_m": 4
   },
   "geometry": {
    "type": "LineString",
    "coordinates": [
     [
      14.501685,
      46.048509
     ],
     [
      14.501666,
      46.048477
     ]
    ]
   }
  },
  {
   "type": "Feature",
   "properties": {
    "kind": "closure",
    "name": "Startni prostor Ljubljana (Slovenska/Igriška/Erjavčeva)",
    "note": "Popolna zapora ob startu dirk.",
    "start": "2026-10-02T09:30",
    "end": "2026-10-02T14:30",
    "length_m": 66
   },
   "geometry": {
    "type": "LineString",
    "coordinates": [
     [
      14.502349,
      46.049584
     ],
     [
      14.502294,
      46.049494
     ],
     [
      14.502084,
      46.049148
     ],
     [
      14.502044,
      46.049087
     ],
     [
      14.502013,
      46.049035
     ]
    ]
   }
  },
  {
   "type": "Feature",
   "properties": {
    "kind": "closure",
    "name": "Startni prostor Ljubljana (Slovenska/Igriška/Erjavčeva)",
    "note": "Popolna zapora ob startu dirk.",
    "start": "2026-10-02T09:30",
    "end": "2026-10-02T14:30",
    "length_m": 100
   },
   "geometry": {
    "type": "LineString",
    "coordinates": [
     [
      14.502863,
      46.050786
     ],
     [
      14.502869,
      46.050696
     ],
     [
      14.502829,
      46.0506
     ],
     [
      14.502715,
      46.050308
     ],
     [
      14.502627,
      46.050089
     ],
     [
      14.502582,
      46.049996
     ],
     [
      14.502543,
      46.049917
     ]
    ]
   }
  },
  {
   "type": "Feature",
   "properties": {
    "kind": "closure",
    "name": "Startni prostor Ljubljana (Slovenska/Igriška/Erjavčeva)",
    "note": "Popolna zapora ob startu dirk.",
    "start": "2026-10-02T09:30",
    "end": "2026-10-02T14:30",
    "length_m": 40
   },
   "geometry": {
    "type": "LineString",
    "coordinates": [
     [
      14.502543,
      46.049917
     ],
     [
      14.502349,
      46.049584
     ]
    ]
   }
  },
  {
   "type": "Feature",
   "properties": {
    "kind": "closure",
    "name": "Startni prostor Ljubljana (Slovenska/Igriška/Erjavčeva)",
    "note": "Popolna zapora ob startu dirk.",
    "start": "2026-10-03T09:30",
    "end": "2026-10-03T14:30",
    "length_m": 132
   },
   "geometry": {
    "type": "LineString",
    "coordinates": [
     [
      14.499899,
      46.048491
     ],
     [
      14.500028,
      46.04856
     ],
     [
      14.500501,
      46.048814
     ],
     [
      14.501111,
      46.049139
     ],
     [
      14.501251,
      46.049215
     ]
    ]
   }
  },
  {
   "type": "Feature",
   "properties": {
    "kind": "closure",
    "name": "Startni prostor Ljubljana (Slovenska/Igriška/Erjavčeva)",
    "note": "Popolna zapora ob startu dirk.",
    "start": "2026-10-03T09:30",
    "end": "2026-10-03T14:30",
    "length_m": 75
   },
   "geometry": {
    "type": "LineString",
    "coordinates": [
     [
      14.499141,
      46.048075
     ],
     [
      14.499747,
      46.048403
     ],
     [
      14.499899,
      46.048491
     ]
    ]
   }
  },
  {
   "type": "Feature",
   "properties": {
    "kind": "closure",
    "name": "Startni prostor Ljubljana (Slovenska/Igriška/Erjavčeva)",
    "note": "Popolna zapora ob startu dirk.",
    "start": "2026-10-03T09:30",
    "end": "2026-10-03T14:30",
    "length_m": 62
   },
   "geometry": {
    "type": "LineString",
    "coordinates": [
     [
      14.495418,
      46.050525
     ],
     [
      14.494923,
      46.050715
     ],
     [
      14.49472,
      46.050797
     ]
    ]
   }
  },
  {
   "type": "Feature",
   "properties": {
    "kind": "closure",
    "name": "Startni prostor Ljubljana (Slovenska/Igriška/Erjavčeva)",
    "note": "Popolna zapora ob startu dirk.",
    "start": "2026-10-03T09:30",
    "end": "2026-10-03T14:30",
    "length_m": 145
   },
   "geometry": {
    "type": "LineString",
    "coordinates": [
     [
      14.49712,
      46.04998
     ],
     [
      14.496768,
      46.050081
     ],
     [
      14.496714,
      46.050097
     ],
     [
      14.496654,
      46.050114
     ],
     [
      14.496189,
      46.050257
     ],
     [
      14.495816,
      46.050381
     ],
     [
      14.495418,
      46.050525
     ]
    ]
   }
  },
  {
   "type": "Feature",
   "properties": {
    "kind": "closure",
    "name": "Startni prostor Ljubljana (Slovenska/Igriška/Erjavčeva)",
    "note": "Popolna zapora ob startu dirk.",
    "start": "2026-10-03T09:30",
    "end": "2026-10-03T14:30",
    "length_m": 62
   },
   "geometry": {
    "type": "LineString",
    "coordinates": [
     [
      14.501251,
      46.049215
     ],
     [
      14.50126,
      46.049217
     ],
     [
      14.501269,
      46.049218
     ],
     [
      14.50128,
      46.049218
     ],
     [
      14.50129,
      46.049216
     ],
     [
      14.501829,
      46.049083
     ],
     [
      14.501935,
      46.049058
     ],
     [
      14.502013,
      46.049035
     ]
    ]
   }
  },
  {
   "type": "Feature",
   "properties": {
    "kind": "closure",
    "name": "Startni prostor Ljubljana (Slovenska/Igriška/Erjavčeva)",
    "note": "Popolna zapora ob startu dirk.",
    "start": "2026-10-03T09:30",
    "end": "2026-10-03T14:30",
    "length_m": 200
   },
   "geometry": {
    "type": "LineString",
    "coordinates": [
     [
      14.498461,
      46.049685
     ],
     [
      14.498836,
      46.04963
     ],
     [
      14.499179,
      46.04958
     ],
     [
      14.499413,
      46.049546
     ],
     [
      14.499896,
      46.049475
     ],
     [
      14.50022,
      46.049427
     ],
     [
      14.500484,
      46.049389
     ],
     [
      14.500577,
      46.049375
     ],
     [
      14.50099,
      46.049315
     ]
    ]
   }
  },
  {
   "type": "Feature",
   "properties": {
    "kind": "closure",
    "name": "Startni prostor Ljubljana (Slovenska/Igriška/Erjavčeva)",
    "note": "Popolna zapora ob startu dirk.",
    "start": "2026-10-03T09:30",
    "end": "2026-10-03T14:30",
    "length_m": 12
   },
   "geometry": {
    "type": "LineString",
    "coordinates": [
     [
      14.497703,
      46.04982
     ],
     [
      14.497805,
      46.049795
     ],
     [
      14.497827,
      46.04979
     ],
     [
      14.497849,
      46.049785
     ]
    ]
   }
  },
  {
   "type": "Feature",
   "properties": {
    "kind": "closure",
    "name": "Startni prostor Ljubljana (Slovenska/Igriška/Erjavčeva)",
    "note": "Popolna zapora ob startu dirk.",
    "start": "2026-10-03T09:30",
    "end": "2026-10-03T14:30",
    "length_m": 10
   },
   "geometry": {
    "type": "LineString",
    "coordinates": [
     [
      14.497703,
      46.04982
     ],
     [
      14.497608,
      46.049843
     ],
     [
      14.49758,
      46.04985
     ]
    ]
   }
  },
  {
   "type": "Feature",
   "properties": {
    "kind": "closure",
    "name": "Startni prostor Ljubljana (Slovenska/Igriška/Erjavčeva)",
    "note": "Popolna zapora ob startu dirk.",
    "start": "2026-10-03T09:30",
    "end": "2026-10-03T14:30",
    "length_m": 38
   },
   "geometry": {
    "type": "LineString",
    "coordinates": [
     [
      14.49758,
      46.04985
     ],
     [
      14.497532,
      46.049863
     ],
     [
      14.497196,
      46.049959
     ],
     [
      14.49712,
      46.04998
     ]
    ]
   }
  },
  {
   "type": "Feature",
   "properties": {
    "kind": "closure",
    "name": "Startni prostor Ljubljana (Slovenska/Igriška/Erjavčeva)",
    "note": "Popolna zapora ob startu dirk.",
    "start": "2026-10-03T09:30",
    "end": "2026-10-03T14:30",
    "length_m": 49
   },
   "geometry": {
    "type": "LineString",
    "coordinates": [
     [
      14.497849,
      46.049785
     ],
     [
      14.498362,
      46.049701
     ],
     [
      14.498461,
      46.049685
     ]
    ]
   }
  },
  {
   "type": "Feature",
   "properties": {
    "kind": "closure",
    "name": "Startni prostor Ljubljana (Slovenska/Igriška/Erjavčeva)",
    "note": "Popolna zapora ob startu dirk.",
    "start": "2026-10-03T09:30",
    "end": "2026-10-03T14:30",
    "length_m": 8
   },
   "geometry": {
    "type": "LineString",
    "coordinates": [
     [
      14.50099,
      46.049315
     ],
     [
      14.501028,
      46.049309
     ],
     [
      14.501091,
      46.049299
     ]
    ]
   }
  },
  {
   "type": "Feature",
   "properties": {
    "kind": "closure",
    "name": "Startni prostor Ljubljana (Slovenska/Igriška/Erjavčeva)",
    "note": "Popolna zapora ob startu dirk.",
    "start": "2026-10-03T09:30",
    "end": "2026-10-03T14:30",
    "length_m": 63
   },
   "geometry": {
    "type": "LineString",
    "coordinates": [
     [
      14.502013,
      46.049035
     ],
     [
      14.501956,
      46.048947
     ],
     [
      14.501911,
      46.048874
     ],
     [
      14.501794,
      46.048685
     ],
     [
      14.501685,
      46.048509
     ]
    ]
   }
  },
  {
   "type": "Feature",
   "properties": {
    "kind": "closure",
    "name": "Startni prostor Ljubljana (Slovenska/Igriška/Erjavčeva)",
    "note": "Popolna zapora ob startu dirk.",
    "start": "2026-10-03T09:30",
    "end": "2026-10-03T14:30",
    "length_m": 116
   },
   "geometry": {
    "type": "LineString",
    "coordinates": [
     [
      14.501227,
      46.047328
     ],
     [
      14.501216,
      46.047288
     ],
     [
      14.5012,
      46.047225
     ],
     [
      14.501009,
      46.046489
     ],
     [
      14.500991,
      46.04642
     ],
     [
      14.50096,
      46.046294
     ]
    ]
   }
  },
  {
   "type": "Feature",
   "properties": {
    "kind": "closure",
    "name": "Startni prostor Ljubljana (Slovenska/Igriška/Erjavčeva)",
    "note": "Popolna zapora ob startu dirk.",
    "start": "2026-10-03T09:30",
    "end": "2026-10-03T14:30",
    "length_m": 102
   },
   "geometry": {
    "type": "LineString",
    "coordinates": [
     [
      14.501666,
      46.048477
     ],
     [
      14.501473,
      46.048161
     ],
     [
      14.501448,
      46.048119
     ],
     [
      14.501423,
      46.048062
     ],
     [
      14.501377,
      46.047917
     ],
     [
      14.501342,
      46.047767
     ],
     [
      14.501297,
      46.047594
     ]
    ]
   }
  },
  {
   "type": "Feature",
   "properties": {
    "kind": "closure",
    "name": "Startni prostor Ljubljana (Slovenska/Igriška/Erjavčeva)",
    "note": "Popolna zapora ob startu dirk.",
    "start": "2026-10-03T09:30",
    "end": "2026-10-03T14:30",
    "length_m": 30
   },
   "geometry": {
    "type": "LineString",
    "coordinates": [
     [
      14.501297,
      46.047594
     ],
     [
      14.501255,
      46.047437
     ],
     [
      14.501241,
      46.047384
     ],
     [
      14.501227,
      46.047328
     ]
    ]
   }
  },
  {
   "type": "Feature",
   "properties": {
    "kind": "closure",
    "name": "Startni prostor Ljubljana (Slovenska/Igriška/Erjavčeva)",
    "note": "Popolna zapora ob startu dirk.",
    "start": "2026-10-03T09:30",
    "end": "2026-10-03T14:30",
    "length_m": 4
   },
   "geometry": {
    "type": "LineString",
    "coordinates": [
     [
      14.501685,
      46.048509
     ],
     [
      14.501666,
      46.048477
     ]
    ]
   }
  },
  {
   "type": "Feature",
   "properties": {
    "kind": "closure",
    "name": "Startni prostor Ljubljana (Slovenska/Igriška/Erjavčeva)",
    "note": "Popolna zapora ob startu dirk.",
    "start": "2026-10-03T09:30",
    "end": "2026-10-03T14:30",
    "length_m": 66
   },
   "geometry": {
    "type": "LineString",
    "coordinates": [
     [
      14.502349,
      46.049584
     ],
     [
      14.502294,
      46.049494
     ],
     [
      14.502084,
      46.049148
     ],
     [
      14.502044,
      46.049087
     ],
     [
      14.502013,
      46.049035
     ]
    ]
   }
  },
  {
   "type": "Feature",
   "properties": {
    "kind": "closure",
    "name": "Startni prostor Ljubljana (Slovenska/Igriška/Erjavčeva)",
    "note": "Popolna zapora ob startu dirk.",
    "start": "2026-10-03T09:30",
    "end": "2026-10-03T14:30",
    "length_m": 100
   },
   "geometry": {
    "type": "LineString",
    "coordinates": [
     [
      14.502863,
      46.050786
     ],
     [
      14.502869,
      46.050696
     ],
     [
      14.502829,
      46.0506
     ],
     [
      14.502715,
      46.050308
     ],
     [
      14.502627,
      46.050089
     ],
     [
      14.502582,
      46.049996
     ],
     [
      14.502543,
      46.049917
     ]
    ]
   }
  },
  {
   "type": "Feature",
   "properties": {
    "kind": "closure",
    "name": "Startni prostor Ljubljana (Slovenska/Igriška/Erjavčeva)",
    "note": "Popolna zapora ob startu dirk.",
    "start": "2026-10-03T09:30",
    "end": "2026-10-03T14:30",
    "length_m": 40
   },
   "geometry": {
    "type": "LineString",
    "coordinates": [
     [
      14.502543,
      46.049917
     ],
     [
      14.502349,
      46.049584
     ]
    ]
   }
  },
  {
   "type": "Feature",
   "properties": {
    "kind": "closure",
    "name": "Startni prostor Ljubljana (Slovenska/Igriška/Erjavčeva)",
    "note": "Popolna zapora ob startu dirk.",
    "start": "2026-10-04T08:00",
    "end": "2026-10-04T13:30",
    "length_m": 132
   },
   "geometry": {
    "type": "LineString",
    "coordinates": [
     [
      14.499899,
      46.048491
     ],
     [
      14.500028,
      46.04856
     ],
     [
      14.500501,
      46.048814
     ],
     [
      14.501111,
      46.049139
     ],
     [
      14.501251,
      46.049215
     ]
    ]
   }
  },
  {
   "type": "Feature",
   "properties": {
    "kind": "closure",
    "name": "Startni prostor Ljubljana (Slovenska/Igriška/Erjavčeva)",
    "note": "Popolna zapora ob startu dirk.",
    "start": "2026-10-04T08:00",
    "end": "2026-10-04T13:30",
    "length_m": 75
   },
   "geometry": {
    "type": "LineString",
    "coordinates": [
     [
      14.499141,
      46.048075
     ],
     [
      14.499747,
      46.048403
     ],
     [
      14.499899,
      46.048491
     ]
    ]
   }
  },
  {
   "type": "Feature",
   "properties": {
    "kind": "closure",
    "name": "Startni prostor Ljubljana (Slovenska/Igriška/Erjavčeva)",
    "note": "Popolna zapora ob startu dirk.",
    "start": "2026-10-04T08:00",
    "end": "2026-10-04T13:30",
    "length_m": 62
   },
   "geometry": {
    "type": "LineString",
    "coordinates": [
     [
      14.495418,
      46.050525
     ],
     [
      14.494923,
      46.050715
     ],
     [
      14.49472,
      46.050797
     ]
    ]
   }
  },
  {
   "type": "Feature",
   "properties": {
    "kind": "closure",
    "name": "Startni prostor Ljubljana (Slovenska/Igriška/Erjavčeva)",
    "note": "Popolna zapora ob startu dirk.",
    "start": "2026-10-04T08:00",
    "end": "2026-10-04T13:30",
    "length_m": 145
   },
   "geometry": {
    "type": "LineString",
    "coordinates": [
     [
      14.49712,
      46.04998
     ],
     [
      14.496768,
      46.050081
     ],
     [
      14.496714,
      46.050097
     ],
     [
      14.496654,
      46.050114
     ],
     [
      14.496189,
      46.050257
     ],
     [
      14.495816,
      46.050381
     ],
     [
      14.495418,
      46.050525
     ]
    ]
   }
  },
  {
   "type": "Feature",
   "properties": {
    "kind": "closure",
    "name": "Startni prostor Ljubljana (Slovenska/Igriška/Erjavčeva)",
    "note": "Popolna zapora ob startu dirk.",
    "start": "2026-10-04T08:00",
    "end": "2026-10-04T13:30",
    "length_m": 62
   },
   "geometry": {
    "type": "LineString",
    "coordinates": [
     [
      14.501251,
      46.049215
     ],
     [
      14.50126,
      46.049217
     ],
     [
      14.501269,
      46.049218
     ],
     [
      14.50128,
      46.049218
     ],
     [
      14.50129,
      46.049216
     ],
     [
      14.501829,
      46.049083
     ],
     [
      14.501935,
      46.049058
     ],
     [
      14.502013,
      46.049035
     ]
    ]
   }
  },
  {
   "type": "Feature",
   "properties": {
    "kind": "closure",
    "name": "Startni prostor Ljubljana (Slovenska/Igriška/Erjavčeva)",
    "note": "Popolna zapora ob startu dirk.",
    "start": "2026-10-04T08:00",
    "end": "2026-10-04T13:30",
    "length_m": 200
   },
   "geometry": {
    "type": "LineString",
    "coordinates": [
     [
      14.498461,
      46.049685
     ],
     [
      14.498836,
      46.04963
     ],
     [
      14.499179,
      46.04958
     ],
     [
      14.499413,
      46.049546
     ],
     [
      14.499896,
      46.049475
     ],
     [
      14.50022,
      46.049427
     ],
     [
      14.500484,
      46.049389
     ],
     [
      14.500577,
      46.049375
     ],
     [
      14.50099,
      46.049315
     ]
    ]
   }
  },
  {
   "type": "Feature",
   "properties": {
    "kind": "closure",
    "name": "Startni prostor Ljubljana (Slovenska/Igriška/Erjavčeva)",
    "note": "Popolna zapora ob startu dirk.",
    "start": "2026-10-04T08:00",
    "end": "2026-10-04T13:30",
    "length_m": 12
   },
   "geometry": {
    "type": "LineString",
    "coordinates": [
     [
      14.497703,
      46.04982
     ],
     [
      14.497805,
      46.049795
     ],
     [
      14.497827,
      46.04979
     ],
     [
      14.497849,
      46.049785
     ]
    ]
   }
  },
  {
   "type": "Feature",
   "properties": {
    "kind": "closure",
    "name": "Startni prostor Ljubljana (Slovenska/Igriška/Erjavčeva)",
    "note": "Popolna zapora ob startu dirk.",
    "start": "2026-10-04T08:00",
    "end": "2026-10-04T13:30",
    "length_m": 10
   },
   "geometry": {
    "type": "LineString",
    "coordinates": [
     [
      14.497703,
      46.04982
     ],
     [
      14.497608,
      46.049843
     ],
     [
      14.49758,
      46.04985
     ]
    ]
   }
  },
  {
   "type": "Feature",
   "properties": {
    "kind": "closure",
    "name": "Startni prostor Ljubljana (Slovenska/Igriška/Erjavčeva)",
    "note": "Popolna zapora ob startu dirk.",
    "start": "2026-10-04T08:00",
    "end": "2026-10-04T13:30",
    "length_m": 38
   },
   "geometry": {
    "type": "LineString",
    "coordinates": [
     [
      14.49758,
      46.04985
     ],
     [
      14.497532,
      46.049863
     ],
     [
      14.497196,
      46.049959
     ],
     [
      14.49712,
      46.04998
     ]
    ]
   }
  },
  {
   "type": "Feature",
   "properties": {
    "kind": "closure",
    "name": "Startni prostor Ljubljana (Slovenska/Igriška/Erjavčeva)",
    "note": "Popolna zapora ob startu dirk.",
    "start": "2026-10-04T08:00",
    "end": "2026-10-04T13:30",
    "length_m": 49
   },
   "geometry": {
    "type": "LineString",
    "coordinates": [
     [
      14.497849,
      46.049785
     ],
     [
      14.498362,
      46.049701
     ],
     [
      14.498461,
      46.049685
     ]
    ]
   }
  },
  {
   "type": "Feature",
   "properties": {
    "kind": "closure",
    "name": "Startni prostor Ljubljana (Slovenska/Igriška/Erjavčeva)",
    "note": "Popolna zapora ob startu dirk.",
    "start": "2026-10-04T08:00",
    "end": "2026-10-04T13:30",
    "length_m": 8
   },
   "geometry": {
    "type": "LineString",
    "coordinates": [
     [
      14.50099,
      46.049315
     ],
     [
      14.501028,
      46.049309
     ],
     [
      14.501091,
      46.049299
     ]
    ]
   }
  },
  {
   "type": "Feature",
   "properties": {
    "kind": "closure",
    "name": "Startni prostor Ljubljana (Slovenska/Igriška/Erjavčeva)",
    "note": "Popolna zapora ob startu dirk.",
    "start": "2026-10-04T08:00",
    "end": "2026-10-04T13:30",
    "length_m": 63
   },
   "geometry": {
    "type": "LineString",
    "coordinates": [
     [
      14.502013,
      46.049035
     ],
     [
      14.501956,
      46.048947
     ],
     [
      14.501911,
      46.048874
     ],
     [
      14.501794,
      46.048685
     ],
     [
      14.501685,
      46.048509
     ]
    ]
   }
  },
  {
   "type": "Feature",
   "properties": {
    "kind": "closure",
    "name": "Startni prostor Ljubljana (Slovenska/Igriška/Erjavčeva)",
    "note": "Popolna zapora ob startu dirk.",
    "start": "2026-10-04T08:00",
    "end": "2026-10-04T13:30",
    "length_m": 116
   },
   "geometry": {
    "type": "LineString",
    "coordinates": [
     [
      14.501227,
      46.047328
     ],
     [
      14.501216,
      46.047288
     ],
     [
      14.5012,
      46.047225
     ],
     [
      14.501009,
      46.046489
     ],
     [
      14.500991,
      46.04642
     ],
     [
      14.50096,
      46.046294
     ]
    ]
   }
  },
  {
   "type": "Feature",
   "properties": {
    "kind": "closure",
    "name": "Startni prostor Ljubljana (Slovenska/Igriška/Erjavčeva)",
    "note": "Popolna zapora ob startu dirk.",
    "start": "2026-10-04T08:00",
    "end": "2026-10-04T13:30",
    "length_m": 102
   },
   "geometry": {
    "type": "LineString",
    "coordinates": [
     [
      14.501666,
      46.048477
     ],
     [
      14.501473,
      46.048161
     ],
     [
      14.501448,
      46.048119
     ],
     [
      14.501423,
      46.048062
     ],
     [
      14.501377,
      46.047917
     ],
     [
      14.501342,
      46.047767
     ],
     [
      14.501297,
      46.047594
     ]
    ]
   }
  },
  {
   "type": "Feature",
   "properties": {
    "kind": "closure",
    "name": "Startni prostor Ljubljana (Slovenska/Igriška/Erjavčeva)",
    "note": "Popolna zapora ob startu dirk.",
    "start": "2026-10-04T08:00",
    "end": "2026-10-04T13:30",
    "length_m": 30
   },
   "geometry": {
    "type": "LineString",
    "coordinates": [
     [
      14.501297,
      46.047594
     ],
     [
      14.501255,
      46.047437
     ],
     [
      14.501241,
      46.047384
     ],
     [
      14.501227,
      46.047328
     ]
    ]
   }
  },
  {
   "type": "Feature",
   "properties": {
    "kind": "closure",
    "name": "Startni prostor Ljubljana (Slovenska/Igriška/Erjavčeva)",
    "note": "Popolna zapora ob startu dirk.",
    "start": "2026-10-04T08:00",
    "end": "2026-10-04T13:30",
    "length_m": 4
   },
   "geometry": {
    "type": "LineString",
    "coordinates": [
     [
      14.501685,
      46.048509
     ],
     [
      14.501666,
      46.048477
     ]
    ]
   }
  },
  {
   "type": "Feature",
   "properties": {
    "kind": "closure",
    "name": "Startni prostor Ljubljana (Slovenska/Igriška/Erjavčeva)",
    "note": "Popolna zapora ob startu dirk.",
    "start": "2026-10-04T08:00",
    "end": "2026-10-04T13:30",
    "length_m": 66
   },
   "geometry": {
    "type": "LineString",
    "coordinates": [
     [
      14.502349,
      46.049584
     ],
     [
      14.502294,
      46.049494
     ],
     [
      14.502084,
      46.049148
     ],
     [
      14.502044,
      46.049087
     ],
     [
      14.502013,
      46.049035
     ]
    ]
   }
  },
  {
   "type": "Feature",
   "properties": {
    "kind": "closure",
    "name": "Startni prostor Ljubljana (Slovenska/Igriška/Erjavčeva)",
    "note": "Popolna zapora ob startu dirk.",
    "start": "2026-10-04T08:00",
    "end": "2026-10-04T13:30",
    "length_m": 100
   },
   "geometry": {
    "type": "LineString",
    "coordinates": [
     [
      14.502863,
      46.050786
     ],
     [
      14.502869,
      46.050696
     ],
     [
      14.502829,
      46.0506
     ],
     [
      14.502715,
      46.050308
     ],
     [
      14.502627,
      46.050089
     ],
     [
      14.502582,
      46.049996
     ],
     [
      14.502543,
      46.049917
     ]
    ]
   }
  },
  {
   "type": "Feature",
   "properties": {
    "kind": "closure",
    "name": "Startni prostor Ljubljana (Slovenska/Igriška/Erjavčeva)",
    "note": "Popolna zapora ob startu dirk.",
    "start": "2026-10-04T08:00",
    "end": "2026-10-04T13:30",
    "length_m": 40
   },
   "geometry": {
    "type": "LineString",
    "coordinates": [
     [
      14.502543,
      46.049917
     ],
     [
      14.502349,
      46.049584
     ]
    ]
   }
  }
 ]
}